I,deltaT,T_in,pressure_ratio,Qc,Ptec,Qh,T_sat,m_dot_required,COP
7.0,0.0,20,1.1,0.787,0.738,1.525,102.66664677456191,4.40697206980631e-06,1.0663956639566397
7.0,0.0,20,1.2,0.787,0.738,1.525,105.16374456813821,4.277754639458809e-06,1.0663956639566397
7.0,0.0,20,1.3,0.787,0.738,1.525,107.49465184921638,4.163792823221583e-06,1.0663956639566397
7.0,0.0,20,1.4,0.787,0.738,1.525,109.68224258275194,4.062226734616734e-06,1.0663956639566397
7.0,0.0,20,1.5,0.787,0.738,1.525,111.74486049387446,3.970899312276595e-06,1.0663956639566397
7.0,0.0,30,1.1,0.787,0.738,1.525,102.66664677456191,5.01343628212621e-06,1.0663956639566397
7.0,0.0,30,1.2,0.787,0.738,1.525,105.16374456813821,4.8468793769286e-06,1.0663956639566397
7.0,0.0,30,1.3,0.787,0.738,1.525,107.49465184921638,4.701093491572632e-06,1.0663956639566397
7.0,0.0,30,1.4,0.787,0.738,1.525,109.68224258275194,4.572029998549474e-06,1.0663956639566397
7.0,0.0,30,1.5,0.787,0.738,1.525,111.74486049387446,4.456666770718114e-06,1.0663956639566397
7.0,0.0,40,1.1,0.787,0.738,1.525,102.66664677456191,5.813452964072131e-06,1.0663956639566397
7.0,0.0,40,1.2,0.787,0.738,1.525,105.16374456813821,5.5906793855147374e-06,1.0663956639566397
7.0,0.0,40,1.3,0.787,0.738,1.525,107.49465184921638,5.3976069726814635e-06,1.0663956639566397
7.0,0.0,40,1.4,0.787,0.738,1.525,109.68224258275194,5.228155552074808e-06,1.0663956639566397
7.0,0.0,40,1.5,0.787,0.738,1.525,111.74486049387446,5.077849492384794e-06,1.0663956639566397
7.0,2.857142857142857,20,1.1,0.7607142857142857,0.7431428571428571,1.5038571428571428,102.66664677456191,4.3458730659345215e-06,1.0236447520184544
7.0,2.857142857142857,20,1.2,0.7607142857142857,0.7431428571428571,1.5038571428571428,105.16374456813821,4.2184471278297786e-06,1.0236447520184544
7.0,2.857142857142857,20,1.3,0.7607142857142857,0.7431428571428571,1.5038571428571428,107.49465184921638,4.106065297428909e-06,1.0236447520184544
7.0,2.857142857142857,20,1.4,0.7607142857142857,0.7431428571428571,1.5038571428571428,109.68224258275194,4.005907338202375e-06,1.0236447520184544
7.0,2.857142857142857,20,1.5,0.7607142857142857,0.7431428571428571,1.5038571428571428,111.74486049387446,3.915846094645032e-06,1.0236447520184544
7.0,2.857142857142857,30,1.1,0.7607142857142857,0.7431428571428571,1.5038571428571428,102.66664677456191,4.943929156153874e-06,1.0236447520184544
7.0,2.857142857142857,30,1.2,0.7607142857142857,0.7431428571428571,1.5038571428571428,105.16374456813821,4.779681423974462e-06,1.0236447520184544
7.0,2.857142857142857,30,1.3,0.7607142857142857,0.7431428571428571,1.5038571428571428,107.49465184921638,4.6359167387152315e-06,1.0236447520184544
7.0,2.857142857142857,30,1.4,0.7607142857142857,0.7431428571428571,1.5038571428571428,109.68224258275194,4.508642603721809e-06,1.0236447520184544
7.0,2.857142857142857,30,1.5,0.7607142857142857,0.7431428571428571,1.5038571428571428,111.74486049387446,4.394878791133451e-06,1.0236447520184544
7.0,2.857142857142857,40,1.1,0.7607142857142857,0.7431428571428571,1.5038571428571428,102.66664677456191,5.732854271923871e-06,1.0236447520184544
7.0,2.857142857142857,40,1.2,0.7607142857142857,0.7431428571428571,1.5038571428571428,105.16374456813821,5.5131692638232915e-06,1.0236447520184544
7.0,2.857142857142857,40,1.3,0.7607142857142857,0.7431428571428571,1.5038571428571428,107.49465184921638,5.322773639477074e-06,1.0236447520184544
7.0,2.857142857142857,40,1.4,0.7607142857142857,0.7431428571428571,1.5038571428571428,109.68224258275194,5.155671521938315e-06,1.0236447520184544
7.0,2.857142857142857,40,1.5,0.7607142857142857,0.7431428571428571,1.5038571428571428,111.74486049387446,5.00744933080419e-06,1.0236447520184544
7.0,5.714285714285714,20,1.1,0.7344285714285714,0.7482857142857142,1.4827142857142857,102.66664677456191,4.284774062062734e-06,0.9814814814814816
7.0,5.714285714285714,20,1.2,0.7344285714285714,0.7482857142857142,1.4827142857142857,105.16374456813821,4.159139616200748e-06,0.9814814814814816
7.0,5.714285714285714,20,1.3,0.7344285714285714,0.7482857142857142,1.4827142857142857,107.49465184921638,4.048337771636235e-06,0.9814814814814816
7.0,5.714285714285714,20,1.4,0.7344285714285714,0.7482857142857142,1.4827142857142857,109.68224258275194,3.949587941788017e-06,0.9814814814814816
7.0,5.714285714285714,20,1.5,0.7344285714285714,0.7482857142857142,1.4827142857142857,111.74486049387446,3.8607928770134685e-06,0.9814814814814816
7.0,5.714285714285714,30,1.1,0.7344285714285714,0.7482857142857142,1.4827142857142857,102.66664677456191,4.8744220301815394e-06,0.9814814814814816
7.0,5.714285714285714,30,1.2,0.7344285714285714,0.7482857142857142,1.4827142857142857,105.16374456813821,4.712483471020323e-06,0.9814814814814816
7.0,5.714285714285714,30,1.3,0.7344285714285714,0.7482857142857142,1.4827142857142857,107.49465184921638,4.5707399858578316e-06,0.9814814814814816
7.0,5.714285714285714,30,1.4,0.7344285714285714,0.7482857142857142,1.4827142857142857,109.68224258275194,4.445255208894145e-06,0.9814814814814816
7.0,5.714285714285714,30,1.5,0.7344285714285714,0.7482857142857142,1.4827142857142857,111.74486049387446,4.3330908115487874e-06,0.9814814814814816
7.0,5.714285714285714,40,1.1,0.7344285714285714,0.7482857142857142,1.4827142857142857,102.66664677456191,5.652255579775611e-06,0.9814814814814816
7.0,5.714285714285714,40,1.2,0.7344285714285714,0.7482857142857142,1.4827142857142857,105.16374456813821,5.435659142131846e-06,0.9814814814814816
7.0,5.714285714285714,40,1.3,0.7344285714285714,0.7482857142857142,1.4827142857142857,107.49465184921638,5.247940306272685e-06,0.9814814814814816
7.0,5.714285714285714,40,1.4,0.7344285714285714,0.7482857142857142,1.4827142857142857,109.68224258275194,5.083187491801821e-06,0.9814814814814816
7.0,5.714285714285714,40,1.5,0.7344285714285714,0.7482857142857142,1.4827142857142857,111.74486049387446,4.937049169223586e-06,0.9814814814814816
7.0,8.571428571428571,20,1.1,0.7081428571428571,0.7534285714285714,1.4615714285714285,102.66664677456191,4.2236750581909465e-06,0.939893818733409
7.0,8.571428571428571,20,1.2,0.7081428571428571,0.7534285714285714,1.4615714285714285,105.16374456813821,4.099832104571717e-06,0.939893818733409
7.0,8.571428571428571,20,1.3,0.7081428571428571,0.7534285714285714,1.4615714285714285,107.49465184921638,3.990610245843561e-06,0.939893818733409
7.0,8.571428571428571,20,1.4,0.7081428571428571,0.7534285714285714,1.4615714285714285,109.68224258275194,3.893268545373659e-06,0.939893818733409
7.0,8.571428571428571,20,1.5,0.7081428571428571,0.7534285714285714,1.4615714285714285,111.74486049387446,3.8057396593819058e-06,0.939893818733409
7.0,8.571428571428571,30,1.1,0.7081428571428571,0.7534285714285714,1.4615714285714285,102.66664677456191,4.804914904209204e-06,0.939893818733409
7.0,8.571428571428571,30,1.2,0.7081428571428571,0.7534285714285714,1.4615714285714285,105.16374456813821,4.645285518066184e-06,0.939893818733409
7.0,8.571428571428571,30,1.3,0.7081428571428571,0.7534285714285714,1.4615714285714285,107.49465184921638,4.505563233000431e-06,0.939893818733409
7.0,8.571428571428571,30,1.4,0.7081428571428571,0.7534285714285714,1.4615714285714285,109.68224258275194,4.38186781406648e-06,0.939893818733409
7.0,8.571428571428571,30,1.5,0.7081428571428571,0.7534285714285714,1.4615714285714285,111.74486049387446,4.271302831964124e-06,0.939893818733409
7.0,8.571428571428571,40,1.1,0.7081428571428571,0.7534285714285714,1.4615714285714285,102.66664677456191,5.571656887627351e-06,0.939893818733409
7.0,8.571428571428571,40,1.2,0.7081428571428571,0.7534285714285714,1.4615714285714285,105.16374456813821,5.3581490204404e-06,0.939893818733409
7.0,8.571428571428571,40,1.3,0.7081428571428571,0.7534285714285714,1.4615714285714285,107.49465184921638,5.173106973068296e-06,0.939893818733409
7.0,8.571428571428571,40,1.4,0.7081428571428571,0.7534285714285714,1.4615714285714285,109.68224258275194,5.010703461665327e-06,0.939893818733409
7.0,8.571428571428571,40,1.5,0.7081428571428571,0.7534285714285714,1.4615714285714285,111.74486049387446,4.866649007642981e-06,0.939893818733409
7.0,11.428571428571429,20,1.1,0.6817142857142856,0.7585714285714286,1.4402857142857142,102.66664677456191,4.1621632232119165e-06,0.8986817325800376
7.0,11.428571428571429,20,1.2,0.6817142857142856,0.7585714285714286,1.4402857142857142,105.16374456813821,4.04012386651276e-06,0.8986817325800376
7.0,11.428571428571429,20,1.3,0.6817142857142856,0.7585714285714286,1.4402857142857142,107.49465184921638,3.932492669200937e-06,0.8986817325800376
7.0,11.428571428571429,20,1.4,0.6817142857142856,0.7585714285714286,1.4402857142857142,109.68224258275194,3.8365686124970405e-06,0.8986817325800376
7.0,11.428571428571429,20,1.5,0.6817142857142856,0.7585714285714286,1.4402857142857142,111.74486049387446,3.750314460550129e-06,0.8986817325800376
7.0,11.428571428571429,30,1.1,0.6817142857142856,0.7585714285714286,1.4402857142857142,102.66664677456191,4.734938135493812e-06,0.8986817325800376
7.0,11.428571428571429,30,1.2,0.6817142857142856,0.7585714285714286,1.4402857142857142,105.16374456813821,4.577633524889382e-06,0.8986817325800376
7.0,11.428571428571429,30,1.3,0.6817142857142856,0.7585714285714286,1.4402857142857142,107.49465184921638,4.439946096677778e-06,0.8986817325800376
7.0,11.428571428571429,30,1.4,0.6817142857142856,0.7585714285714286,1.4402857142857142,109.68224258275194,4.31805212603052e-06,0.8986817325800376
7.0,11.428571428571429,30,1.5,0.6817142857142856,0.7585714285714286,1.4402857142857142,111.74486049387446,4.209097366030916e-06,0.8986817325800376
7.0,11.428571428571429,40,1.1,0.6817142857142856,0.7585714285714286,1.4402857142857142,102.66664677456191,5.490513609721332e-06,0.8986817325800376
7.0,11.428571428571429,40,1.2,0.6817142857142856,0.7585714285714286,1.4402857142857142,105.16374456813821,5.280115181710499e-06,0.8986817325800376
7.0,11.428571428571429,40,1.3,0.6817142857142856,0.7585714285714286,1.4402857142857142,107.49465184921638,5.097768009234146e-06,0.8986817325800376
7.0,11.428571428571429,40,1.4,0.6817142857142856,0.7585714285714286,1.4402857142857142,109.68224258275194,4.9377296745684515e-06,0.8986817325800376
7.0,11.428571428571429,40,1.5,0.6817142857142856,0.7585714285714286,1.4402857142857142,111.74486049387446,4.7957731692949405e-06,0.8986817325800376
7.0,14.285714285714286,20,1.1,0.6551428571428571,0.7637142857142858,1.418857142857143,102.66664677456191,4.1002385571256465e-06,0.8578376356154133
7.0,14.285714285714286,20,1.2,0.6551428571428571,0.7637142857142858,1.418857142857143,105.16374456813821,3.980014902023879e-06,0.8578376356154133
7.0,14.285714285714286,20,1.3,0.6551428571428571,0.7637142857142858,1.418857142857143,107.49465184921638,3.873985041708363e-06,0.8578376356154133
7.0,14.285714285714286,20,1.4,0.6551428571428571,0.7637142857142858,1.418857142857143,109.68224258275194,3.7794881431581646e-06,0.8578376356154133
7.0,14.285714285714286,20,1.5,0.6551428571428571,0.7637142857142858,1.418857142857143,111.74486049387446,3.69451728051814e-06,0.8578376356154133
7.0,14.285714285714286,30,1.1,0.6551428571428571,0.7637142857142858,1.418857142857143,102.66664677456191,4.664491724035365e-06,0.8578376356154133
7.0,14.285714285714286,30,1.2,0.6551428571428571,0.7637142857142858,1.418857142857143,105.16374456813821,4.5095274914899176e-06,0.8578376356154133
7.0,14.285714285714286,30,1.3,0.6551428571428571,0.7637142857142858,1.418857142857143,107.49465184921638,4.373888576889872e-06,0.8578376356154133
7.0,14.285714285714286,30,1.4,0.6551428571428571,0.7637142857142858,1.418857142857143,109.68224258275194,4.253808144786266e-06,0.8578376356154133
7.0,14.285714285714286,30,1.5,0.6551428571428571,0.7637142857142858,1.418857142857143,111.74486049387446,4.146474413749164e-06,0.8578376356154133
7.0,14.285714285714286,40,1.1,0.6551428571428571,0.7637142857142858,1.418857142857143,102.66664677456191,5.4088257460575565e-06,0.8578376356154133
7.0,14.285714285714286,40,1.2,0.6551428571428571,0.7637142857142858,1.418857142857143,105.16374456813821,5.201557625942143e-06,0.8578376356154133
7.0,14.285714285714286,40,1.3,0.6551428571428571,0.7637142857142858,1.418857142857143,107.49465184921638,5.021923414770239e-06,0.8578376356154133
7.0,14.285714285714286,40,1.4,0.6551428571428571,0.7637142857142858,1.418857142857143,109.68224258275194,4.864266130511195e-06,0.8578376356154133
7.0,14.285714285714286,40,1.5,0.6551428571428571,0.7637142857142858,1.418857142857143,111.74486049387446,4.724421654179464e-06,0.8578376356154133
7.0,17.142857142857142,20,1.1,0.6285714285714286,0.7688571428571429,1.3974285714285715,102.66664677456191,4.038313891039375e-06,0.8175399479747305
7.0,17.142857142857142,20,1.2,0.6285714285714286,0.7688571428571429,1.3974285714285715,105.16374456813821,3.9199059375349955e-06,0.8175399479747305
7.0,17.142857142857142,20,1.3,0.6285714285714286,0.7688571428571429,1.3974285714285715,107.49465184921638,3.815477414215787e-06,0.8175399479747305
7.0,17.142857142857142,20,1.4,0.6285714285714286,0.7688571428571429,1.3974285714285715,109.68224258275194,3.7224076738192875e-06,0.8175399479747305
7.0,17.142857142857142,20,1.5,0.6285714285714286,0.7688571428571429,1.3974285714285715,111.74486049387446,3.6387201004861504e-06,0.8175399479747305
7.0,17.142857142857142,30,1.1,0.6285714285714286,0.7688571428571429,1.3974285714285715,102.66664677456191,4.594045312576917e-06,0.8175399479747305
7.0,17.142857142857142,30,1.2,0.6285714285714286,0.7688571428571429,1.3974285714285715,105.16374456813821,4.441421458090452e-06,0.8175399479747305
7.0,17.142857142857142,30,1.3,0.6285714285714286,0.7688571428571429,1.3974285714285715,107.49465184921638,4.307831057101967e-06,0.8175399479747305
7.0,17.142857142857142,30,1.4,0.6285714285714286,0.7688571428571429,1.3974285714285715,109.68224258275194,4.189564163542011e-06,0.8175399479747305
7.0,17.142857142857142,30,1.5,0.6285714285714286,0.7688571428571429,1.3974285714285715,111.74486049387446,4.08385146146741e-06,0.8175399479747305
7.0,17.142857142857142,40,1.1,0.6285714285714286,0.7688571428571429,1.3974285714285715,102.66664677456191,5.327137882393779e-06,0.8175399479747305
7.0,17.142857142857142,40,1.2,0.6285714285714286,0.7688571428571429,1.3974285714285715,105.16374456813821,5.123000070173786e-06,0.8175399479747305
7.0,17.142857142857142,40,1.3,0.6285714285714286,0.7688571428571429,1.3974285714285715,107.49465184921638,4.946078820306331e-06,0.8175399479747305
7.0,17.142857142857142,40,1.4,0.6285714285714286,0.7688571428571429,1.3974285714285715,109.68224258275194,4.7908025864539375e-06,0.8175399479747305
7.0,17.142857142857142,40,1.5,0.6285714285714286,0.7688571428571429,1.3974285714285715,111.74486049387446,4.653070139063986e-06,0.8175399479747305
7.0,20.0,20,1.1,0.602,0.774,1.376,102.66664677456191,3.976389224953103e-06,0.7777777777777777
7.0,20.0,20,1.2,0.602,0.774,1.376,105.16374456813821,3.859796973046112e-06,0.7777777777777777
7.0,20.0,20,1.3,0.602,0.774,1.376,107.49465184921638,3.7569697867232116e-06,0.7777777777777777
7.0,20.0,20,1.4,0.602,0.774,1.376,109.68224258275194,3.6653272044804103e-06,0.7777777777777777
7.0,20.0,20,1.5,0.602,0.774,1.376,111.74486049387446,3.58292292045416e-06,0.7777777777777777
7.0,20.0,30,1.1,0.602,0.774,1.376,102.66664677456191,4.523598901118468e-06,0.7777777777777777
7.0,20.0,30,1.2,0.602,0.774,1.376,105.16374456813821,4.373315424690987e-06,0.7777777777777777
7.0,20.0,30,1.3,0.602,0.774,1.376,107.49465184921638,4.24177353731406e-06,0.7777777777777777
7.0,20.0,30,1.4,0.602,0.774,1.376,109.68224258275194,4.125320182297755e-06,0.7777777777777777
7.0,20.0,30,1.5,0.602,0.774,1.376,111.74486049387446,4.021228509185656e-06,0.7777777777777777
7.0,20.0,40,1.1,0.602,0.774,1.376,102.66664677456191,5.2454500187300015e-06,0.7777777777777777
7.0,20.0,40,1.2,0.602,0.774,1.376,105.16374456813821,5.044442514405428e-06,0.7777777777777777
7.0,20.0,40,1.3,0.602,0.774,1.376,107.49465184921638,4.870234225842422e-06,0.7777777777777777
7.0,20.0,40,1.4,0.602,0.774,1.376,109.68224258275194,4.71733904239668e-06,0.7777777777777777
7.0,20.0,40,1.5,0.602,0.774,1.376,111.74486049387446,4.581718623948508e-06,0.7777777777777777
7.0,22.857142857142858,20,1.1,0.5754285714285714,0.7791428571428571,1.3545714285714285,102.66664677456191,3.9144645588668314e-06,0.7385405207187385
7.0,22.857142857142858,20,1.2,0.5754285714285714,0.7791428571428571,1.3545714285714285,105.16374456813821,3.7996880085572303e-06,0.7385405207187385
7.0,22.857142857142858,20,1.3,0.5754285714285714,0.7791428571428571,1.3545714285714285,107.49465184921638,3.6984621592306372e-06,0.7385405207187385
7.0,22.857142857142858,20,1.4,0.5754285714285714,0.7791428571428571,1.3545714285714285,109.68224258275194,3.6082467351415335e-06,0.7385405207187385
7.0,22.857142857142858,20,1.5,0.5754285714285714,0.7791428571428571,1.3545714285714285,111.74486049387446,3.527125740422171e-06,0.7385405207187385
7.0,22.857142857142858,30,1.1,0.5754285714285714,0.7791428571428571,1.3545714285714285,102.66664677456191,4.453152489660021e-06,0.7385405207187385
7.0,22.857142857142858,30,1.2,0.5754285714285714,0.7791428571428571,1.3545714285714285,105.16374456813821,4.305209391291521e-06,0.7385405207187385
7.0,22.857142857142858,30,1.3,0.5754285714285714,0.7791428571428571,1.3545714285714285,107.49465184921638,4.1757160175261545e-06,0.7385405207187385
7.0,22.857142857142858,30,1.4,0.5754285714285714,0.7791428571428571,1.3545714285714285,109.68224258275194,4.061076201053501e-06,0.7385405207187385
7.0,22.857142857142858,30,1.5,0.5754285714285714,0.7791428571428571,1.3545714285714285,111.74486049387446,3.958605556903903e-06,0.7385405207187385
7.0,22.857142857142858,40,1.1,0.5754285714285714,0.7791428571428571,1.3545714285714285,102.66664677456191,5.163762155066225e-06,0.7385405207187385
7.0,22.857142857142858,40,1.2,0.5754285714285714,0.7791428571428571,1.3545714285714285,105.16374456813821,4.965884958637071e-06,0.7385405207187385
7.0,22.857142857142858,40,1.3,0.5754285714285714,0.7791428571428571,1.3545714285714285,107.49465184921638,4.794389631378514e-06,0.7385405207187385
7.0,22.857142857142858,40,1.4,0.5754285714285714,0.7791428571428571,1.3545714285714285,109.68224258275194,4.643875498339423e-06,0.7385405207187385
7.0,22.857142857142858,40,1.5,0.5754285714285714,0.7791428571428571,1.3545714285714285,111.74486049387446,4.510367108833032e-06,0.7385405207187385
7.0,25.714285714285715,20,1.1,0.5488571428571429,0.7842857142857144,1.3331428571428572,102.66664677456191,3.852539892780561e-06,0.6998178506375228
7.0,25.714285714285715,20,1.2,0.5488571428571429,0.7842857142857144,1.3331428571428572,105.16374456813821,3.739579044068348e-06,0.6998178506375228
7.0,25.714285714285715,20,1.3,0.5488571428571429,0.7842857142857144,1.3331428571428572,107.49465184921638,3.6399545317380624e-06,0.6998178506375228
7.0,25.714285714285715,20,1.4,0.5488571428571429,0.7842857142857144,1.3331428571428572,109.68224258275194,3.551166265802657e-06,0.6998178506375228
7.0,25.714285714285715,20,1.5,0.5488571428571429,0.7842857142857144,1.3331428571428572,111.74486049387446,3.4713285603901815e-06,0.6998178506375228
7.0,25.714285714285715,30,1.1,0.5488571428571429,0.7842857142857144,1.3331428571428572,102.66664677456191,4.382706078201573e-06,0.6998178506375228
7.0,25.714285714285715,30,1.2,0.5488571428571429,0.7842857142857144,1.3331428571428572,105.16374456813821,4.237103357892057e-06,0.6998178506375228
7.0,25.714285714285715,30,1.3,0.5488571428571429,0.7842857142857144,1.3331428571428572,107.49465184921638,4.109658497738249e-06,0.6998178506375228
7.0,25.714285714285715,30,1.4,0.5488571428571429,0.7842857142857144,1.3331428571428572,109.68224258275194,3.996832219809246e-06,0.6998178506375228
7.0,25.714285714285715,30,1.5,0.5488571428571429,0.7842857142857144,1.3331428571428572,111.74486049387446,3.8959826046221496e-06,0.6998178506375228
7.0,25.714285714285715,40,1.1,0.5488571428571429,0.7842857142857144,1.3331428571428572,102.66664677456191,5.082074291402447e-06,0.6998178506375228
7.0,25.714285714285715,40,1.2,0.5488571428571429,0.7842857142857144,1.3331428571428572,105.16374456813821,4.887327402868715e-06,0.6998178506375228
7.0,25.714285714285715,40,1.3,0.5488571428571429,0.7842857142857144,1.3331428571428572,107.49465184921638,4.718545036914606e-06,0.6998178506375228
7.0,25.714285714285715,40,1.4,0.5488571428571429,0.7842857142857144,1.3331428571428572,109.68224258275194,4.570411954282166e-06,0.6998178506375228
7.0,25.714285714285715,40,1.5,0.5488571428571429,0.7842857142857144,1.3331428571428572,111.74486049387446,4.439015593717555e-06,0.6998178506375228
7.0,28.571428571428573,20,1.1,0.5222857142857142,0.7894285714285715,1.3117142857142858,102.66664677456191,3.7906152266942893e-06,0.6615997104596452
7.0,28.571428571428573,20,1.2,0.5222857142857142,0.7894285714285715,1.3117142857142858,105.16374456813821,3.6794700795794655e-06,0.6615997104596452
7.0,28.571428571428573,20,1.3,0.5222857142857142,0.7894285714285715,1.3117142857142858,107.49465184921638,3.5814469042454875e-06,0.6615997104596452
7.0,28.571428571428573,20,1.4,0.5222857142857142,0.7894285714285715,1.3117142857142858,109.68224258275194,3.4940857964637805e-06,0.6615997104596452
7.0,28.571428571428573,20,1.5,0.5222857142857142,0.7894285714285715,1.3117142857142858,111.74486049387446,3.415531380358192e-06,0.6615997104596452
7.0,28.571428571428573,30,1.1,0.5222857142857142,0.7894285714285715,1.3117142857142858,102.66664677456191,4.312259666743125e-06,0.6615997104596452
7.0,28.571428571428573,30,1.2,0.5222857142857142,0.7894285714285715,1.3117142857142858,105.16374456813821,4.1689973244925914e-06,0.6615997104596452
7.0,28.571428571428573,30,1.3,0.5222857142857142,0.7894285714285715,1.3117142857142858,107.49465184921638,4.043600977950343e-06,0.6615997104596452
7.0,28.571428571428573,30,1.4,0.5222857142857142,0.7894285714285715,1.3117142857142858,109.68224258275194,3.932588238564991e-06,0.6615997104596452
7.0,28.571428571428573,30,1.5,0.5222857142857142,0.7894285714285715,1.3117142857142858,111.74486049387446,3.8333596523403965e-06,0.6615997104596452
7.0,28.571428571428573,40,1.1,0.5222857142857142,0.7894285714285715,1.3117142857142858,102.66664677456191,5.000386427738671e-06,0.6615997104596452
7.0,28.571428571428573,40,1.2,0.5222857142857142,0.7894285714285715,1.3117142857142858,105.16374456813821,4.808769847100358e-06,0.6615997104596452
7.0,28.571428571428573,40,1.3,0.5222857142857142,0.7894285714285715,1.3117142857142858,107.49465184921638,4.642700442450698e-06,0.6615997104596452
7.0,28.571428571428573,40,1.4,0.5222857142857142,0.7894285714285715,1.3117142857142858,109.68224258275194,4.4969484102249086e-06,0.6615997104596452
7.0,28.571428571428573,40,1.5,0.5222857142857142,0.7894285714285715,1.3117142857142858,111.74486049387446,4.367664078602078e-06,0.6615997104596452
7.0,31.42857142857143,20,1.1,0.496,0.7944285714285715,1.2904285714285715,102.66664677456191,3.7291033917152597e-06,0.6243481388239525
7.0,31.42857142857143,20,1.2,0.496,0.7944285714285715,1.2904285714285715,105.16374456813821,3.6197618415205085e-06,0.6243481388239525
7.0,31.42857142857143,20,1.3,0.496,0.7944285714285715,1.2904285714285715,107.49465184921638,3.523329327602863e-06,0.6243481388239525
7.0,31.42857142857143,20,1.4,0.496,0.7944285714285715,1.2904285714285715,109.68224258275194,3.4373858635871624e-06,0.6243481388239525
7.0,31.42857142857143,20,1.5,0.496,0.7944285714285715,1.2904285714285715,111.74486049387446,3.3601061815264154e-06,0.6243481388239525
7.0,31.42857142857143,30,1.1,0.496,0.7944285714285715,1.2904285714285715,102.66664677456191,4.242282898027733e-06,0.6243481388239525
7.0,31.42857142857143,30,1.2,0.496,0.7944285714285715,1.2904285714285715,105.16374456813821,4.101345331315789e-06,0.6243481388239525
7.0,31.42857142857143,30,1.3,0.496,0.7944285714285715,1.2904285714285715,107.49465184921638,3.9779838416276895e-06,0.6243481388239525
7.0,31.42857142857143,30,1.4,0.496,0.7944285714285715,1.2904285714285715,109.68224258275194,3.868772550529031e-06,0.6243481388239525
7.0,31.42857142857143,30,1.5,0.496,0.7944285714285715,1.2904285714285715,111.74486049387446,3.771154186407188e-06,0.6243481388239525
7.0,31.42857142857143,40,1.1,0.496,0.7944285714285715,1.2904285714285715,102.66664677456191,4.919243149832652e-06,0.6243481388239525
7.0,31.42857142857143,40,1.2,0.496,0.7944285714285715,1.2904285714285715,105.16374456813821,4.730736008370457e-06,0.6243481388239525
7.0,31.42857142857143,40,1.3,0.496,0.7944285714285715,1.2904285714285715,107.49465184921638,4.567361478616549e-06,0.6243481388239525
7.0,31.42857142857143,40,1.4,0.496,0.7944285714285715,1.2904285714285715,109.68224258275194,4.423974623128033e-06,0.6243481388239525
7.0,31.42857142857143,40,1.5,0.496,0.7944285714285715,1.2904285714285715,111.74486049387446,4.296788240254037e-06,0.6243481388239525
7.0,34.285714285714285,20,1.1,0.47000000000000003,0.7992857142857144,1.2692857142857144,102.66664677456191,3.6680043878434722e-06,0.5880250223413762
7.0,34.285714285714285,20,1.2,0.47000000000000003,0.7992857142857144,1.2692857142857144,105.16374456813821,3.560454329891478e-06,0.5880250223413762
7.0,34.285714285714285,20,1.3,0.47000000000000003,0.7992857142857144,1.2692857142857144,107.49465184921638,3.465601801810189e-06,0.5880250223413762
7.0,34.285714285714285,20,1.4,0.47000000000000003,0.7992857142857144,1.2692857142857144,109.68224258275194,3.381066467172804e-06,0.5880250223413762
7.0,34.285714285714285,20,1.5,0.47000000000000003,0.7992857142857144,1.2692857142857144,111.74486049387446,3.3050529638948523e-06,0.5880250223413762
7.0,34.285714285714285,30,1.1,0.47000000000000003,0.7992857142857144,1.2692857142857144,102.66664677456191,4.172775772055398e-06,0.5880250223413762
7.0,34.285714285714285,30,1.2,0.47000000000000003,0.7992857142857144,1.2692857142857144,105.16374456813821,4.034147378361651e-06,0.5880250223413762
7.0,34.285714285714285,30,1.3,0.47000000000000003,0.7992857142857144,1.2692857142857144,107.49465184921638,3.9128070887702896e-06,0.5880250223413762
7.0,34.285714285714285,30,1.4,0.47000000000000003,0.7992857142857144,1.2692857142857144,109.68224258275194,3.8053851557013662e-06,0.5880250223413762
7.0,34.285714285714285,30,1.5,0.47000000000000003,0.7992857142857144,1.2692857142857144,111.74486049387446,3.7093662068225245e-06,0.5880250223413762
7.0,34.285714285714285,40,1.1,0.47000000000000003,0.7992857142857144,1.2692857142857144,102.66664677456191,4.838644457684392e-06,0.5880250223413762
7.0,34.285714285714285,40,1.2,0.47000000000000003,0.7992857142857144,1.2692857142857144,105.16374456813821,4.653225886679011e-06,0.5880250223413762
7.0,34.285714285714285,40,1.3,0.47000000000000003,0.7992857142857144,1.2692857142857144,107.49465184921638,4.49252814541216e-06,0.5880250223413762
7.0,34.285714285714285,40,1.4,0.47000000000000003,0.7992857142857144,1.2692857142857144,109.68224258275194,4.351490592991539e-06,0.5880250223413762
7.0,34.285714285714285,40,1.5,0.47000000000000003,0.7992857142857144,1.2692857142857144,111.74486049387446,4.226388078673433e-06,0.5880250223413762
7.0,37.142857142857146,20,1.1,0.44399999999999995,0.8041428571428572,1.2481428571428572,102.66664677456191,3.6069053839716843e-06,0.5521406999467044
7.0,37.142857142857146,20,1.2,0.44399999999999995,0.8041428571428572,1.2481428571428572,105.16374456813821,3.5011468182624473e-06,0.5521406999467044
7.0,37.142857142857146,20,1.3,0.44399999999999995,0.8041428571428572,1.2481428571428572,107.49465184921638,3.4078742760175152e-06,0.5521406999467044
7.0,37.142857142857146,20,1.4,0.44399999999999995,0.8041428571428572,1.2481428571428572,109.68224258275194,3.3247470707584456e-06,0.5521406999467044
7.0,37.142857142857146,20,1.5,0.44399999999999995,0.8041428571428572,1.2481428571428572,111.74486049387446,3.2499997462632895e-06,0.5521406999467044
7.0,37.142857142857146,30,1.1,0.44399999999999995,0.8041428571428572,1.2481428571428572,102.66664677456191,4.103268646083063e-06,0.5521406999467044
7.0,37.142857142857146,30,1.2,0.44399999999999995,0.8041428571428572,1.2481428571428572,105.16374456813821,3.966949425407512e-06,0.5521406999467044
7.0,37.142857142857146,30,1.3,0.44399999999999995,0.8041428571428572,1.2481428571428572,107.49465184921638,3.847630335912889e-06,0.5521406999467044
7.0,37.142857142857146,30,1.4,0.44399999999999995,0.8041428571428572,1.2481428571428572,109.68224258275194,3.741997760873701e-06,0.5521406999467044
7.0,37.142857142857146,30,1.5,0.44399999999999995,0.8041428571428572,1.2481428571428572,111.74486049387446,3.647578227237861e-06,0.5521406999467044
7.0,37.142857142857146,40,1.1,0.44399999999999995,0.8041428571428572,1.2481428571428572,102.66664677456191,4.758045765536133e-06,0.5521406999467044
7.0,37.142857142857146,40,1.2,0.44399999999999995,0.8041428571428572,1.2481428571428572,105.16374456813821,4.575715764987566e-06,0.5521406999467044
7.0,37.142857142857146,40,1.3,0.44399999999999995,0.8041428571428572,1.2481428571428572,107.49465184921638,4.417694812207771e-06,0.5521406999467044
7.0,37.142857142857146,40,1.4,0.44399999999999995,0.8041428571428572,1.2481428571428572,109.68224258275194,4.279006562855045e-06,0.5521406999467044
7.0,37.142857142857146,40,1.5,0.44399999999999995,0.8041428571428572,1.2481428571428572,111.74486049387446,4.155987917092829e-06,0.5521406999467044
7.0,40.0,20,1.1,0.418,0.809,1.227,102.66664677456191,3.545806380099897e-06,0.5166872682323856
7.0,40.0,20,1.2,0.418,0.809,1.227,105.16374456813821,3.441839306633416e-06,0.5166872682323856
7.0,40.0,20,1.3,0.418,0.809,1.227,107.49465184921638,3.3501467502248414e-06,0.5166872682323856
7.0,40.0,20,1.4,0.418,0.809,1.227,109.68224258275194,3.268427674344087e-06,0.5166872682323856
7.0,40.0,20,1.5,0.418,0.809,1.227,111.74486049387446,3.1949465286317264e-06,0.5166872682323856
7.0,40.0,30,1.1,0.418,0.809,1.227,102.66664677456191,4.033761520110728e-06,0.5166872682323856
7.0,40.0,30,1.2,0.418,0.809,1.227,105.16374456813821,3.899751472453373e-06,0.5166872682323856
7.0,40.0,30,1.3,0.418,0.809,1.227,107.49465184921638,3.7824535830554888e-06,0.5166872682323856
7.0,40.0,30,1.4,0.418,0.809,1.227,109.68224258275194,3.6786103660460366e-06,0.5166872682323856
7.0,40.0,30,1.5,0.418,0.809,1.227,111.74486049387446,3.585790247653198e-06,0.5166872682323856
7.0,40.0,40,1.1,0.418,0.809,1.227,102.66664677456191,4.677447073387873e-06,0.5166872682323856
7.0,40.0,40,1.2,0.418,0.809,1.227,105.16374456813821,4.49820564329612e-06,0.5166872682323856
7.0,40.0,40,1.3,0.418,0.809,1.227,107.49465184921638,4.3428614790033814e-06,0.5166872682323856
7.0,40.0,40,1.4,0.418,0.809,1.227,109.68224258275194,4.206522532718551e-06,0.5166872682323856
7.0,40.0,40,1.5,0.418,0.809,1.227,111.74486049387446,4.085587755512225e-06,0.5166872682323856
7.08421052631579,0.0,20,1.1,0.7913911961722488,0.758088038277512,1.5494792344497608,102.66664677456191,4.4777125960425955e-06,1.0439304621801004
7.08421052631579,0.0,20,1.2,0.7913911961722488,0.758088038277512,1.5494792344497608,105.16374456813821,4.3464209730574095e-06,1.0439304621801004
7.08421052631579,0.0,20,1.3,0.7913911961722488,0.758088038277512,1.5494792344497608,107.49465184921638,4.2306298466444505e-06,1.0439304621801004
7.08421052631579,0.0,20,1.4,0.7913911961722488,0.758088038277512,1.5494792344497608,109.68224258275194,4.127433423551009e-06,1.0439304621801004
7.08421052631579,0.0,20,1.5,0.7913911961722488,0.758088038277512,1.5494792344497608,111.74486049387446,4.034640017353062e-06,1.0439304621801004
7.08421052631579,0.0,30,1.1,0.7913911961722488,0.758088038277512,1.5494792344497608,102.66664677456191,5.0939117458305406e-06,1.0439304621801004
7.08421052631579,0.0,30,1.2,0.7913911961722488,0.758088038277512,1.5494792344497608,105.16374456813821,4.924681276349942e-06,1.0439304621801004
7.08421052631579,0.0,30,1.3,0.7913911961722488,0.758088038277512,1.5494792344497608,107.49465184921638,4.776555242228666e-06,1.0439304621801004
7.08421052631579,0.0,30,1.4,0.7913911961722488,0.758088038277512,1.5494792344497608,109.68224258275194,4.645420027563135e-06,1.0439304621801004
7.08421052631579,0.0,30,1.5,0.7913911961722488,0.758088038277512,1.5494792344497608,111.74486049387446,4.528204994157371e-06,1.0439304621801004
7.08421052631579,0.0,40,1.1,0.7913911961722488,0.758088038277512,1.5494792344497608,102.66664677456191,5.90677026116733e-06,1.0439304621801004
7.08421052631579,0.0,40,1.2,0.7913911961722488,0.758088038277512,1.5494792344497608,105.16374456813821,5.68042073070258e-06,1.0439304621801004
7.08421052631579,0.0,40,1.3,0.7913911961722488,0.758088038277512,1.5494792344497608,107.49465184921638,5.484249127797485e-06,1.0439304621801004
7.08421052631579,0.0,40,1.4,0.7913911961722488,0.758088038277512,1.5494792344497608,109.68224258275194,5.312077680270912e-06,1.0439304621801004
7.08421052631579,0.0,40,1.5,0.7913911961722488,0.758088038277512,1.5494792344497608,111.74486049387446,5.159358914171473e-06,1.0439304621801004
7.08421052631579,2.857142857142857,20,1.1,0.7650090225563911,0.7632199589883801,1.5282289815447712,102.66664677456191,4.416303237991048e-06,1.0023440995573312
7.08421052631579,2.857142857142857,20,1.2,0.7650090225563911,0.7632199589883801,1.5282289815447712,105.16374456813821,4.286812207185939e-06,1.0023440995573312
7.08421052631579,2.857142857142857,20,1.3,0.7650090225563911,0.7632199589883801,1.5282289815447712,107.49465184921638,4.172609092193671e-06,1.0023440995573312
7.08421052631579,2.857142857142857,20,1.4,0.7650090225563911,0.7632199589883801,1.5282289815447712,109.68224258275194,4.070827951112966e-06,1.0023440995573312
7.08421052631579,2.857142857142857,20,1.5,0.7650090225563911,0.7632199589883801,1.5282289815447712,111.74486049387446,3.979307155290028e-06,1.0023440995573312
7.08421052631579,2.857142857142857,30,1.1,0.7650090225563911,0.7632199589883801,1.5282289815447712,102.66664677456191,5.024051556375961e-06,1.0023440995573312
7.08421052631579,2.857142857142857,30,1.2,0.7650090225563911,0.7632199589883801,1.5282289815447712,105.16374456813821,4.857141989425541e-06,1.0023440995573312
7.08421052631579,2.857142857142857,30,1.3,0.7650090225563911,0.7632199589883801,1.5282289815447712,107.49465184921638,4.711047422146096e-06,1.0023440995573312
7.08421052631579,2.857142857142857,30,1.4,0.7650090225563911,0.7632199589883801,1.5282289815447712,109.68224258275194,4.5817106546068225e-06,1.0023440995573312
7.08421052631579,2.857142857142857,30,1.5,0.7650090225563911,0.7632199589883801,1.5282289815447712,111.74486049387446,4.466103160720635e-06,1.0023440995573312
7.08421052631579,2.857142857142857,40,1.1,0.7650090225563911,0.7632199589883801,1.5282289815447712,102.66664677456191,5.825762165601564e-06,1.0023440995573312
7.08421052631579,2.857142857142857,40,1.2,0.7650090225563911,0.7632199589883801,1.5282289815447712,105.16374456813821,5.602516894077728e-06,1.0023440995573312
7.08421052631579,2.857142857142857,40,1.3,0.7650090225563911,0.7632199589883801,1.5282289815447712,107.49465184921638,5.409035676485212e-06,1.0023440995573312
7.08421052631579,2.857142857142857,40,1.4,0.7650090225563911,0.7632199589883801,1.5282289815447712,109.68224258275194,5.239225465380279e-06,1.0023440995573312
7.08421052631579,2.857142857142857,40,1.5,0.7650090225563911,0.7632199589883801,1.5282289815447712,111.74486049387446,5.088601152908096e-06,1.0023440995573312
7.08421052631579,5.714285714285714,20,1.1,0.7386268489405331,0.7683518796992481,1.506978728639781,102.66664677456191,4.3548938799395e-06,0.9613132582296147
7.08421052631579,5.714285714285714,20,1.2,0.7386268489405331,0.7683518796992481,1.506978728639781,105.16374456813821,4.227203441314467e-06,0.9613132582296147
7.08421052631579,5.714285714285714,20,1.3,0.7386268489405331,0.7683518796992481,1.506978728639781,107.49465184921638,4.114588337742889e-06,0.9613132582296147
7.08421052631579,5.714285714285714,20,1.4,0.7386268489405331,0.7683518796992481,1.506978728639781,109.68224258275194,4.014222478674922e-06,0.9613132582296147
7.08421052631579,5.714285714285714,20,1.5,0.7386268489405331,0.7683518796992481,1.506978728639781,111.74486049387446,3.923974293226993e-06,0.9613132582296147
7.08421052631579,5.714285714285714,30,1.1,0.7386268489405331,0.7683518796992481,1.506978728639781,102.66664677456191,4.9541913669213814e-06,0.9613132582296147
7.08421052631579,5.714285714285714,30,1.2,0.7386268489405331,0.7683518796992481,1.506978728639781,105.16374456813821,4.789602702501139e-06,0.9613132582296147
7.08421052631579,5.714285714285714,30,1.3,0.7386268489405331,0.7683518796992481,1.506978728639781,107.49465184921638,4.645539602063524e-06,0.9613132582296147
7.08421052631579,5.714285714285714,30,1.4,0.7386268489405331,0.7683518796992481,1.506978728639781,109.68224258275194,4.51800128165051e-06,0.9613132582296147
7.08421052631579,5.714285714285714,30,1.5,0.7386268489405331,0.7683518796992481,1.506978728639781,111.74486049387446,4.4040013272838974e-06,0.9613132582296147
7.08421052631579,5.714285714285714,40,1.1,0.7386268489405331,0.7683518796992481,1.506978728639781,102.66664677456191,5.744754070035795e-06,0.9613132582296147
7.08421052631579,5.714285714285714,40,1.2,0.7386268489405331,0.7683518796992481,1.506978728639781,105.16374456813821,5.524613057452874e-06,0.9613132582296147
7.08421052631579,5.714285714285714,40,1.3,0.7386268489405331,0.7683518796992481,1.506978728639781,107.49465184921638,5.333822225172937e-06,0.9613132582296147
7.08421052631579,5.714285714285714,40,1.4,0.7386268489405331,0.7683518796992481,1.506978728639781,109.68224258275194,5.166373250489645e-06,0.9613132582296147
7.08421052631579,5.714285714285714,40,1.5,0.7386268489405331,0.7683518796992481,1.506978728639781,111.74486049387446,5.0178433916447174e-06,0.9613132582296147
7.08421052631579,8.571428571428571,20,1.1,0.7122446753246752,0.7734838004101162,1.4857284757347915,102.66664677456191,4.293484521887953e-06,0.9208268808564951
7.08421052631579,8.571428571428571,20,1.2,0.7122446753246752,0.7734838004101162,1.4857284757347915,105.16374456813821,4.1675946754429965e-06,0.9208268808564951
7.08421052631579,8.571428571428571,20,1.3,0.7122446753246752,0.7734838004101162,1.4857284757347915,107.49465184921638,4.0565675832921096e-06,0.9208268808564951
7.08421052631579,8.571428571428571,20,1.4,0.7122446753246752,0.7734838004101162,1.4857284757347915,109.68224258275194,3.957617006236878e-06,0.9208268808564951
7.08421052631579,8.571428571428571,20,1.5,0.7122446753246752,0.7734838004101162,1.4857284757347915,111.74486049387446,3.868641431163959e-06,0.9208268808564951
7.08421052631579,8.571428571428571,30,1.1,0.7122446753246752,0.7734838004101162,1.4857284757347915,102.66664677456191,4.884331177466802e-06,0.9208268808564951
7.08421052631579,8.571428571428571,30,1.2,0.7122446753246752,0.7734838004101162,1.4857284757347915,105.16374456813821,4.722063415576739e-06,0.9208268808564951
7.08421052631579,8.571428571428571,30,1.3,0.7122446753246752,0.7734838004101162,1.4857284757347915,107.49465184921638,4.580031781980955e-06,0.9208268808564951
7.08421052631579,8.571428571428571,30,1.4,0.7122446753246752,0.7734838004101162,1.4857284757347915,109.68224258275194,4.4542919086941974e-06,0.9208268808564951
7.08421052631579,8.571428571428571,30,1.5,0.7122446753246752,0.7734838004101162,1.4857284757347915,111.74486049387446,4.3418994938471605e-06,0.9208268808564951
7.08421052631579,8.571428571428571,40,1.1,0.7122446753246752,0.7734838004101162,1.4857284757347915,102.66664677456191,5.6637459744700285e-06,0.9208268808564951
7.08421052631579,8.571428571428571,40,1.2,0.7122446753246752,0.7734838004101162,1.4857284757347915,105.16374456813821,5.446709220828021e-06,0.9208268808564951
7.08421052631579,8.571428571428571,40,1.3,0.7122446753246752,0.7734838004101162,1.4857284757347915,107.49465184921638,5.2586087738606646e-06,0.9208268808564951
7.08421052631579,8.571428571428571,40,1.4,0.7122446753246752,0.7734838004101162,1.4857284757347915,109.68224258275194,5.093521035599012e-06,0.9208268808564951
7.08421052631579,8.571428571428571,40,1.5,0.7122446753246752,0.7734838004101162,1.4857284757347915,111.74486049387446,4.94708563038134e-06,0.9208268808564951
7.08421052631579,11.428571428571429,20,1.1,0.6857381271360217,0.778619002050581,1.4643571291866027,102.66664677456191,4.2317252252767926e-06,0.880710752409141
7.08421052631579,11.428571428571429,20,1.2,0.6857381271360217,0.778619002050581,1.4643571291866027,105.16374456813821,4.107646231608245e-06,0.880710752409141
7.08421052631579,11.428571428571429,20,1.3,0.6857381271360217,0.778619002050581,1.4643571291866027,107.49465184921638,3.998216200092155e-06,0.880710752409141
7.08421052631579,11.428571428571429,20,1.4,0.6857381271360217,0.778619002050581,1.4643571291866027,109.68224258275194,3.900688969972739e-06,0.880710752409141
7.08421052631579,11.428571428571429,20,1.5,0.6857381271360217,0.778619002050581,1.4643571291866027,111.74486049387446,3.812993257189777e-06,0.880710752409141
7.08421052631579,11.428571428571429,30,1.1,0.6857381271360217,0.778619002050581,1.4643571291866027,102.66664677456191,4.814072892756913e-06,0.880710752409141
7.08421052631579,11.428571428571429,30,1.2,0.6857381271360217,0.778619002050581,1.4643571291866027,105.16374456813821,4.6541392589592885e-06,0.880710752409141
7.08421052631579,11.428571428571429,30,1.3,0.6857381271360217,0.778619002050581,1.4643571291866027,107.49465184921638,4.5141506684309e-06,0.880710752409141
7.08421052631579,11.428571428571429,30,1.4,0.6857381271360217,0.778619002050581,1.4643571291866027,109.68224258275194,4.390219490643236e-06,0.880710752409141
7.08421052631579,11.428571428571429,30,1.5,0.6857381271360217,0.778619002050581,1.4643571291866027,111.74486049387446,4.279443775809905e-06,0.880710752409141
7.08421052631579,11.428571428571429,40,1.1,0.6857381271360217,0.778619002050581,1.4643571291866027,102.66664677456191,5.582276257790172e-06,0.880710752409141
7.08421052631579,11.428571428571429,40,1.2,0.6857381271360217,0.778619002050581,1.4643571291866027,105.16374456813821,5.368361452573824e-06,0.880710752409141
7.08421052631579,11.428571428571429,40,1.3,0.6857381271360217,0.778619002050581,1.4643571291866027,107.49465184921638,5.182966721962897e-06,0.880710752409141
7.08421052631579,11.428571428571429,40,1.4,0.6857381271360217,0.778619002050581,1.4643571291866027,109.68224258275194,5.020253675526075e-06,0.880710752409141
7.08421052631579,11.428571428571429,40,1.5,0.6857381271360217,0.778619002050581,1.4643571291866027,111.74486049387446,4.875924659088684e-06,0.880710752409141
7.08421052631579,14.285714285714286,20,1.1,0.6591072043745727,0.7837574846206427,1.4428646889952152,102.66664677456191,4.16961599010602e-06,0.8409580990395216
7.08421052631579,14.285714285714286,20,1.2,0.6591072043745727,0.7837574846206427,1.4428646889952152,105.16374456813821,4.047358109810213e-06,0.8409580990395216
7.08421052631579,14.285714285714286,20,1.3,0.6591072043745727,0.7837574846206427,1.4428646889952152,107.49465184921638,3.939534188143029e-06,0.8409580990395216
7.08421052631579,14.285714285714286,20,1.4,0.6591072043745727,0.7837574846206427,1.4428646889952152,109.68224258275194,3.843438369882507e-06,0.8409580990395216
7.08421052631579,14.285714285714286,20,1.5,0.6591072043745727,0.7837574846206427,1.4428646889952152,111.74486049387446,3.757029771304448e-06,0.8409580990395216
7.08421052631579,14.285714285714286,30,1.1,0.6591072043745727,0.7837574846206427,1.4428646889952152,102.66664677456191,4.743416512791713e-06,0.8409580990395216
7.08421052631579,14.285714285714286,30,1.2,0.6591072043745727,0.7837574846206427,1.4428646889952152,105.16374456813821,4.585830232648792e-06,0.8409580990395216
7.08421052631579,14.285714285714286,30,1.3,0.6591072043745727,0.7837574846206427,1.4428646889952152,107.49465184921638,4.4478962614133615e-06,0.8409580990395216
7.08421052631579,14.285714285714286,30,1.4,0.6591072043745727,0.7837574846206427,1.4428646889952152,109.68224258275194,4.3257840274976275e-06,0.8409580990395216
7.08421052631579,14.285714285714286,30,1.5,0.6591072043745727,0.7837574846206427,1.4428646889952152,111.74486049387446,4.216634173172133e-06,0.8409580990395216
7.08421052631579,14.285714285714286,40,1.1,0.6591072043745727,0.7837574846206427,1.4428646889952152,102.66664677456191,5.500344919996228e-06,0.8409580990395216
7.08421052631579,14.285714285714286,40,1.2,0.6591072043745727,0.7837574846206427,1.4428646889952152,105.16374456813821,5.289569752690284e-06,0.8409580990395216
7.08421052631579,14.285714285714286,40,1.3,0.6591072043745727,0.7837574846206427,1.4428646889952152,107.49465184921638,5.106896069479636e-06,0.8409580990395216
7.08421052631579,14.285714285714286,40,1.4,0.6591072043745727,0.7837574846206427,1.4428646889952152,109.68224258275194,4.9465711702708375e-06,0.8409580990395216
7.08421052631579,14.285714285714286,40,1.5,0.6591072043745727,0.7837574846206427,1.4428646889952152,111.74486049387446,4.804360477766752e-06,0.8409580990395216
7.08421052631579,17.142857142857142,20,1.1,0.6324762816131236,0.7888959671907041,1.4213722488038276,102.66664677456191,4.107506754935248e-06,0.8017233043609053
7.08421052631579,17.142857142857142,20,1.2,0.6324762816131236,0.7888959671907041,1.4213722488038276,105.16374456813821,3.987069988012181e-06,0.8017233043609053
7.08421052631579,17.142857142857142,20,1.3,0.6324762816131236,0.7888959671907041,1.4213722488038276,107.49465184921638,3.880852176193902e-06,0.8017233043609053
7.08421052631579,17.142857142857142,20,1.4,0.6324762816131236,0.7888959671907041,1.4213722488038276,109.68224258275194,3.786187769792273e-06,0.8017233043609053
7.08421052631579,17.142857142857142,20,1.5,0.6324762816131236,0.7888959671907041,1.4213722488038276,111.74486049387446,3.701066285419119e-06,0.8017233043609053
7.08421052631579,17.142857142857142,30,1.1,0.6324762816131236,0.7888959671907041,1.4213722488038276,102.66664677456191,4.672760132826513e-06,0.8017233043609053
7.08421052631579,17.142857142857142,30,1.2,0.6324762816131236,0.7888959671907041,1.4213722488038276,105.16374456813821,4.517521206338295e-06,0.8017233043609053
7.08421052631579,17.142857142857142,30,1.3,0.6324762816131236,0.7888959671907041,1.4213722488038276,107.49465184921638,4.381641854395823e-06,0.8017233043609053
7.08421052631579,17.142857142857142,30,1.4,0.6324762816131236,0.7888959671907041,1.4213722488038276,109.68224258275194,4.261348564352018e-06,0.8017233043609053
7.08421052631579,17.142857142857142,30,1.5,0.6324762816131236,0.7888959671907041,1.4213722488038276,111.74486049387446,4.15382457053436e-06,0.8017233043609053
7.08421052631579,17.142857142857142,40,1.1,0.6324762816131236,0.7888959671907041,1.4213722488038276,102.66664677456191,5.418413582202283e-06,0.8017233043609053
7.08421052631579,17.142857142857142,40,1.2,0.6324762816131236,0.7888959671907041,1.4213722488038276,105.16374456813821,5.2107780528067436e-06,0.8017233043609053
7.08421052631579,17.142857142857142,40,1.3,0.6324762816131236,0.7888959671907041,1.4213722488038276,107.49465184921638,5.030825416996375e-06,0.8017233043609053
7.08421052631579,17.142857142857142,40,1.4,0.6324762816131236,0.7888959671907041,1.4213722488038276,109.68224258275194,4.872888665015598e-06,0.8017233043609053
7.08421052631579,17.142857142857142,40,1.5,0.6324762816131236,0.7888959671907041,1.4213722488038276,111.74486049387446,4.732796296444819e-06,0.8017233043609053
7.08421052631579,20.0,20,1.1,0.6058453588516746,0.7940344497607656,1.3998798086124402,102.66664677456191,4.045397519764476e-06,0.7629963146236407
7.08421052631579,20.0,20,1.2,0.6058453588516746,0.7940344497607656,1.3998798086124402,105.16374456813821,3.926781866214149e-06,0.7629963146236407
7.08421052631579,20.0,20,1.3,0.6058453588516746,0.7940344497607656,1.3998798086124402,107.49465184921638,3.822170164244775e-06,0.7629963146236407
7.08421052631579,20.0,20,1.4,0.6058453588516746,0.7940344497607656,1.3998798086124402,109.68224258275194,3.7289371697020404e-06,0.7629963146236407
7.08421052631579,20.0,20,1.5,0.6058453588516746,0.7940344497607656,1.3998798086124402,111.74486049387446,3.6451027995337906e-06,0.7629963146236407
7.08421052631579,20.0,30,1.1,0.6058453588516746,0.7940344497607656,1.3998798086124402,102.66664677456191,4.6021037528613135e-06,0.7629963146236407
7.08421052631579,20.0,30,1.2,0.6058453588516746,0.7940344497607656,1.3998798086124402,105.16374456813821,4.449212180027799e-06,0.7629963146236407
7.08421052631579,20.0,30,1.3,0.6058453588516746,0.7940344497607656,1.3998798086124402,107.49465184921638,4.315387447378285e-06,0.7629963146236407
7.08421052631579,20.0,30,1.4,0.6058453588516746,0.7940344497607656,1.3998798086124402,109.68224258275194,4.196913101206409e-06,0.7629963146236407
7.08421052631579,20.0,30,1.5,0.6058453588516746,0.7940344497607656,1.3998798086124402,111.74486049387446,4.091014967896588e-06,0.7629963146236407
7.08421052631579,20.0,40,1.1,0.6058453588516746,0.7940344497607656,1.3998798086124402,102.66664677456191,5.33648224440834e-06,0.7629963146236407
7.08421052631579,20.0,40,1.2,0.6058453588516746,0.7940344497607656,1.3998798086124402,105.16374456813821,5.131986352923204e-06,0.7629963146236407
7.08421052631579,20.0,40,1.3,0.6058453588516746,0.7940344497607656,1.3998798086124402,107.49465184921638,4.954754764513115e-06,0.7629963146236407
7.08421052631579,20.0,40,1.4,0.6058453588516746,0.7940344497607656,1.3998798086124402,109.68224258275194,4.799206159760361e-06,0.7629963146236407
7.08421052631579,20.0,40,1.5,0.6058453588516746,0.7940344497607656,1.3998798086124402,111.74486049387446,4.661232115122887e-06,0.7629963146236407
7.08421052631579,22.857142857142858,20,1.1,0.5792279972658919,0.7991707450444293,1.3783987423103212,102.66664677456191,3.983321153060807e-06,0.7247862873580165
7.08421052631579,22.857142857142858,20,1.2,0.5792279972658919,0.7991707450444293,1.3783987423103212,105.16374456813821,3.8665256491424035e-06,0.7247862873580165
7.08421052631579,22.857142857142858,20,1.3,0.5792279972658919,0.7991707450444293,1.3783987423103212,107.49465184921638,3.7635192070618833e-06,0.7247862873580165
7.08421052631579,22.857142857142858,20,1.4,0.5792279972658919,0.7991707450444293,1.3783987423103212,109.68224258275194,3.6717168668688977e-06,0.7247862873580165
7.08421052631579,22.857142857142858,20,1.5,0.5792279972658919,0.7991707450444293,1.3783987423103212,111.74486049387446,3.58916892975933e-06,0.7247862873580165
7.08421052631579,22.857142857142858,30,1.1,0.5792279972658919,0.7991707450444293,1.3783987423103212,102.66664677456191,4.531484764548001e-06,0.7247862873580165
7.08421052631579,22.857142857142858,30,1.2,0.5792279972658919,0.7991707450444293,1.3783987423103212,105.16374456813821,4.3809393031398144e-06,0.7247862873580165
7.08421052631579,22.857142857142858,30,1.3,0.5792279972658919,0.7991707450444293,1.3783987423103212,107.49465184921638,4.249168102470133e-06,0.7247862873580165
7.08421052631579,22.857142857142858,30,1.4,0.5792279972658919,0.7991707450444293,1.3783987423103212,109.68224258275194,4.132511737577479e-06,0.7247862873580165
7.08421052631579,22.857142857142858,30,1.5,0.5792279972658919,0.7991707450444293,1.3783987423103212,111.74486049387446,4.028238604363312e-06,0.7247862873580165
7.08421052631579,22.857142857142858,40,1.1,0.5792279972658919,0.7991707450444293,1.3783987423103212,102.66664677456191,5.254594265021137e-06,0.7247862873580165
7.08421052631579,22.857142857142858,40,1.2,0.5792279972658919,0.7991707450444293,1.3783987423103212,105.16374456813821,5.053236349936888e-06,0.7247862873580165
7.08421052631579,22.857142857142858,40,1.3,0.5792279972658919,0.7991707450444293,1.3783987423103212,107.49465184921638,4.8787243689374095e-06,0.7247862873580165
7.08421052631579,22.857142857142858,40,1.4,0.5792279972658919,0.7991707450444293,1.3783987423103212,109.68224258275194,4.7255626475951735e-06,0.7247862873580165
7.08421052631579,22.857142857142858,40,1.5,0.5792279972658919,0.7991707450444293,1.3783987423103212,111.74486049387446,4.589705805865116e-06,0.7247862873580165
7.08421052631579,25.714285714285715,20,1.1,0.5526106356801093,0.804307040328093,1.3569176760082022,102.66664677456191,3.921244786357137e-06,0.6870642776602929
7.08421052631579,25.714285714285715,20,1.2,0.5526106356801093,0.804307040328093,1.3569176760082022,105.16374456813821,3.8062694320706577e-06,0.6870642776602929
7.08421052631579,25.714285714285715,20,1.3,0.5526106356801093,0.804307040328093,1.3569176760082022,107.49465184921638,3.7048682498789913e-06,0.6870642776602929
7.08421052631579,25.714285714285715,20,1.4,0.5526106356801093,0.804307040328093,1.3569176760082022,109.68224258275194,3.614496564035755e-06,0.6870642776602929
7.08421052631579,25.714285714285715,20,1.5,0.5526106356801093,0.804307040328093,1.3569176760082022,111.74486049387446,3.5332350599848695e-06,0.6870642776602929
7.08421052631579,25.714285714285715,30,1.1,0.5526106356801093,0.804307040328093,1.3569176760082022,102.66664677456191,4.460865776234688e-06,0.6870642776602929
7.08421052631579,25.714285714285715,30,1.2,0.5526106356801093,0.804307040328093,1.3569176760082022,105.16374456813821,4.31266642625183e-06,0.6870642776602929
7.08421052631579,25.714285714285715,30,1.3,0.5526106356801093,0.804307040328093,1.3569176760082022,107.49465184921638,4.182948757561981e-06,0.6870642776602929
7.08421052631579,25.714285714285715,30,1.4,0.5526106356801093,0.804307040328093,1.3569176760082022,109.68224258275194,4.0681103739485485e-06,0.6870642776602929
7.08421052631579,25.714285714285715,30,1.5,0.5526106356801093,0.804307040328093,1.3569176760082022,111.74486049387446,3.965462240830035e-06,0.6870642776602929
7.08421052631579,25.714285714285715,40,1.1,0.5526106356801093,0.804307040328093,1.3569176760082022,102.66664677456191,5.172706285633935e-06,0.6870642776602929
7.08421052631579,25.714285714285715,40,1.2,0.5526106356801093,0.804307040328093,1.3569176760082022,105.16374456813821,4.9744863469505715e-06,0.6870642776602929
7.08421052631579,25.714285714285715,40,1.3,0.5526106356801093,0.804307040328093,1.3569176760082022,107.49465184921638,4.802693973361705e-06,0.6870642776602929
7.08421052631579,25.714285714285715,40,1.4,0.5526106356801093,0.804307040328093,1.3569176760082022,109.68224258275194,4.651919135429986e-06,0.6870642776602929
7.08421052631579,25.714285714285715,40,1.5,0.5526106356801093,0.804307040328093,1.3569176760082022,111.74486049387446,4.518179496607347e-06,0.6870642776602929
7.08421052631579,28.571428571428573,20,1.1,0.5259932740943267,0.8094433356117567,1.3354366097060835,102.66664677456191,3.859168419653468e-06,0.6498209954336017
7.08421052631579,28.571428571428573,20,1.2,0.5259932740943267,0.8094433356117567,1.3354366097060835,105.16374456813821,3.746013214998913e-06,0.6498209954336017
7.08421052631579,28.571428571428573,20,1.3,0.5259932740943267,0.8094433356117567,1.3354366097060835,107.49465184921638,3.6462172926961e-06,0.6498209954336017
7.08421052631579,28.571428571428573,20,1.4,0.5259932740943267,0.8094433356117567,1.3354366097060835,109.68224258275194,3.5572762612026132e-06,0.6498209954336017
7.08421052631579,28.571428571428573,20,1.5,0.5259932740943267,0.8094433356117567,1.3354366097060835,111.74486049387446,3.4773011902104098e-06,0.6498209954336017
7.08421052631579,28.571428571428573,30,1.1,0.5259932740943267,0.8094433356117567,1.3354366097060835,102.66664677456191,4.390246787921376e-06,0.6498209954336017
7.08421052631579,28.571428571428573,30,1.2,0.5259932740943267,0.8094433356117567,1.3354366097060835,105.16374456813821,4.244393549363846e-06,0.6498209954336017
7.08421052631579,28.571428571428573,30,1.3,0.5259932740943267,0.8094433356117567,1.3354366097060835,107.49465184921638,4.11672941265383e-06,0.6498209954336017
7.08421052631579,28.571428571428573,30,1.4,0.5259932740943267,0.8094433356117567,1.3354366097060835,109.68224258275194,4.003709010319619e-06,0.6498209954336017
7.08421052631579,28.571428571428573,30,1.5,0.5259932740943267,0.8094433356117567,1.3354366097060835,111.74486049387446,3.902685877296759e-06,0.6498209954336017
7.08421052631579,28.571428571428573,40,1.1,0.5259932740943267,0.8094433356117567,1.3354366097060835,102.66664677456191,5.090818306246734e-06,0.6498209954336017
7.08421052631579,28.571428571428573,40,1.2,0.5259932740943267,0.8094433356117567,1.3354366097060835,105.16374456813821,4.895736343964256e-06,0.6498209954336017
7.08421052631579,28.571428571428573,40,1.3,0.5259932740943267,0.8094433356117567,1.3354366097060835,107.49465184921638,4.726663577786e-06,0.6498209954336017
7.08421052631579,28.571428571428573,40,1.4,0.5259932740943267,0.8094433356117567,1.3354366097060835,109.68224258275194,4.5782756232647995e-06,0.6498209954336017
7.08421052631579,28.571428571428573,40,1.5,0.5259932740943267,0.8094433356117567,1.3354366097060835,111.74486049387446,4.446653187349578e-06,0.6498209954336017
7.08421052631579,31.42857142857143,20,1.1,0.49964445659603557,0.8144444292549557,1.3140888858509914,102.66664677456191,3.7974773883201384e-06,0.6134788803861112
7.08421052631579,31.42857142857143,20,1.2,0.49964445659603557,0.8144444292549557,1.3140888858509914,105.16374456813821,3.6861310348264503e-06,0.6134788803861112
7.08421052631579,31.42857142857143,20,1.3,0.49964445659603557,0.8144444292549557,1.3140888858509914,107.49465184921638,3.5879304078567898e-06,0.6134788803861112
7.08421052631579,31.42857142857143,20,1.4,0.49964445659603557,0.8144444292549557,1.3140888858509914,109.68224258275194,3.500411150010895e-06,0.6134788803861112
7.08421052631579,31.42857142857143,20,1.5,0.49964445659603557,0.8144444292549557,1.3140888858509914,111.74486049387446,3.4217145266203404e-06,0.6134788803861112
7.08421052631579,31.42857142857143,30,1.1,0.49964445659603557,0.8144444292549557,1.3140888858509914,102.66664677456191,4.320066162796176e-06,0.6134788803861112
7.08421052631579,31.42857142857143,30,1.2,0.49964445659603557,0.8144444292549557,1.3140888858509914,105.16374456813821,4.176544472316231e-06,0.6134788803861112
7.08421052631579,31.42857142857143,30,1.3,0.49964445659603557,0.8144444292549557,1.3140888858509914,107.49465184921638,4.050921120407887e-06,0.6134788803861112
7.08421052631579,31.42857142857143,30,1.4,0.49964445659603557,0.8144444292549557,1.3140888858509914,109.68224258275194,3.939707414341763e-06,0.6134788803861112
7.08421052631579,31.42857142857143,30,1.5,0.49964445659603557,0.8144444292549557,1.3140888858509914,111.74486049387446,3.8402991943226905e-06,0.6134788803861112
7.08421052631579,31.42857142857143,40,1.1,0.49964445659603557,0.8144444292549557,1.3140888858509914,102.66664677456191,5.00943864164242e-06,0.6134788803861112
7.08421052631579,31.42857142857143,40,1.2,0.49964445659603557,0.8144444292549557,1.3140888858509914,105.16374456813821,4.817475176958142e-06,0.6134788803861112
7.08421052631579,31.42857142857143,40,1.3,0.49964445659603557,0.8144444292549557,1.3140888858509914,107.49465184921638,4.651105136388542e-06,0.6134788803861112
7.08421052631579,31.42857142857143,40,1.4,0.49964445659603557,0.8144444292549557,1.3140888858509914,109.68224258275194,4.505089248840433e-06,0.6134788803861112
7.08421052631579,31.42857142857143,40,1.5,0.49964445659603557,0.8144444292549557,1.3140888858509914,111.74486049387446,4.375570873420955e-06,0.6134788803861112
7.08421052631579,34.285714285714285,20,1.1,0.47356418318523585,0.8193103212576897,1.2928745044429255,102.66664677456191,3.7361716923571452e-06,0.5780034388658585
7.08421052631579,34.285714285714285,20,1.2,0.47356418318523585,0.8193103212576897,1.2928745044429255,105.16374456813821,3.6266228915532682e-06,0.5780034388658585
7.08421052631579,34.285714285714285,20,1.3,0.47356418318523585,0.8193103212576897,1.2928745044429255,107.49465184921638,3.5300075953610586e-06,0.5780034388658585
7.08421052631579,34.285714285714285,20,1.4,0.47356418318523585,0.8193103212576897,1.2928745044429255,109.68224258275194,3.443901230460599e-06,0.5780034388658585
7.08421052631579,34.285714285714285,20,1.5,0.47356418318523585,0.8193103212576897,1.2928745044429255,111.74486049387446,3.36647506921466e-06,0.5780034388658585
7.08421052631579,34.285714285714285,30,1.1,0.47356418318523585,0.8193103212576897,1.2928745044429255,102.66664677456191,4.250323900859086e-06,0.5780034388658585
7.08421052631579,34.285714285714285,30,1.2,0.47356418318523585,0.8193103212576897,1.2928745044429255,105.16374456813821,4.109119195108984e-06,0.5780034388658585
7.08421052631579,34.285714285714285,30,1.3,0.47356418318523585,0.8193103212576897,1.2928745044429255,107.49465184921638,3.985523880824151e-06,0.5780034388658585
7.08421052631579,34.285714285714285,30,1.4,0.47356418318523585,0.8193103212576897,1.2928745044429255,109.68224258275194,3.876105586014978e-06,0.5780034388658585
7.08421052631579,34.285714285714285,30,1.5,0.47356418318523585,0.8193103212576897,1.2928745044429255,111.74486049387446,3.7783021919078265e-06,0.5780034388658585
7.08421052631579,34.285714285714285,40,1.1,0.47356418318523585,0.8193103212576897,1.2928745044429255,102.66664677456191,4.928567291820992e-06,0.5780034388658585
7.08421052631579,34.285714285714285,40,1.2,0.47356418318523585,0.8193103212576897,1.2928745044429255,105.16374456813821,4.739702845932226e-06,0.5780034388658585
7.08421052631579,34.285714285714285,40,1.3,0.47356418318523585,0.8193103212576897,1.2928745044429255,107.49465184921638,4.576018649169329e-06,0.5780034388658585
7.08421052631579,34.285714285714285,40,1.4,0.47356418318523585,0.8193103212576897,1.2928745044429255,109.68224258275194,4.432360012156884e-06,0.5780034388658585
7.08421052631579,34.285714285714285,40,1.5,0.47356418318523585,0.8193103212576897,1.2928745044429255,111.74486049387446,4.3049325548214765e-06,0.5780034388658585
7.08421052631579,37.142857142857146,20,1.1,0.4474839097744361,0.8241762132604238,1.2716601230348599,102.66664677456191,3.674865996394153e-06,0.5429468875402254
7.08421052631579,37.142857142857146,20,1.2,0.4474839097744361,0.8241762132604238,1.2716601230348599,105.16374456813821,3.567114748280087e-06,0.5429468875402254
7.08421052631579,37.142857142857146,20,1.3,0.4474839097744361,0.8241762132604238,1.2716601230348599,107.49465184921638,3.472084782865328e-06,0.5429468875402254
7.08421052631579,37.142857142857146,20,1.4,0.4474839097744361,0.8241762132604238,1.2716601230348599,109.68224258275194,3.3873913109103038e-06,0.5429468875402254
7.08421052631579,37.142857142857146,20,1.5,0.4474839097744361,0.8241762132604238,1.2716601230348599,111.74486049387446,3.3112356118089807e-06,0.5429468875402254
7.08421052631579,37.142857142857146,30,1.1,0.4474839097744361,0.8241762132604238,1.2716601230348599,102.66664677456191,4.180581638921998e-06,0.5429468875402254
7.08421052631579,37.142857142857146,30,1.2,0.4474839097744361,0.8241762132604238,1.2716601230348599,105.16374456813821,4.041693917901737e-06,0.5429468875402254
7.08421052631579,37.142857142857146,30,1.3,0.4474839097744361,0.8241762132604238,1.2716601230348599,107.49465184921638,3.9201266412404146e-06,0.5429468875402254
7.08421052631579,37.142857142857146,30,1.4,0.4474839097744361,0.8241762132604238,1.2716601230348599,109.68224258275194,3.8125037576881934e-06,0.5429468875402254
7.08421052631579,37.142857142857146,30,1.5,0.4474839097744361,0.8241762132604238,1.2716601230348599,111.74486049387446,3.7163051894929634e-06,0.5429468875402254
7.08421052631579,37.142857142857146,40,1.1,0.4474839097744361,0.8241762132604238,1.2716601230348599,102.66664677456191,4.8476959419995656e-06,0.5429468875402254
7.08421052631579,37.142857142857146,40,1.2,0.4474839097744361,0.8241762132604238,1.2716601230348599,105.16374456813821,4.661930514906312e-06,0.5429468875402254
7.08421052631579,37.142857142857146,40,1.3,0.4474839097744361,0.8241762132604238,1.2716601230348599,107.49465184921638,4.5009321619501165e-06,0.5429468875402254
7.08421052631579,37.142857142857146,40,1.4,0.4474839097744361,0.8241762132604238,1.2716601230348599,109.68224258275194,4.359630775473336e-06,0.5429468875402254
7.08421052631579,37.142857142857146,40,1.5,0.4474839097744361,0.8241762132604238,1.2716601230348599,111.74486049387446,4.234294236221998e-06,0.5429468875402254
7.08421052631579,40.0,20,1.1,0.4214036363636363,0.829042105263158,1.2504457416267942,102.66664677456191,3.61356030043116e-06,0.508301850639869
7.08421052631579,40.0,20,1.2,0.4214036363636363,0.829042105263158,1.2504457416267942,105.16374456813821,3.5076066050069057e-06,0.508301850639869
7.08421052631579,40.0,20,1.3,0.4214036363636363,0.829042105263158,1.2504457416267942,107.49465184921638,3.4141619703695975e-06,0.508301850639869
7.08421052631579,40.0,20,1.4,0.4214036363636363,0.829042105263158,1.2504457416267942,109.68224258275194,3.330881391360008e-06,0.508301850639869
7.08421052631579,40.0,20,1.5,0.4214036363636363,0.829042105263158,1.2504457416267942,111.74486049387446,3.2559961544033012e-06,0.508301850639869
7.08421052631579,40.0,30,1.1,0.4214036363636363,0.829042105263158,1.2504457416267942,102.66664677456191,4.110839376984909e-06,0.508301850639869
7.08421052631579,40.0,30,1.2,0.4214036363636363,0.829042105263158,1.2504457416267942,105.16374456813821,3.974268640694491e-06,0.508301850639869
7.08421052631579,40.0,30,1.3,0.4214036363636363,0.829042105263158,1.2504457416267942,107.49465184921638,3.854729401656679e-06,0.508301850639869
7.08421052631579,40.0,30,1.4,0.4214036363636363,0.829042105263158,1.2504457416267942,109.68224258275194,3.748901929361409e-06,0.508301850639869
7.08421052631579,40.0,30,1.5,0.4214036363636363,0.829042105263158,1.2504457416267942,111.74486049387446,3.6543081870781003e-06,0.508301850639869
7.08421052631579,40.0,40,1.1,0.4214036363636363,0.829042105263158,1.2504457416267942,102.66664677456191,4.766824592178139e-06,0.508301850639869
7.08421052631579,40.0,40,1.2,0.4214036363636363,0.829042105263158,1.2504457416267942,105.16374456813821,4.584158183880397e-06,0.508301850639869
7.08421052631579,40.0,40,1.3,0.4214036363636363,0.829042105263158,1.2504457416267942,107.49465184921638,4.425845674730904e-06,0.508301850639869
7.08421052631579,40.0,40,1.4,0.4214036363636363,0.829042105263158,1.2504457416267942,109.68224258275194,4.286901538789788e-06,0.508301850639869
7.08421052631579,40.0,40,1.5,0.4214036363636363,0.829042105263158,1.2504457416267942,111.74486049387446,4.163655917622521e-06,0.508301850639869
7.168421052631579,0.0,20,1.1,0.7957823923444977,0.7781760765550239,1.5739584688995216,102.66664677456191,4.548453122278882e-06,1.0226251054483926
7.168421052631579,0.0,20,1.2,0.7957823923444977,0.7781760765550239,1.5739584688995216,105.16374456813821,4.415087306656009e-06,1.0226251054483926
7.168421052631579,0.0,20,1.3,0.7957823923444977,0.7781760765550239,1.5739584688995216,107.49465184921638,4.297466870067318e-06,1.0226251054483926
7.168421052631579,0.0,20,1.4,0.7957823923444977,0.7781760765550239,1.5739584688995216,109.68224258275194,4.192640112485284e-06,1.0226251054483926
7.168421052631579,0.0,20,1.5,0.7957823923444977,0.7781760765550239,1.5739584688995216,111.74486049387446,4.09838072242953e-06,1.0226251054483926
7.168421052631579,0.0,30,1.1,0.7957823923444977,0.7781760765550239,1.5739584688995216,102.66664677456191,5.174387209534872e-06,1.0226251054483926
7.168421052631579,0.0,30,1.2,0.7957823923444977,0.7781760765550239,1.5739584688995216,105.16374456813821,5.002483175771284e-06,1.0226251054483926
7.168421052631579,0.0,30,1.3,0.7957823923444977,0.7781760765550239,1.5739584688995216,107.49465184921638,4.8520169928847e-06,1.0226251054483926
7.168421052631579,0.0,30,1.4,0.7957823923444977,0.7781760765550239,1.5739584688995216,109.68224258275194,4.718810056576795e-06,1.0226251054483926
7.168421052631579,0.0,30,1.5,0.7957823923444977,0.7781760765550239,1.5739584688995216,111.74486049387446,4.5997432175966286e-06,1.0226251054483926
7.168421052631579,0.0,40,1.1,0.7957823923444977,0.7781760765550239,1.5739584688995216,102.66664677456191,6.00008755826253e-06,1.0226251054483926
7.168421052631579,0.0,40,1.2,0.7957823923444977,0.7781760765550239,1.5739584688995216,105.16374456813821,5.770162075890423e-06,1.0226251054483926
7.168421052631579,0.0,40,1.3,0.7957823923444977,0.7781760765550239,1.5739584688995216,107.49465184921638,5.570891282913507e-06,1.0226251054483926
7.168421052631579,0.0,40,1.4,0.7957823923444977,0.7781760765550239,1.5739584688995216,109.68224258275194,5.395999808467016e-06,1.0226251054483926
7.168421052631579,0.0,40,1.5,0.7957823923444977,0.7781760765550239,1.5739584688995216,111.74486049387446,5.240868335958153e-06,1.0226251054483926
7.168421052631579,2.857142857142857,20,1.1,0.7693037593984964,0.7832970608339029,1.5526008202323993,102.66664677456191,4.486733410047575e-06,0.9821353837067776
7.168421052631579,2.857142857142857,20,1.2,0.7693037593984964,0.7832970608339029,1.5526008202323993,105.16374456813821,4.355177286542098e-06,0.9821353837067776
7.168421052631579,2.857142857142857,20,1.3,0.7693037593984964,0.7832970608339029,1.5526008202323993,107.49465184921638,4.239152886958431e-06,0.9821353837067776
7.168421052631579,2.857142857142857,20,1.4,0.7693037593984964,0.7832970608339029,1.5526008202323993,109.68224258275194,4.135748564023556e-06,0.9821353837067776
7.168421052631579,2.857142857142857,20,1.5,0.7693037593984964,0.7832970608339029,1.5526008202323993,111.74486049387446,4.0427682159350245e-06,0.9821353837067776
7.168421052631579,2.857142857142857,30,1.1,0.7693037593984964,0.7832970608339029,1.5526008202323993,102.66664677456191,5.104173956598049e-06,0.9821353837067776
7.168421052631579,2.857142857142857,30,1.2,0.7693037593984964,0.7832970608339029,1.5526008202323993,105.16374456813821,4.9346025548766205e-06,0.9821353837067776
7.168421052631579,2.857142857142857,30,1.3,0.7693037593984964,0.7832970608339029,1.5526008202323993,107.49465184921638,4.7861781055769596e-06,0.9821353837067776
7.168421052631579,2.857142857142857,30,1.4,0.7693037593984964,0.7832970608339029,1.5526008202323993,109.68224258275194,4.654778705491836e-06,0.9821353837067776
7.168421052631579,2.857142857142857,30,1.5,0.7693037593984964,0.7832970608339029,1.5526008202323993,111.74486049387446,4.537327530307818e-06,0.9821353837067776
7.168421052631579,2.857142857142857,40,1.1,0.7693037593984964,0.7832970608339029,1.5526008202323993,102.66664677456191,5.9186700592792554e-06,0.9821353837067776
7.168421052631579,2.857142857142857,40,1.2,0.7693037593984964,0.7832970608339029,1.5526008202323993,105.16374456813821,5.691864524332162e-06,0.9821353837067776
7.168421052631579,2.857142857142857,40,1.3,0.7693037593984964,0.7832970608339029,1.5526008202323993,107.49465184921638,5.4952977134933495e-06,0.9821353837067776
7.168421052631579,2.857142857142857,40,1.4,0.7693037593984964,0.7832970608339029,1.5526008202323993,109.68224258275194,5.322779408822243e-06,0.9821353837067776
7.168421052631579,2.857142857142857,40,1.5,0.7693037593984964,0.7832970608339029,1.5526008202323993,111.74486049387446,5.169752975012002e-06,0.9821353837067776
7.168421052631579,5.714285714285714,20,1.1,0.7428251264524949,0.7884180451127819,1.5312431715652768,102.66664677456191,4.425013697816266e-06,0.9421716449250409
7.168421052631579,5.714285714285714,20,1.2,0.7428251264524949,0.7884180451127819,1.5312431715652768,105.16374456813821,4.295267266428187e-06,0.9421716449250409
7.168421052631579,5.714285714285714,20,1.3,0.7428251264524949,0.7884180451127819,1.5312431715652768,107.49465184921638,4.1808389038495444e-06,0.9421716449250409
7.168421052631579,5.714285714285714,20,1.4,0.7428251264524949,0.7884180451127819,1.5312431715652768,109.68224258275194,4.0788570155618264e-06,0.9421716449250409
7.168421052631579,5.714285714285714,20,1.5,0.7428251264524949,0.7884180451127819,1.5312431715652768,111.74486049387446,3.987155709440518e-06,0.9421716449250409
7.168421052631579,5.714285714285714,30,1.1,0.7428251264524949,0.7884180451127819,1.5312431715652768,102.66664677456191,5.033960703661224e-06,0.9421716449250409
7.168421052631579,5.714285714285714,30,1.2,0.7428251264524949,0.7884180451127819,1.5312431715652768,105.16374456813821,4.866721933981956e-06,0.9421716449250409
7.168421052631579,5.714285714285714,30,1.3,0.7428251264524949,0.7884180451127819,1.5312431715652768,107.49465184921638,4.7203392182692185e-06,0.9421716449250409
7.168421052631579,5.714285714285714,30,1.4,0.7428251264524949,0.7884180451127819,1.5312431715652768,109.68224258275194,4.590747354406875e-06,0.9421716449250409
7.168421052631579,5.714285714285714,30,1.5,0.7428251264524949,0.7884180451127819,1.5312431715652768,111.74486049387446,4.474911843019007e-06,0.9421716449250409
7.168421052631579,5.714285714285714,40,1.1,0.7428251264524949,0.7884180451127819,1.5312431715652768,102.66664677456191,5.83725256029598e-06,0.9421716449250409
7.168421052631579,5.714285714285714,40,1.2,0.7428251264524949,0.7884180451127819,1.5312431715652768,105.16374456813821,5.613566972773901e-06,0.9421716449250409
7.168421052631579,5.714285714285714,40,1.3,0.7428251264524949,0.7884180451127819,1.5312431715652768,107.49465184921638,5.419704144073191e-06,0.9421716449250409
7.168421052631579,5.714285714285714,40,1.4,0.7428251264524949,0.7884180451127819,1.5312431715652768,109.68224258275194,5.249559009177469e-06,0.9421716449250409
7.168421052631579,5.714285714285714,40,1.5,0.7428251264524949,0.7884180451127819,1.5312431715652768,111.74486049387446,5.098637614065851e-06,0.9421716449250409
7.168421052631579,8.571428571428571,20,1.1,0.7163464935064935,0.7935390293916609,1.5098855228981543,102.66664677456191,4.363293985584958e-06,0.902723706048404
7.168421052631579,8.571428571428571,20,1.2,0.7163464935064935,0.7935390293916609,1.5098855228981543,105.16374456813821,4.235357246314276e-06,0.902723706048404
7.168421052631579,8.571428571428571,20,1.3,0.7163464935064935,0.7935390293916609,1.5098855228981543,107.49465184921638,4.122524920740657e-06,0.902723706048404
7.168421052631579,8.571428571428571,20,1.4,0.7163464935064935,0.7935390293916609,1.5098855228981543,109.68224258275194,4.021965467100098e-06,0.902723706048404
7.168421052631579,8.571428571428571,20,1.5,0.7163464935064935,0.7935390293916609,1.5098855228981543,111.74486049387446,3.9315432029460115e-06,0.902723706048404
7.168421052631579,8.571428571428571,30,1.1,0.7163464935064935,0.7935390293916609,1.5098855228981543,102.66664677456191,4.963747450724401e-06,0.902723706048404
7.168421052631579,8.571428571428571,30,1.2,0.7163464935064935,0.7935390293916609,1.5098855228981543,105.16374456813821,4.798841313087293e-06,0.902723706048404
7.168421052631579,8.571428571428571,30,1.3,0.7163464935064935,0.7935390293916609,1.5098855228981543,107.49465184921638,4.6545003309614775e-06,0.902723706048404
7.168421052631579,8.571428571428571,30,1.4,0.7163464935064935,0.7935390293916609,1.5098855228981543,109.68224258275194,4.526716003321915e-06,0.902723706048404
7.168421052631579,8.571428571428571,30,1.5,0.7163464935064935,0.7935390293916609,1.5098855228981543,111.74486049387446,4.412496155730196e-06,0.902723706048404
7.168421052631579,8.571428571428571,40,1.1,0.7163464935064935,0.7935390293916609,1.5098855228981543,102.66664677456191,5.755835061312704e-06,0.902723706048404
7.168421052631579,8.571428571428571,40,1.2,0.7163464935064935,0.7935390293916609,1.5098855228981543,105.16374456813821,5.53526942121564e-06,0.902723706048404
7.168421052631579,8.571428571428571,40,1.3,0.7163464935064935,0.7935390293916609,1.5098855228981543,107.49465184921638,5.3441105746530326e-06,0.902723706048404
7.168421052631579,8.571428571428571,40,1.4,0.7163464935064935,0.7935390293916609,1.5098855228981543,109.68224258275194,5.176338609532696e-06,0.902723706048404
7.168421052631579,8.571428571428571,40,1.5,0.7163464935064935,0.7935390293916609,1.5098855228981543,111.74486049387446,5.027522253119699e-06,0.902723706048404
7.168421052631579,11.428571428571429,20,1.1,0.689761968557758,0.7986665755297334,1.4884285440874914,102.66664677456191,4.301287227341668e-06,0.8636419623548888
7.168421052631579,11.428571428571429,20,1.2,0.689761968557758,0.7986665755297334,1.4884285440874914,105.16374456813821,4.17516859670373e-06,0.8636419623548888
7.168421052631579,11.428571428571429,20,1.3,0.689761968557758,0.7986665755297334,1.4884285440874914,107.49465184921638,4.063939730983375e-06,0.8636419623548888
7.168421052631579,11.428571428571429,20,1.4,0.689761968557758,0.7986665755297334,1.4884285440874914,109.68224258275194,3.964809327448439e-06,0.8636419623548888
7.168421052631579,11.428571428571429,20,1.5,0.689761968557758,0.7986665755297334,1.4884285440874914,111.74486049387446,3.875672053829425e-06,0.8636419623548888
7.168421052631579,11.428571428571429,30,1.1,0.689761968557758,0.7986665755297334,1.4884285440874914,102.66664677456191,4.893207650020013e-06,0.8636419623548888
7.168421052631579,11.428571428571429,30,1.2,0.689761968557758,0.7986665755297334,1.4884285440874914,105.16374456813821,4.7306449930291965e-06,0.8636419623548888
7.168421052631579,11.428571428571429,30,1.3,0.689761968557758,0.7986665755297334,1.4884285440874914,107.49465184921638,4.588355240184022e-06,0.8636419623548888
7.168421052631579,11.428571428571429,30,1.4,0.689761968557758,0.7986665755297334,1.4884285440874914,109.68224258275194,4.462386855255954e-06,0.8636419623548888
7.168421052631579,11.428571428571429,30,1.5,0.689761968557758,0.7986665755297334,1.4884285440874914,111.74486049387446,4.349790185588895e-06,0.8636419623548888
7.168421052631579,11.428571428571429,40,1.1,0.689761968557758,0.7986665755297334,1.4884285440874914,102.66664677456191,5.674038905859012e-06,0.8636419623548888
7.168421052631579,11.428571428571429,40,1.2,0.689761968557758,0.7986665755297334,1.4884285440874914,105.16374456813821,5.456607723437148e-06,0.8636419623548888
7.168421052631579,11.428571428571429,40,1.3,0.689761968557758,0.7986665755297334,1.4884285440874914,107.49465184921638,5.268165434691648e-06,0.8636419623548888
7.168421052631579,11.428571428571429,40,1.4,0.689761968557758,0.7986665755297334,1.4884285440874914,109.68224258275194,5.1027776764837e-06,0.8636419623548888
7.168421052631579,11.428571428571429,40,1.5,0.689761968557758,0.7986665755297334,1.4884285440874914,111.74486049387446,4.95607614888243e-06,0.8636419623548888
7.168421052631579,14.285714285714286,20,1.1,0.6630715516062885,0.8038006835269993,1.466872235133288,102.66664677456191,4.238993423086396e-06,0.8249203629646034
7.168421052631579,14.285714285714286,20,1.2,0.6630715516062885,0.8038006835269993,1.466872235133288,105.16374456813821,4.1147013175965486e-06,0.8249203629646034
7.168421052631579,14.285714285714286,20,1.3,0.6630715516062885,0.8038006835269993,1.466872235133288,107.49465184921638,4.005083334577697e-06,0.8249203629646034
7.168421052631579,14.285714285714286,20,1.4,0.6630715516062885,0.8038006835269993,1.466872235133288,109.68224258275194,3.90738859660685e-06,0.8249203629646034
7.168421052631579,14.285714285714286,20,1.5,0.6630715516062885,0.8038006835269993,1.466872235133288,111.74486049387446,3.819542262090758e-06,0.8249203629646034
7.168421052631579,14.285714285714286,30,1.1,0.6630715516062885,0.8038006835269993,1.466872235133288,102.66664677456191,4.822341301548062e-06,0.8249203629646034
7.168421052631579,14.285714285714286,30,1.2,0.6630715516062885,0.8038006835269993,1.466872235133288,105.16374456813821,4.662132973807669e-06,0.8249203629646034
7.168421052631579,14.285714285714286,30,1.3,0.6630715516062885,0.8038006835269993,1.466872235133288,107.49465184921638,4.521903945936852e-06,0.8249203629646034
7.168421052631579,14.285714285714286,30,1.4,0.6630715516062885,0.8038006835269993,1.466872235133288,109.68224258275194,4.39775991020899e-06,0.8249203629646034
7.168421052631579,14.285714285714286,30,1.5,0.6630715516062885,0.8038006835269993,1.466872235133288,111.74486049387446,4.286793932595104e-06,0.8249203629646034
7.168421052631579,14.285714285714286,40,1.1,0.6630715516062885,0.8038006835269993,1.466872235133288,102.66664677456191,5.5918640939349015e-06,0.8249203629646034
7.168421052631579,14.285714285714286,40,1.2,0.6630715516062885,0.8038006835269993,1.466872235133288,105.16374456813821,5.377581879438426e-06,0.8249203629646034
7.168421052631579,14.285714285714286,40,1.3,0.6630715516062885,0.8038006835269993,1.466872235133288,107.49465184921638,5.191868724189035e-06,0.8249203629646034
7.168421052631579,14.285714285714286,40,1.4,0.6630715516062885,0.8038006835269993,1.466872235133288,109.68224258275194,5.028876210030481e-06,0.8249203629646034
7.168421052631579,14.285714285714286,40,1.5,0.6630715516062885,0.8038006835269993,1.466872235133288,111.74486049387446,4.884299301354042e-06,0.8249203629646034
7.168421052631579,17.142857142857142,20,1.1,0.6363811346548189,0.8089347915242653,1.4453159261790842,102.66664677456191,4.1766996188311226e-06,0.7866902763023633
7.168421052631579,17.142857142857142,20,1.2,0.6363811346548189,0.8089347915242653,1.4453159261790842,105.16374456813821,4.054234038489367e-06,0.7866902763023633
7.168421052631579,17.142857142857142,20,1.3,0.6363811346548189,0.8089347915242653,1.4453159261790842,107.49465184921638,3.946226938172018e-06,0.7866902763023633
7.168421052631579,17.142857142857142,20,1.4,0.6363811346548189,0.8089347915242653,1.4453159261790842,109.68224258275194,3.849967865765261e-06,0.7866902763023633
7.168421052631579,17.142857142857142,20,1.5,0.6363811346548189,0.8089347915242653,1.4453159261790842,111.74486049387446,3.763412470352089e-06,0.7866902763023633
7.168421052631579,17.142857142857142,30,1.1,0.6363811346548189,0.8089347915242653,1.4453159261790842,102.66664677456191,4.7514749530761096e-06,0.7866902763023633
7.168421052631579,17.142857142857142,30,1.2,0.6363811346548189,0.8089347915242653,1.4453159261790842,105.16374456813821,4.59362095458614e-06,0.7866902763023633
7.168421052631579,17.142857142857142,30,1.3,0.6363811346548189,0.8089347915242653,1.4453159261790842,107.49465184921638,4.4554526516896816e-06,0.7866902763023633
7.168421052631579,17.142857142857142,30,1.4,0.6363811346548189,0.8089347915242653,1.4453159261790842,109.68224258275194,4.3331329651620265e-06,0.7866902763023633
7.168421052631579,17.142857142857142,30,1.5,0.6363811346548189,0.8089347915242653,1.4453159261790842,111.74486049387446,4.223797679601312e-06,0.7866902763023633
7.168421052631579,17.142857142857142,40,1.1,0.6363811346548189,0.8089347915242653,1.4453159261790842,102.66664677456191,5.50968928201079e-06,0.7866902763023633
7.168421052631579,17.142857142857142,40,1.2,0.6363811346548189,0.8089347915242653,1.4453159261790842,105.16374456813821,5.298556035439703e-06,0.7866902763023633
7.168421052631579,17.142857142857142,40,1.3,0.6363811346548189,0.8089347915242653,1.4453159261790842,107.49465184921638,5.115572013686422e-06,0.7866902763023633
7.168421052631579,17.142857142857142,40,1.4,0.6363811346548189,0.8089347915242653,1.4453159261790842,109.68224258275194,4.954974743577262e-06,0.7866902763023633
7.168421052631579,17.142857142857142,40,1.5,0.6363811346548189,0.8089347915242653,1.4453159261790842,111.74486049387446,4.812522453825653e-06,0.7866902763023633
7.168421052631579,20.0,20,1.1,0.6096907177033493,0.814068899521531,1.4237596172248803,102.66664677456191,4.1144058145758495e-06,0.7489424028625771
7.168421052631579,20.0,20,1.2,0.6096907177033493,0.814068899521531,1.4237596172248803,105.16374456813821,3.993766759382184e-06,0.7489424028625771
7.168421052631579,20.0,20,1.3,0.6096907177033493,0.814068899521531,1.4237596172248803,107.49465184921638,3.887370541766338e-06,0.7489424028625771
7.168421052631579,20.0,20,1.4,0.6096907177033493,0.814068899521531,1.4237596172248803,109.68224258275194,3.7925471349236697e-06,0.7489424028625771
7.168421052631579,20.0,20,1.5,0.6096907177033493,0.814068899521531,1.4237596172248803,111.74486049387446,3.70728267861342e-06,0.7489424028625771
7.168421052631579,20.0,30,1.1,0.6096907177033493,0.814068899521531,1.4237596172248803,102.66664677456191,4.680608604604157e-06,0.7489424028625771
7.168421052631579,20.0,30,1.2,0.6096907177033493,0.814068899521531,1.4237596172248803,105.16374456813821,4.52510893536461e-06,0.7489424028625771
7.168421052631579,20.0,30,1.3,0.6096907177033493,0.814068899521531,1.4237596172248803,107.49465184921638,4.38900135744251e-06,0.7489424028625771
7.168421052631579,20.0,30,1.4,0.6096907177033493,0.814068899521531,1.4237596172248803,109.68224258275194,4.268506020115062e-06,0.7489424028625771
7.168421052631579,20.0,30,1.5,0.6096907177033493,0.814068899521531,1.4237596172248803,111.74486049387446,4.160801426607519e-06,0.7489424028625771
7.168421052631579,20.0,40,1.1,0.6096907177033493,0.814068899521531,1.4237596172248803,102.66664677456191,5.427514470086678e-06,0.7489424028625771
7.168421052631579,20.0,40,1.2,0.6096907177033493,0.814068899521531,1.4237596172248803,105.16374456813821,5.219530191440979e-06,0.7489424028625771
7.168421052631579,20.0,40,1.3,0.6096907177033493,0.814068899521531,1.4237596172248803,107.49465184921638,5.039275303183807e-06,0.7489424028625771
7.168421052631579,20.0,40,1.4,0.6096907177033493,0.814068899521531,1.4237596172248803,109.68224258275194,4.881073277124041e-06,0.7489424028625771
7.168421052631579,20.0,40,1.5,0.6096907177033493,0.814068899521531,1.4237596172248803,111.74486049387446,4.7407456062972635e-06,0.7489424028625771
7.168421052631579,22.857142857142858,20,1.1,0.5830274231032125,0.8191986329460013,1.402226056049214,102.66664677456191,4.052177747254782e-06,0.7117045850119768
7.168421052631579,22.857142857142858,20,1.2,0.5830274231032125,0.8191986329460013,1.402226056049214,105.16374456813821,3.933363289727576e-06,0.7117045850119768
7.168421052631579,22.857142857142858,20,1.3,0.5830274231032125,0.8191986329460013,1.402226056049214,107.49465184921638,3.828576254893129e-06,0.7117045850119768
7.168421052631579,22.857142857142858,20,1.4,0.5830274231032125,0.8191986329460013,1.402226056049214,109.68224258275194,3.735186998596262e-06,0.7117045850119768
7.168421052631579,22.857142857142858,20,1.5,0.5830274231032125,0.8191986329460013,1.402226056049214,111.74486049387446,3.6512121190964892e-06,0.7117045850119768
7.168421052631579,22.857142857142858,30,1.1,0.5830274231032125,0.8191986329460013,1.402226056049214,102.66664677456191,4.60981703943598e-06,0.7117045850119768
7.168421052631579,22.857142857142858,30,1.2,0.5830274231032125,0.8191986329460013,1.402226056049214,105.16374456813821,4.4566692149881075e-06,0.7117045850119768
7.168421052631579,22.857142857142858,30,1.3,0.5830274231032125,0.8191986329460013,1.402226056049214,107.49465184921638,4.322620187414112e-06,0.7117045850119768
7.168421052631579,22.857142857142858,30,1.4,0.5830274231032125,0.8191986329460013,1.402226056049214,109.68224258275194,4.2039472741014575e-06,0.7117045850119768
7.168421052631579,22.857142857142858,30,1.5,0.5830274231032125,0.8191986329460013,1.402226056049214,111.74486049387446,4.09787165182272e-06,0.7117045850119768
7.168421052631579,22.857142857142858,40,1.1,0.5830274231032125,0.8191986329460013,1.402226056049214,102.66664677456191,5.34542637497605e-06,0.7117045850119768
7.168421052631579,22.857142857142858,40,1.2,0.5830274231032125,0.8191986329460013,1.402226056049214,105.16374456813821,5.140587741236704e-06,0.7117045850119768
7.168421052631579,22.857142857142858,40,1.3,0.5830274231032125,0.8191986329460013,1.402226056049214,107.49465184921638,4.963059106496305e-06,0.7117045850119768
7.168421052631579,22.857142857142858,40,1.4,0.5830274231032125,0.8191986329460013,1.402226056049214,109.68224258275194,4.807249796850924e-06,0.7117045850119768
7.168421052631579,22.857142857142858,40,1.5,0.5830274231032125,0.8191986329460013,1.402226056049214,111.74486049387446,4.669044502897201e-06,0.7117045850119768
7.168421052631579,25.714285714285715,20,1.1,0.5563641285030759,0.8243283663704716,1.3806924948735475,102.66664677456191,3.989949679933715e-06,0.6749302234408775
7.168421052631579,25.714285714285715,20,1.2,0.5563641285030759,0.8243283663704716,1.3806924948735475,105.16374456813821,3.872959820072968e-06,0.6749302234408775
7.168421052631579,25.714285714285715,20,1.3,0.5563641285030759,0.8243283663704716,1.3806924948735475,107.49465184921638,3.769781968019921e-06,0.6749302234408775
7.168421052631579,25.714285714285715,20,1.4,0.5563641285030759,0.8243283663704716,1.3806924948735475,109.68224258275194,3.677826862268854e-06,0.6749302234408775
7.168421052631579,25.714285714285715,20,1.5,0.5563641285030759,0.8243283663704716,1.3806924948735475,111.74486049387446,3.5951415595795583e-06,0.6749302234408775
7.168421052631579,25.714285714285715,30,1.1,0.5563641285030759,0.8243283663704716,1.3806924948735475,102.66664677456191,4.539025474267803e-06,0.6749302234408775
7.168421052631579,25.714285714285715,30,1.2,0.5563641285030759,0.8243283663704716,1.3806924948735475,105.16374456813821,4.388229494611604e-06,0.6749302234408775
7.168421052631579,25.714285714285715,30,1.3,0.5563641285030759,0.8243283663704716,1.3806924948735475,107.49465184921638,4.256239017385715e-06,0.6749302234408775
7.168421052631579,25.714285714285715,30,1.4,0.5563641285030759,0.8243283663704716,1.3806924948735475,109.68224258275194,4.139388528087853e-06,0.6749302234408775
7.168421052631579,25.714285714285715,30,1.5,0.5563641285030759,0.8243283663704716,1.3806924948735475,111.74486049387446,4.034941877037921e-06,0.6749302234408775
7.168421052631579,25.714285714285715,40,1.1,0.5563641285030759,0.8243283663704716,1.3806924948735475,102.66664677456191,5.2633382798654234e-06,0.6749302234408775
7.168421052631579,25.714285714285715,40,1.2,0.5563641285030759,0.8243283663704716,1.3806924948735475,105.16374456813821,5.061645291032429e-06,0.6749302234408775
7.168421052631579,25.714285714285715,40,1.3,0.5563641285030759,0.8243283663704716,1.3806924948735475,107.49465184921638,4.886842909808804e-06,0.6749302234408775
7.168421052631579,25.714285714285715,40,1.4,0.5563641285030759,0.8243283663704716,1.3806924948735475,109.68224258275194,4.733426316577808e-06,0.6749302234408775
7.168421052631579,25.714285714285715,40,1.5,0.5563641285030759,0.8243283663704716,1.3806924948735475,111.74486049387446,4.597343399497139e-06,0.6749302234408775
7.168421052631579,28.571428571428573,20,1.1,0.5297008339029391,0.8294580997949419,1.359158933697881,102.66664677456191,3.927721612612648e-06,0.6386107194973337
7.168421052631579,28.571428571428573,20,1.2,0.5297008339029391,0.8294580997949419,1.359158933697881,105.16374456813821,3.8125563504183606e-06,0.6386107194973337
7.168421052631579,28.571428571428573,20,1.3,0.5297008339029391,0.8294580997949419,1.359158933697881,107.49465184921638,3.7109876811467127e-06,0.6386107194973337
7.168421052631579,28.571428571428573,20,1.4,0.5297008339029391,0.8294580997949419,1.359158933697881,109.68224258275194,3.6204667259414464e-06,0.6386107194973337
7.168421052631579,28.571428571428573,20,1.5,0.5297008339029391,0.8294580997949419,1.359158933697881,111.74486049387446,3.539071000062627e-06,0.6386107194973337
7.168421052631579,28.571428571428573,30,1.1,0.5297008339029391,0.8294580997949419,1.359158933697881,102.66664677456191,4.468233909099625e-06,0.6386107194973337
7.168421052631579,28.571428571428573,30,1.2,0.5297008339029391,0.8294580997949419,1.359158933697881,105.16374456813821,4.3197897742351e-06,0.6386107194973337
7.168421052631579,28.571428571428573,30,1.3,0.5297008339029391,0.8294580997949419,1.359158933697881,107.49465184921638,4.189857847357316e-06,0.6386107194973337
7.168421052631579,28.571428571428573,30,1.4,0.5297008339029391,0.8294580997949419,1.359158933697881,109.68224258275194,4.0748297820742485e-06,0.6386107194973337
7.168421052631579,28.571428571428573,30,1.5,0.5297008339029391,0.8294580997949419,1.359158933697881,111.74486049387446,3.9720121022531226e-06,0.6386107194973337
7.168421052631579,28.571428571428573,40,1.1,0.5297008339029391,0.8294580997949419,1.359158933697881,102.66664677456191,5.1812501847547965e-06,0.6386107194973337
7.168421052631579,28.571428571428573,40,1.2,0.5297008339029391,0.8294580997949419,1.359158933697881,105.16374456813821,4.982702840828154e-06,0.6386107194973337
7.168421052631579,28.571428571428573,40,1.3,0.5297008339029391,0.8294580997949419,1.359158933697881,107.49465184921638,4.810626713121303e-06,0.6386107194973337
7.168421052631579,28.571428571428573,40,1.4,0.5297008339029391,0.8294580997949419,1.359158933697881,109.68224258275194,4.659602836304691e-06,0.6386107194973337
7.168421052631579,28.571428571428573,40,1.5,0.5297008339029391,0.8294580997949419,1.359158933697881,111.74486049387446,4.525642296097077e-06,0.6386107194973337
7.168421052631579,31.42857142857143,20,1.1,0.5032889131920711,0.8344602870813397,1.3377492002734108,102.66664677456191,3.865851384925015e-06,0.6031310548670996
7.168421052631579,31.42857142857143,20,1.2,0.5032889131920711,0.8344602870813397,1.3377492002734108,105.16374456813821,3.7525002281323905e-06,0.6031310548670996
7.168421052631579,31.42857142857143,20,1.3,0.5032889131920711,0.8344602870813397,1.3377492002734108,107.49465184921638,3.652531488110715e-06,0.6031310548670996
7.168421052631579,31.42857142857143,20,1.4,0.5032889131920711,0.8344602870813397,1.3377492002734108,109.68224258275194,3.5634364364346262e-06,0.6031310548670996
7.168421052631579,31.42857142857143,20,1.5,0.5032889131920711,0.8344602870813397,1.3377492002734108,111.74486049387446,3.4833228717142637e-06,0.6031310548670996
7.168421052631579,31.42857142857143,30,1.1,0.5032889131920711,0.8344602870813397,1.3377492002734108,102.66664677456191,4.3978494275646155e-06,0.6031310548670996
7.168421052631579,31.42857142857143,30,1.2,0.5032889131920711,0.8344602870813397,1.3377492002734108,105.16374456813821,4.251743613316671e-06,0.6031310548670996
7.168421052631579,31.42857142857143,30,1.3,0.5032889131920711,0.8344602870813397,1.3377492002734108,107.49465184921638,4.123858399188082e-06,0.6031310548670996
7.168421052631579,31.42857142857143,30,1.4,0.5032889131920711,0.8344602870813397,1.3377492002734108,109.68224258275194,4.010642278154494e-06,0.6031310548670996
7.168421052631579,31.42857142857143,30,1.5,0.5032889131920711,0.8344602870813397,1.3377492002734108,111.74486049387446,3.909444202238192e-06,0.6031310548670996
7.168421052631579,31.42857142857143,40,1.1,0.5032889131920711,0.8344602870813397,1.3377492002734108,102.66664677456191,5.0996341334521855e-06,0.6031310548670996
7.168421052631579,31.42857142857143,40,1.2,0.5032889131920711,0.8344602870813397,1.3377492002734108,105.16374456813821,4.904214345545826e-06,0.6031310548670996
7.168421052631579,31.42857142857143,40,1.3,0.5032889131920711,0.8344602870813397,1.3377492002734108,107.49465184921638,4.734848794160534e-06,0.6031310548670996
7.168421052631579,31.42857142857143,40,1.4,0.5032889131920711,0.8344602870813397,1.3377492002734108,109.68224258275194,4.586203874552832e-06,0.6031310548670996
7.168421052631579,31.42857142857143,40,1.5,0.5032889131920711,0.8344602870813397,1.3377492002734108,111.74486049387446,4.454353506587871e-06,0.6031310548670996
7.168421052631579,34.285714285714285,20,1.1,0.4771283663704716,0.839334928229665,1.3164632946001367,102.66664677456191,3.804338996870818e-06,0.5684600393990946
7.168421052631579,34.285714285714285,20,1.2,0.4771283663704716,0.839334928229665,1.3164632946001367,105.16374456813821,3.6927914532150585e-06,0.5684600393990946
7.168421052631579,34.285714285714285,20,1.3,0.4771283663704716,0.839334928229665,1.3164632946001367,107.49465184921638,3.5944133889119277e-06,0.5684600393990946
7.168421052631579,34.285714285714285,20,1.4,0.4771283663704716,0.839334928229665,1.3164632946001367,109.68224258275194,3.5067359937483937e-06,0.5684600393990946
7.168421052631579,34.285714285714285,20,1.5,0.4771283663704716,0.839334928229665,1.3164632946001367,111.74486049387446,3.427897174534468e-06,0.5684600393990946
7.168421052631579,34.285714285714285,30,1.1,0.4771283663704716,0.839334928229665,1.3164632946001367,102.66664677456191,4.327872029662774e-06,0.5684600393990946
7.168421052631579,34.285714285714285,30,1.2,0.4771283663704716,0.839334928229665,1.3164632946001367,105.16374456813821,4.184091011856317e-06,0.5684600393990946
7.168421052631579,34.285714285714285,30,1.3,0.4771283663704716,0.839334928229665,1.3164632946001367,107.49465184921638,4.058240672878011e-06,0.5684600393990946
7.168421052631579,34.285714285714285,30,1.4,0.4771283663704716,0.839334928229665,1.3164632946001367,109.68224258275194,3.94682601632859e-06,0.5684600393990946
7.168421052631579,34.285714285714285,30,1.5,0.4771283663704716,0.839334928229665,1.3164632946001367,111.74486049387446,3.847238176993128e-06,0.5684600393990946
7.168421052631579,34.285714285714285,40,1.1,0.4771283663704716,0.839334928229665,1.3164632946001367,102.66664677456191,5.018490125957592e-06,0.5684600393990946
7.168421052631579,34.285714285714285,40,1.2,0.4771283663704716,0.839334928229665,1.3164632946001367,105.16374456813821,4.826179805185442e-06,0.5684600393990946
7.168421052631579,34.285714285714285,40,1.3,0.4771283663704716,0.839334928229665,1.3164632946001367,107.49465184921638,4.659509152926498e-06,0.5684600393990946
7.168421052631579,34.285714285714285,40,1.4,0.4771283663704716,0.839334928229665,1.3164632946001367,109.68224258275194,4.513229431322229e-06,0.5684600393990946
7.168421052631579,34.285714285714285,40,1.5,0.4771283663704716,0.839334928229665,1.3164632946001367,111.74486049387446,4.383477030969519e-06,0.5684600393990946
7.168421052631579,37.142857142857146,20,1.1,0.4509678195488721,0.8442095693779903,1.2951773889268625,102.66664677456191,3.742826608816621e-06,0.5341894191997173
7.168421052631579,37.142857142857146,20,1.2,0.4509678195488721,0.8442095693779903,1.2951773889268625,105.16374456813821,3.6330826782977266e-06,0.5341894191997173
7.168421052631579,37.142857142857146,20,1.3,0.4509678195488721,0.8442095693779903,1.2951773889268625,107.49465184921638,3.5362952897131404e-06,0.5341894191997173
7.168421052631579,37.142857142857146,20,1.4,0.4509678195488721,0.8442095693779903,1.2951773889268625,109.68224258275194,3.4500355510621615e-06,0.5341894191997173
7.168421052631579,37.142857142857146,20,1.5,0.4509678195488721,0.8442095693779903,1.2951773889268625,111.74486049387446,3.372471477354672e-06,0.5341894191997173
7.168421052631579,37.142857142857146,30,1.1,0.4509678195488721,0.8442095693779903,1.2951773889268625,102.66664677456191,4.257894631760932e-06,0.5341894191997173
7.168421052631579,37.142857142857146,30,1.2,0.4509678195488721,0.8442095693779903,1.2951773889268625,105.16374456813821,4.116438410395963e-06,0.5341894191997173
7.168421052631579,37.142857142857146,30,1.3,0.4509678195488721,0.8442095693779903,1.2951773889268625,107.49465184921638,3.99262294656794e-06,0.5341894191997173
7.168421052631579,37.142857142857146,30,1.4,0.4509678195488721,0.8442095693779903,1.2951773889268625,109.68224258275194,3.883009754502686e-06,0.5341894191997173
7.168421052631579,37.142857142857146,30,1.5,0.4509678195488721,0.8442095693779903,1.2951773889268625,111.74486049387446,3.7850321517480656e-06,0.5341894191997173
7.168421052631579,37.142857142857146,40,1.1,0.4509678195488721,0.8442095693779903,1.2951773889268625,102.66664677456191,4.937346118462998e-06,0.5341894191997173
7.168421052631579,37.142857142857146,40,1.2,0.4509678195488721,0.8442095693779903,1.2951773889268625,105.16374456813821,4.7481452648250586e-06,0.5341894191997173
7.168421052631579,37.142857142857146,40,1.3,0.4509678195488721,0.8442095693779903,1.2951773889268625,107.49465184921638,4.584169511692462e-06,0.5341894191997173
7.168421052631579,37.142857142857146,40,1.4,0.4509678195488721,0.8442095693779903,1.2951773889268625,109.68224258275194,4.440254988091626e-06,0.5341894191997173
7.168421052631579,37.142857142857146,40,1.5,0.4509678195488721,0.8442095693779903,1.2951773889268625,111.74486049387446,4.3126005553511684e-06,0.5341894191997173
7.168421052631579,40.0,20,1.1,0.4248072727272727,0.8490842105263159,1.2738914832535886,102.66664677456191,3.6813142207624247e-06,0.500312298192367
7.168421052631579,40.0,20,1.2,0.4248072727272727,0.8490842105263159,1.2738914832535886,105.16374456813821,3.5733739033803956e-06,0.500312298192367
7.168421052631579,40.0,20,1.3,0.4248072727272727,0.8490842105263159,1.2738914832535886,107.49465184921638,3.478177190514354e-06,0.500312298192367
7.168421052631579,40.0,20,1.4,0.4248072727272727,0.8490842105263159,1.2738914832535886,109.68224258275194,3.39333510837593e-06,0.500312298192367
7.168421052631579,40.0,20,1.5,0.4248072727272727,0.8490842105263159,1.2738914832535886,111.74486049387446,3.3170457801748765e-06,0.500312298192367
7.168421052631579,40.0,30,1.1,0.4248072727272727,0.8490842105263159,1.2738914832535886,102.66664677456191,4.187917233859092e-06,0.500312298192367
7.168421052631579,40.0,30,1.2,0.4248072727272727,0.8490842105263159,1.2738914832535886,105.16374456813821,4.04878580893561e-06,0.500312298192367
7.168421052631579,40.0,30,1.3,0.4248072727272727,0.8490842105263159,1.2738914832535886,107.49465184921638,3.9270052202578704e-06,0.500312298192367
7.168421052631579,40.0,30,1.4,0.4248072727272727,0.8490842105263159,1.2738914832535886,109.68224258275194,3.819193492676782e-06,0.500312298192367
7.168421052631579,40.0,30,1.5,0.4248072727272727,0.8490842105263159,1.2738914832535886,111.74486049387446,3.722826126503003e-06,0.500312298192367
7.168421052631579,40.0,40,1.1,0.4248072727272727,0.8490842105263159,1.2738914832535886,102.66664677456191,4.856202110968406e-06,0.500312298192367
7.168421052631579,40.0,40,1.2,0.4248072727272727,0.8490842105263159,1.2738914832535886,105.16374456813821,4.670110724464675e-06,0.500312298192367
7.168421052631579,40.0,40,1.3,0.4248072727272727,0.8490842105263159,1.2738914832535886,107.49465184921638,4.508829870458427e-06,0.500312298192367
7.168421052631579,40.0,40,1.4,0.4248072727272727,0.8490842105263159,1.2738914832535886,109.68224258275194,4.3672805448610245e-06,0.500312298192367
7.168421052631579,40.0,40,1.5,0.4248072727272727,0.8490842105263159,1.2738914832535886,111.74486049387446,4.2417240797328175e-06,0.500312298192367
7.252631578947368,0.0,20,1.1,0.8001735885167465,0.7982641148325359,1.5984377033492825,102.66664677456191,4.619193648515168e-06,1.0023920324723743
7.252631578947368,0.0,20,1.2,0.8001735885167465,0.7982641148325359,1.5984377033492825,105.16374456813821,4.4837536402546085e-06,1.0023920324723743
7.252631578947368,0.0,20,1.3,0.8001735885167465,0.7982641148325359,1.5984377033492825,107.49465184921638,4.364303893490185e-06,1.0023920324723743
7.252631578947368,0.0,20,1.4,0.8001735885167465,0.7982641148325359,1.5984377033492825,109.68224258275194,4.257846801419559e-06,1.0023920324723743
7.252631578947368,0.0,20,1.5,0.8001735885167465,0.7982641148325359,1.5984377033492825,111.74486049387446,4.162121427505997e-06,1.0023920324723743
7.252631578947368,0.0,30,1.1,0.8001735885167465,0.7982641148325359,1.5984377033492825,102.66664677456191,5.254862673239203e-06,1.0023920324723743
7.252631578947368,0.0,30,1.2,0.8001735885167465,0.7982641148325359,1.5984377033492825,105.16374456813821,5.080285075192626e-06,1.0023920324723743
7.252631578947368,0.0,30,1.3,0.8001735885167465,0.7982641148325359,1.5984377033492825,107.49465184921638,4.9274787435407335e-06,1.0023920324723743
7.252631578947368,0.0,30,1.4,0.8001735885167465,0.7982641148325359,1.5984377033492825,109.68224258275194,4.7922000855904555e-06,1.0023920324723743
7.252631578947368,0.0,30,1.5,0.8001735885167465,0.7982641148325359,1.5984377033492825,111.74486049387446,4.671281441035886e-06,1.0023920324723743
7.252631578947368,0.0,40,1.1,0.8001735885167465,0.7982641148325359,1.5984377033492825,102.66664677456191,6.093404855357729e-06,1.0023920324723743
7.252631578947368,0.0,40,1.2,0.8001735885167465,0.7982641148325359,1.5984377033492825,105.16374456813821,5.859903421078265e-06,1.0023920324723743
7.252631578947368,0.0,40,1.3,0.8001735885167465,0.7982641148325359,1.5984377033492825,107.49465184921638,5.657533438029529e-06,1.0023920324723743
7.252631578947368,0.0,40,1.4,0.8001735885167465,0.7982641148325359,1.5984377033492825,109.68224258275194,5.47992193666312e-06,1.0023920324723743
7.252631578947368,0.0,40,1.5,0.8001735885167465,0.7982641148325359,1.5984377033492825,111.74486049387446,5.322377757744832e-06,1.0023920324723743
7.252631578947368,2.857142857142857,20,1.1,0.7735984962406015,0.8033741626794257,1.5769726589200272,102.66664677456191,4.5571635821041e-06,0.9629367387924003
7.252631578947368,2.857142857142857,20,1.2,0.7735984962406015,0.8033741626794257,1.5769726589200272,105.16374456813821,4.423542365898257e-06,0.9629367387924003
7.252631578947368,2.857142857142857,20,1.3,0.7735984962406015,0.8033741626794257,1.5769726589200272,107.49465184921638,4.305696681723192e-06,0.9629367387924003
7.252631578947368,2.857142857142857,20,1.4,0.7735984962406015,0.8033741626794257,1.5769726589200272,109.68224258275194,4.200669176934145e-06,0.9629367387924003
7.252631578947368,2.857142857142857,20,1.5,0.7735984962406015,0.8033741626794257,1.5769726589200272,111.74486049387446,4.10622927658002e-06,0.9629367387924003
7.252631578947368,2.857142857142857,30,1.1,0.7735984962406015,0.8033741626794257,1.5769726589200272,102.66664677456191,5.184296356820134e-06,0.9629367387924003
7.252631578947368,2.857142857142857,30,1.2,0.7735984962406015,0.8033741626794257,1.5769726589200272,105.16374456813821,5.012063120327699e-06,0.9629367387924003
7.252631578947368,2.857142857142857,30,1.3,0.7735984962406015,0.8033741626794257,1.5769726589200272,107.49465184921638,4.861308789007822e-06,0.9629367387924003
7.252631578947368,2.857142857142857,30,1.4,0.7735984962406015,0.8033741626794257,1.5769726589200272,109.68224258275194,4.727846756376848e-06,0.9629367387924003
7.252631578947368,2.857142857142857,30,1.5,0.7735984962406015,0.8033741626794257,1.5769726589200272,111.74486049387446,4.608551899895001e-06,0.9629367387924003
7.252631578947368,2.857142857142857,40,1.1,0.7735984962406015,0.8033741626794257,1.5769726589200272,102.66664677456191,6.0115779529569455e-06,0.9629367387924003
7.252631578947368,2.857142857142857,40,1.2,0.7735984962406015,0.8033741626794257,1.5769726589200272,105.16374456813821,5.781212154586596e-06,0.9629367387924003
7.252631578947368,2.857142857142857,40,1.3,0.7735984962406015,0.8033741626794257,1.5769726589200272,107.49465184921638,5.581559750501487e-06,0.9629367387924003
7.252631578947368,2.857142857142857,40,1.4,0.7735984962406015,0.8033741626794257,1.5769726589200272,109.68224258275194,5.406333352264206e-06,0.9629367387924003
7.252631578947368,2.857142857142857,40,1.5,0.7735984962406015,0.8033741626794257,1.5769726589200272,111.74486049387446,5.2509047971159075e-06,0.9629367387924003
7.252631578947368,5.714285714285714,20,1.1,0.7470234039644565,0.8084842105263157,1.5555076144907722,102.66664677456191,4.495133515693032e-06,0.9239802017631875
7.252631578947368,5.714285714285714,20,1.2,0.7470234039644565,0.8084842105263157,1.5555076144907722,105.16374456813821,4.363331091541906e-06,0.9239802017631875
7.252631578947368,5.714285714285714,20,1.3,0.7470234039644565,0.8084842105263157,1.5555076144907722,107.49465184921638,4.247089469956199e-06,0.9239802017631875
7.252631578947368,5.714285714285714,20,1.4,0.7470234039644565,0.8084842105263157,1.5555076144907722,109.68224258275194,4.143491552448731e-06,0.9239802017631875
7.252631578947368,5.714285714285714,20,1.5,0.7470234039644565,0.8084842105263157,1.5555076144907722,111.74486049387446,4.050337125654042e-06,0.9239802017631875
7.252631578947368,5.714285714285714,30,1.1,0.7470234039644565,0.8084842105263157,1.5555076144907722,102.66664677456191,5.113730040401067e-06,0.9239802017631875
7.252631578947368,5.714285714285714,30,1.2,0.7470234039644565,0.8084842105263157,1.5555076144907722,105.16374456813821,4.943841165462772e-06,0.9239802017631875
7.252631578947368,5.714285714285714,30,1.3,0.7470234039644565,0.8084842105263157,1.5555076144907722,107.49465184921638,4.795138834474912e-06,0.9239802017631875
7.252631578947368,5.714285714285714,30,1.4,0.7470234039644565,0.8084842105263157,1.5555076144907722,109.68224258275194,4.6634934271632405e-06,0.9239802017631875
7.252631578947368,5.714285714285714,30,1.5,0.7470234039644565,0.8084842105263157,1.5555076144907722,111.74486049387446,4.5458223587541166e-06,0.9239802017631875
7.252631578947368,5.714285714285714,40,1.1,0.7470234039644565,0.8084842105263157,1.5555076144907722,102.66664677456191,5.929751050556164e-06,0.9239802017631875
7.252631578947368,5.714285714285714,40,1.2,0.7470234039644565,0.8084842105263157,1.5555076144907722,105.16374456813821,5.702520888094928e-06,0.9239802017631875
7.252631578947368,5.714285714285714,40,1.3,0.7470234039644565,0.8084842105263157,1.5555076144907722,107.49465184921638,5.505586062973444e-06,0.9239802017631875
7.252631578947368,5.714285714285714,40,1.4,0.7470234039644565,0.8084842105263157,1.5555076144907722,109.68224258275194,5.332744767865293e-06,0.9239802017631875
7.252631578947368,5.714285714285714,40,1.5,0.7470234039644565,0.8084842105263157,1.5555076144907722,111.74486049387446,5.179431836486983e-06,0.9239802017631875
7.252631578947368,8.571428571428571,20,1.1,0.7204483116883117,0.8135942583732059,1.5340425700615175,102.66664677456191,4.433103449281965e-06,0.8855130235663893
7.252631578947368,8.571428571428571,20,1.2,0.7204483116883117,0.8135942583732059,1.5340425700615175,105.16374456813821,4.303119817185556e-06,0.8855130235663893
7.252631578947368,8.571428571428571,20,1.3,0.7204483116883117,0.8135942583732059,1.5340425700615175,107.49465184921638,4.188482258189206e-06,0.8855130235663893
7.252631578947368,8.571428571428571,20,1.4,0.7204483116883117,0.8135942583732059,1.5340425700615175,109.68224258275194,4.086313927963318e-06,0.8855130235663893
7.252631578947368,8.571428571428571,20,1.5,0.7204483116883117,0.8135942583732059,1.5340425700615175,111.74486049387446,3.994444974728066e-06,0.8855130235663893
7.252631578947368,8.571428571428571,30,1.1,0.7204483116883117,0.8135942583732059,1.5340425700615175,102.66664677456191,5.043163723982e-06,0.8855130235663893
7.252631578947368,8.571428571428571,30,1.2,0.7204483116883117,0.8135942583732059,1.5340425700615175,105.16374456813821,4.875619210597847e-06,0.8855130235663893
7.252631578947368,8.571428571428571,30,1.3,0.7204483116883117,0.8135942583732059,1.5340425700615175,107.49465184921638,4.7289688799420025e-06,0.8855130235663893
7.252631578947368,8.571428571428571,30,1.4,0.7204483116883117,0.8135942583732059,1.5340425700615175,109.68224258275194,4.599140097949634e-06,0.8855130235663893
7.252631578947368,8.571428571428571,30,1.5,0.7204483116883117,0.8135942583732059,1.5340425700615175,111.74486049387446,4.483092817613232e-06,0.8855130235663893
7.252631578947368,8.571428571428571,40,1.1,0.7204483116883117,0.8135942583732059,1.5340425700615175,102.66664677456191,5.8479241481553826e-06,0.8855130235663893
7.252631578947368,8.571428571428571,40,1.2,0.7204483116883117,0.8135942583732059,1.5340425700615175,105.16374456813821,5.623829621603261e-06,0.8855130235663893
7.252631578947368,8.571428571428571,40,1.3,0.7204483116883117,0.8135942583732059,1.5340425700615175,107.49465184921638,5.429612375445403e-06,0.8855130235663893
7.252631578947368,8.571428571428571,40,1.4,0.7204483116883117,0.8135942583732059,1.5340425700615175,109.68224258275194,5.259156183466381e-06,0.8855130235663893
7.252631578947368,8.571428571428571,40,1.5,0.7204483116883117,0.8135942583732059,1.5340425700615175,111.74486049387446,5.10795887585806e-06,0.8855130235663893
7.252631578947368,11.428571428571429,20,1.1,0.6937858099794942,0.818714149008886,1.5124999589883803,102.66664677456191,4.370849229406545e-06,0.8474090875543965
7.252631578947368,11.428571428571429,20,1.2,0.6937858099794942,0.818714149008886,1.5124999589883803,105.16374456813821,4.242690961799215e-06,0.8474090875543965
7.252631578947368,11.428571428571429,20,1.3,0.6937858099794942,0.818714149008886,1.5124999589883803,107.49465184921638,4.129663261874595e-06,0.8474090875543965
7.252631578947368,11.428571428571429,20,1.4,0.6937858099794942,0.818714149008886,1.5124999589883803,109.68224258275194,4.028929684924139e-06,0.8474090875543965
7.252631578947368,11.428571428571429,20,1.5,0.6937858099794942,0.818714149008886,1.5124999589883803,111.74486049387446,3.938350850469074e-06,0.8474090875543965
7.252631578947368,11.428571428571429,30,1.1,0.6937858099794942,0.818714149008886,1.5124999589883803,102.66664677456191,4.972342407283115e-06,0.8474090875543965
7.252631578947368,11.428571428571429,30,1.2,0.6937858099794942,0.818714149008886,1.5124999589883803,105.16374456813821,4.807150727099105e-06,0.8474090875543965
7.252631578947368,11.428571428571429,30,1.3,0.6937858099794942,0.818714149008886,1.5124999589883803,107.49465184921638,4.662559811937146e-06,0.8474090875543965
7.252631578947368,11.428571428571429,30,1.4,0.6937858099794942,0.818714149008886,1.5124999589883803,109.68224258275194,4.534554219868672e-06,0.8474090875543965
7.252631578947368,11.428571428571429,30,1.5,0.6937858099794942,0.818714149008886,1.5124999589883803,111.74486049387446,4.420136595367885e-06,0.8474090875543965
7.252631578947368,11.428571428571429,40,1.1,0.6937858099794942,0.818714149008886,1.5124999589883803,102.66664677456191,5.765801553927853e-06,0.8474090875543965
7.252631578947368,11.428571428571429,40,1.2,0.6937858099794942,0.818714149008886,1.5124999589883803,105.16374456813821,5.544853994300475e-06,0.8474090875543965
7.252631578947368,11.428571428571429,40,1.3,0.6937858099794942,0.818714149008886,1.5124999589883803,107.49465184921638,5.353364147420399e-06,0.8474090875543965
7.252631578947368,11.428571428571429,40,1.4,0.6937858099794942,0.818714149008886,1.5124999589883803,109.68224258275194,5.1853016774413255e-06,0.8474090875543965
7.252631578947368,11.428571428571429,40,1.5,0.6937858099794942,0.818714149008886,1.5124999589883803,111.74486049387446,5.036227638676176e-06,0.8474090875543965
7.252631578947368,14.285714285714286,20,1.1,0.6670358988380041,0.823843882433356,1.4908797812713601,102.66664677456191,4.30837085606677e-06,0.8096629872006887
7.252631578947368,14.285714285714286,20,1.2,0.6670358988380041,0.823843882433356,1.4908797812713601,105.16374456813821,4.182044525382883e-06,0.8096629872006887
7.252631578947368,14.285714285714286,20,1.3,0.6670358988380041,0.823843882433356,1.4908797812713601,107.49465184921638,4.0706324810123625e-06,0.8096629872006887
7.252631578947368,14.285714285714286,20,1.4,0.6670358988380041,0.823843882433356,1.4908797812713601,109.68224258275194,3.971338823331192e-06,0.8096629872006887
7.252631578947368,14.285714285714286,20,1.5,0.6670358988380041,0.823843882433356,1.4908797812713601,111.74486049387446,3.882054752877065e-06,0.8096629872006887
7.252631578947368,14.285714285714286,30,1.1,0.6670358988380041,0.823843882433356,1.4908797812713601,102.66664677456191,4.90126609030441e-06,0.8096629872006887
7.252631578947368,14.285714285714286,30,1.2,0.6670358988380041,0.823843882433356,1.4908797812713601,105.16374456813821,4.738435714966543e-06,0.8096629872006887
7.252631578947368,14.285714285714286,30,1.3,0.6670358988380041,0.823843882433356,1.4908797812713601,107.49465184921638,4.595911630460342e-06,0.8096629872006887
7.252631578947368,14.285714285714286,30,1.4,0.6670358988380041,0.823843882433356,1.4908797812713601,109.68224258275194,4.469735792920352e-06,0.8096629872006887
7.252631578947368,14.285714285714286,30,1.5,0.6670358988380041,0.823843882433356,1.4908797812713601,111.74486049387446,4.356953692018073e-06,0.8096629872006887
7.252631578947368,14.285714285714286,40,1.1,0.6670358988380041,0.823843882433356,1.4908797812713601,102.66664677456191,5.683383267873573e-06,0.8096629872006887
7.252631578947368,14.285714285714286,40,1.2,0.6670358988380041,0.823843882433356,1.4908797812713601,105.16374456813821,5.465594006186566e-06,0.8096629872006887
7.252631578947368,14.285714285714286,40,1.3,0.6670358988380041,0.823843882433356,1.4908797812713601,107.49465184921638,5.276841378898432e-06,0.8096629872006887
7.252631578947368,14.285714285714286,40,1.4,0.6670358988380041,0.823843882433356,1.4908797812713601,109.68224258275194,5.111181249790123e-06,0.8096629872006887
7.252631578947368,14.285714285714286,40,1.5,0.6670358988380041,0.823843882433356,1.4908797812713601,111.74486049387446,4.96423812494133e-06,0.8096629872006887
7.252631578947368,17.142857142857142,20,1.1,0.6402859876965139,0.8289736158578264,1.4692596035543404,102.66664677456191,4.2458924827269964e-06,0.772384036654704
7.252631578947368,17.142857142857142,20,1.2,0.6402859876965139,0.8289736158578264,1.4692596035543404,105.16374456813821,4.121398088966552e-06,0.772384036654704
7.252631578947368,17.142857142857142,20,1.3,0.6402859876965139,0.8289736158578264,1.4692596035543404,107.49465184921638,4.011601700150132e-06,0.772384036654704
7.252631578947368,17.142857142857142,20,1.4,0.6402859876965139,0.8289736158578264,1.4692596035543404,109.68224258275194,3.913747961738246e-06,0.772384036654704
7.252631578947368,17.142857142857142,20,1.5,0.6402859876965139,0.8289736158578264,1.4692596035543404,111.74486049387446,3.825758655285057e-06,0.772384036654704
7.252631578947368,17.142857142857142,30,1.1,0.6402859876965139,0.8289736158578264,1.4692596035543404,102.66664677456191,4.830189773325705e-06,0.772384036654704
7.252631578947368,17.142857142857142,30,1.2,0.6402859876965139,0.8289736158578264,1.4692596035543404,105.16374456813821,4.669720702833983e-06,0.772384036654704
7.252631578947368,17.142857142857142,30,1.3,0.6402859876965139,0.8289736158578264,1.4692596035543404,107.49465184921638,4.529263448983538e-06,0.772384036654704
7.252631578947368,17.142857142857142,30,1.4,0.6402859876965139,0.8289736158578264,1.4692596035543404,109.68224258275194,4.404917365972034e-06,0.772384036654704
7.252631578947368,17.142857142857142,30,1.5,0.6402859876965139,0.8289736158578264,1.4692596035543404,111.74486049387446,4.293770788668262e-06,0.772384036654704
7.252631578947368,17.142857142857142,40,1.1,0.6402859876965139,0.8289736158578264,1.4692596035543404,102.66664677456191,5.6009649818192945e-06,0.772384036654704
7.252631578947368,17.142857142857142,40,1.2,0.6402859876965139,0.8289736158578264,1.4692596035543404,105.16374456813821,5.38633401807266e-06,0.772384036654704
7.252631578947368,17.142857142857142,40,1.3,0.6402859876965139,0.8289736158578264,1.4692596035543404,107.49465184921638,5.200318610376466e-06,0.772384036654704
7.252631578947368,17.142857142857142,40,1.4,0.6402859876965139,0.8289736158578264,1.4692596035543404,109.68224258275194,5.037060822138923e-06,0.772384036654704
7.252631578947368,17.142857142857142,40,1.5,0.6402859876965139,0.8289736158578264,1.4692596035543404,111.74486049387446,4.892248611206486e-06,0.772384036654704
7.252631578947368,20.0,20,1.1,0.6135360765550238,0.8341033492822967,1.4476394258373206,102.66664677456191,4.183414109387223e-06,0.7355636170061424
7.252631578947368,20.0,20,1.2,0.6135360765550238,0.8341033492822967,1.4476394258373206,105.16374456813821,4.0607516525502204e-06,0.7355636170061424
7.252631578947368,20.0,20,1.3,0.6135360765550238,0.8341033492822967,1.4476394258373206,107.49465184921638,3.952570919287901e-06,0.7355636170061424
7.252631578947368,20.0,20,1.4,0.6135360765550238,0.8341033492822967,1.4476394258373206,109.68224258275194,3.8561571001453e-06,0.7355636170061424
7.252631578947368,20.0,20,1.5,0.6135360765550238,0.8341033492822967,1.4476394258373206,111.74486049387446,3.76946255769305e-06,0.7355636170061424
7.252631578947368,20.0,30,1.1,0.6135360765550238,0.8341033492822967,1.4476394258373206,102.66664677456191,4.759113456347002e-06,0.7355636170061424
7.252631578947368,20.0,30,1.2,0.6135360765550238,0.8341033492822967,1.4476394258373206,105.16374456813821,4.6010056907014235e-06,0.7355636170061424
7.252631578947368,20.0,30,1.3,0.6135360765550238,0.8341033492822967,1.4476394258373206,107.49465184921638,4.462615267506735e-06,0.7355636170061424
7.252631578947368,20.0,30,1.4,0.6135360765550238,0.8341033492822967,1.4476394258373206,109.68224258275194,4.340098939023716e-06,0.7355636170061424
7.252631578947368,20.0,30,1.5,0.6135360765550238,0.8341033492822967,1.4476394258373206,111.74486049387446,4.23058788531845e-06,0.7355636170061424
7.252631578947368,20.0,40,1.1,0.6135360765550238,0.8341033492822967,1.4476394258373206,102.66664677456191,5.518546695765017e-06,0.7355636170061424
7.252631578947368,20.0,40,1.2,0.6135360765550238,0.8341033492822967,1.4476394258373206,105.16374456813821,5.307074029958753e-06,0.7355636170061424
7.252631578947368,20.0,40,1.3,0.6135360765550238,0.8341033492822967,1.4476394258373206,107.49465184921638,5.1237958418545e-06,0.7355636170061424
7.252631578947368,20.0,40,1.4,0.6135360765550238,0.8341033492822967,1.4476394258373206,109.68224258275194,4.9629403944877226e-06,0.7355636170061424
7.252631578947368,20.0,40,1.5,0.6135360765550238,0.8341033492822967,1.4476394258373206,111.74486049387446,4.820259097471641e-06,0.7355636170061424
7.252631578947368,22.857142857142858,20,1.1,0.586826848940533,0.8392265208475734,1.4260533697881064,102.66664677456191,4.121034341448757e-06,0.6992472644309068
7.252631578947368,22.857142857142858,20,1.2,0.586826848940533,0.8392265208475734,1.4260533697881064,105.16374456813821,4.000200930312748e-06,0.6992472644309068
7.252631578947368,22.857142857142858,20,1.3,0.586826848940533,0.8392265208475734,1.4260533697881064,107.49465184921638,3.893633302724375e-06,0.6992472644309068
7.252631578947368,22.857142857142858,20,1.4,0.586826848940533,0.8392265208475734,1.4260533697881064,109.68224258275194,3.7986571303236257e-06,0.6992472644309068
7.252631578947368,22.857142857142858,20,1.5,0.586826848940533,0.8392265208475734,1.4260533697881064,111.74486049387446,3.7132553084336476e-06,0.6992472644309068
7.252631578947368,22.857142857142858,30,1.1,0.586826848940533,0.8392265208475734,1.4260533697881064,102.66664677456191,4.688149314323959e-06,0.6992472644309068
7.252631578947368,22.857142857142858,30,1.2,0.586826848940533,0.8392265208475734,1.4260533697881064,105.16374456813821,4.532399126836399e-06,0.6992472644309068
7.252631578947368,22.857142857142858,30,1.3,0.586826848940533,0.8392265208475734,1.4260533697881064,107.49465184921638,4.39607227235809e-06,0.6992472644309068
7.252631578947368,22.857142857142858,30,1.4,0.586826848940533,0.8392265208475734,1.4260533697881064,109.68224258275194,4.2753828106254354e-06,0.6992472644309068
7.252631578947368,22.857142857142858,30,1.5,0.586826848940533,0.8392265208475734,1.4260533697881064,111.74486049387446,4.167504699282128e-06,0.6992472644309068
7.252631578947368,22.857142857142858,40,1.1,0.586826848940533,0.8392265208475734,1.4260533697881064,102.66664677456191,5.436258484930963e-06,0.6992472644309068
7.252631578947368,22.857142857142858,40,1.2,0.586826848940533,0.8392265208475734,1.4260533697881064,105.16374456813821,5.227939132536519e-06,0.6992472644309068
7.252631578947368,22.857142857142858,40,1.3,0.586826848940533,0.8392265208475734,1.4260533697881064,107.49465184921638,5.0473938440552006e-06,0.6992472644309068
7.252631578947368,22.857142857142858,40,1.4,0.586826848940533,0.8392265208475734,1.4260533697881064,109.68224258275194,4.888936946106674e-06,0.6992472644309068
7.252631578947368,22.857142857142858,40,1.5,0.586826848940533,0.8392265208475734,1.4260533697881064,111.74486049387446,4.748383199929286e-06,0.6992472644309068
7.252631578947368,25.714285714285715,20,1.1,0.5601176213260424,0.8443496924128504,1.4044673137388928,102.66664677456191,4.0586545735102925e-06,0.663371617659297
7.252631578947368,25.714285714285715,20,1.2,0.5601176213260424,0.8443496924128504,1.4044673137388928,105.16374456813821,3.939650208075279e-06,0.663371617659297
7.252631578947368,25.714285714285715,20,1.3,0.5601176213260424,0.8443496924128504,1.4044673137388928,107.49465184921638,3.83469568616085e-06,0.663371617659297
7.252631578947368,25.714285714285715,20,1.4,0.5601176213260424,0.8443496924128504,1.4044673137388928,109.68224258275194,3.741157160501953e-06,0.663371617659297
7.252631578947368,25.714285714285715,20,1.5,0.5601176213260424,0.8443496924128504,1.4044673137388928,111.74486049387446,3.657048059174247e-06,0.663371617659297
7.252631578947368,25.714285714285715,30,1.1,0.5601176213260424,0.8443496924128504,1.4044673137388928,102.66664677456191,4.617185172300918e-06,0.663371617659297
7.252631578947368,25.714285714285715,30,1.2,0.5601176213260424,0.8443496924128504,1.4044673137388928,105.16374456813821,4.463792562971378e-06,0.663371617659297
7.252631578947368,25.714285714285715,30,1.3,0.5601176213260424,0.8443496924128504,1.4044673137388928,107.49465184921638,4.3295292772094475e-06,0.663371617659297
7.252631578947368,25.714285714285715,30,1.4,0.5601176213260424,0.8443496924128504,1.4044673137388928,109.68224258275194,4.210666682227157e-06,0.663371617659297
7.252631578947368,25.714285714285715,30,1.5,0.5601176213260424,0.8443496924128504,1.4044673137388928,111.74486049387446,4.104421513245808e-06,0.663371617659297
7.252631578947368,25.714285714285715,40,1.1,0.5601176213260424,0.8443496924128504,1.4044673137388928,102.66664677456191,5.353970274096912e-06,0.663371617659297
7.252631578947368,25.714285714285715,40,1.2,0.5601176213260424,0.8443496924128504,1.4044673137388928,105.16374456813821,5.148804235114287e-06,0.663371617659297
7.252631578947368,25.714285714285715,40,1.3,0.5601176213260424,0.8443496924128504,1.4044673137388928,107.49465184921638,4.970991846255903e-06,0.663371617659297
7.252631578947368,25.714285714285715,40,1.4,0.5601176213260424,0.8443496924128504,1.4044673137388928,109.68224258275194,4.8149334977256295e-06,0.663371617659297
7.252631578947368,25.714285714285715,40,1.5,0.5601176213260424,0.8443496924128504,1.4044673137388928,111.74486049387446,4.676507302386932e-06,0.663371617659297
7.252631578947368,28.571428571428573,20,1.1,0.5334083937115516,0.849472863978127,1.3828812576896787,102.66664677456191,3.996274805571827e-06,0.6279287030000834
7.252631578947368,28.571428571428573,20,1.2,0.5334083937115516,0.849472863978127,1.3828812576896787,105.16374456813821,3.8790994858378075e-06,0.6279287030000834
7.252631578947368,28.571428571428573,20,1.3,0.5334083937115516,0.849472863978127,1.3828812576896787,107.49465184921638,3.7757580695973253e-06,0.6279287030000834
7.252631578947368,28.571428571428573,20,1.4,0.5334083937115516,0.849472863978127,1.3828812576896787,109.68224258275194,3.683657190680279e-06,0.6279287030000834
7.252631578947368,28.571428571428573,20,1.5,0.5334083937115516,0.849472863978127,1.3828812576896787,111.74486049387446,3.6008408099148447e-06,0.6279287030000834
7.252631578947368,28.571428571428573,30,1.1,0.5334083937115516,0.849472863978127,1.3828812576896787,102.66664677456191,4.546221030277875e-06,0.6279287030000834
7.252631578947368,28.571428571428573,30,1.2,0.5334083937115516,0.849472863978127,1.3828812576896787,105.16374456813821,4.395185999106354e-06,0.6279287030000834
7.252631578947368,28.571428571428573,30,1.3,0.5334083937115516,0.849472863978127,1.3828812576896787,107.49465184921638,4.262986282060803e-06,0.6279287030000834
7.252631578947368,28.571428571428573,30,1.4,0.5334083937115516,0.849472863978127,1.3828812576896787,109.68224258275194,4.145950553828877e-06,0.6279287030000834
7.252631578947368,28.571428571428573,30,1.5,0.5334083937115516,0.849472863978127,1.3828812576896787,111.74486049387446,4.041338327209485e-06,0.6279287030000834
7.252631578947368,28.571428571428573,40,1.1,0.5334083937115516,0.849472863978127,1.3828812576896787,102.66664677456191,5.271682063262859e-06,0.6279287030000834
7.252631578947368,28.571428571428573,40,1.2,0.5334083937115516,0.849472863978127,1.3828812576896787,105.16374456813821,5.069669337692053e-06,0.6279287030000834
7.252631578947368,28.571428571428573,40,1.3,0.5334083937115516,0.849472863978127,1.3828812576896787,107.49465184921638,4.894589848456604e-06,0.6279287030000834
7.252631578947368,28.571428571428573,40,1.4,0.5334083937115516,0.849472863978127,1.3828812576896787,109.68224258275194,4.740930049344582e-06,0.6279287030000834
7.252631578947368,28.571428571428573,40,1.5,0.5334083937115516,0.849472863978127,1.3828812576896787,111.74486049387446,4.604631404844577e-06,0.6279287030000834
7.252631578947368,31.42857142857143,20,1.1,0.5069333697881067,0.8544761449077241,1.3614095146958307,102.66664677456191,3.9342253815298945e-06,0.5932680190186597
7.252631578947368,31.42857142857143,20,1.2,0.5069333697881067,0.8544761449077241,1.3614095146958307,105.16374456813821,3.818869421438332e-06,0.5932680190186597
7.252631578947368,31.42857142857143,20,1.3,0.5069333697881067,0.8544761449077241,1.3614095146958307,107.49465184921638,3.7171325683646417e-06,0.5932680190186597
7.252631578947368,31.42857142857143,20,1.4,0.5069333697881067,0.8544761449077241,1.3614095146958307,109.68224258275194,3.6264617228583584e-06,0.5932680190186597
7.252631578947368,31.42857142857143,20,1.5,0.5069333697881067,0.8544761449077241,1.3614095146958307,111.74486049387446,3.5449312168081883e-06,0.5932680190186597
7.252631578947368,31.42857142857143,30,1.1,0.5069333697881067,0.8544761449077241,1.3614095146958307,102.66664677456191,4.475632692333058e-06,0.5932680190186597
7.252631578947368,31.42857142857143,30,1.2,0.5069333697881067,0.8544761449077241,1.3614095146958307,105.16374456813821,4.326942754317113e-06,0.5932680190186597
7.252631578947368,31.42857142857143,30,1.3,0.5069333697881067,0.8544761449077241,1.3614095146958307,107.49465184921638,4.1967956779682794e-06,0.5932680190186597
7.252631578947368,31.42857142857143,30,1.4,0.5069333697881067,0.8544761449077241,1.3614095146958307,109.68224258275194,4.081577141967226e-06,0.5932680190186597
7.252631578947368,31.42857142857143,30,1.5,0.5069333697881067,0.8544761449077241,1.3614095146958307,111.74486049387446,3.978589210153694e-06,0.5932680190186597
7.252631578947368,31.42857142857143,40,1.1,0.5069333697881067,0.8544761449077241,1.3614095146958307,102.66664677456191,5.1898296252619535e-06,0.5932680190186597
7.252631578947368,31.42857142857143,40,1.2,0.5069333697881067,0.8544761449077241,1.3614095146958307,105.16374456813821,4.990953514133511e-06,0.5932680190186597
7.252631578947368,31.42857142857143,40,1.3,0.5069333697881067,0.8544761449077241,1.3614095146958307,107.49465184921638,4.818592451932527e-06,0.5932680190186597
7.252631578947368,31.42857142857143,40,1.4,0.5069333697881067,0.8544761449077241,1.3614095146958307,109.68224258275194,4.667318500265231e-06,0.5932680190186597
7.252631578947368,31.42857142857143,40,1.5,0.5069333697881067,0.8544761449077241,1.3614095146958307,111.74486049387446,4.533136139754788e-06,0.5932680190186597
7.252631578947368,34.285714285714285,20,1.1,0.4806925495557075,0.8593595352016405,1.340052084757348,102.66664677456191,3.8725063013844925e-06,0.5593613963251337
7.252631578947368,34.285714285714285,20,1.2,0.4806925495557075,0.8593595352016405,1.340052084757348,105.16374456813821,3.7589600148768497e-06,0.5593613963251337
7.252631578947368,34.285714285714285,20,1.3,0.4806925495557075,0.8593595352016405,1.340052084757348,107.49465184921638,3.6588191824627976e-06,0.5593613963251337
7.252631578947368,34.285714285714285,20,1.4,0.4806925495557075,0.8593595352016405,1.340052084757348,109.68224258275194,3.5695707570361893e-06,0.5593613963251337
7.252631578947368,34.285714285714285,20,1.5,0.4806925495557075,0.8593595352016405,1.340052084757348,111.74486049387446,3.4893192798542763e-06,0.5593613963251337
7.252631578947368,34.285714285714285,30,1.1,0.4806925495557075,0.8593595352016405,1.340052084757348,102.66664677456191,4.405420158466463e-06,0.5593613963251337
7.252631578947368,34.285714285714285,30,1.2,0.4806925495557075,0.8593595352016405,1.340052084757348,105.16374456813821,4.2590628286036514e-06,0.5593613963251337
7.252631578947368,34.285714285714285,30,1.3,0.4806925495557075,0.8593595352016405,1.340052084757348,107.49465184921638,4.130957464931873e-06,0.5593613963251337
7.252631578947368,34.285714285714285,30,1.4,0.4806925495557075,0.8593595352016405,1.340052084757348,109.68224258275194,4.017546446642202e-06,0.5593613963251337
7.252631578947368,34.285714285714285,30,1.5,0.4806925495557075,0.8593595352016405,1.340052084757348,111.74486049387446,3.916174162078431e-06,0.5593613963251337
7.252631578947368,34.285714285714285,40,1.1,0.4806925495557075,0.8593595352016405,1.340052084757348,102.66664677456191,5.108412960094193e-06,0.5593613963251337
7.252631578947368,34.285714285714285,40,1.2,0.4806925495557075,0.8593595352016405,1.340052084757348,105.16374456813821,4.912656764438658e-06,0.5593613963251337
7.252631578947368,34.285714285714285,40,1.3,0.4806925495557075,0.8593595352016405,1.340052084757348,107.49465184921638,4.742999656683668e-06,0.5593613963251337
7.252631578947368,34.285714285714285,40,1.4,0.4806925495557075,0.8593595352016405,1.340052084757348,109.68224258275194,4.594098850487575e-06,0.5593613963251337
7.252631578947368,34.285714285714285,40,1.5,0.4806925495557075,0.8593595352016405,1.340052084757348,111.74486049387446,4.462021507117564e-06,0.5593613963251337
7.252631578947368,37.142857142857146,20,1.1,0.45445172932330824,0.864242925495557,1.3186946548188652,102.66664677456191,3.8107872212390896e-06,0.5258379512481697
7.252631578947368,37.142857142857146,20,1.2,0.45445172932330824,0.864242925495557,1.3186946548188652,105.16374456813821,3.6990506083153667e-06,0.5258379512481697
7.252631578947368,37.142857142857146,20,1.3,0.45445172932330824,0.864242925495557,1.3186946548188652,107.49465184921638,3.6005057965609534e-06,0.5258379512481697
7.252631578947368,37.142857142857146,20,1.4,0.45445172932330824,0.864242925495557,1.3186946548188652,109.68224258275194,3.5126797912140193e-06,0.5258379512481697
7.252631578947368,37.142857142857146,20,1.5,0.45445172932330824,0.864242925495557,1.3186946548188652,111.74486049387446,3.433707342900363e-06,0.5258379512481697
7.252631578947368,37.142857142857146,30,1.1,0.45445172932330824,0.864242925495557,1.3186946548188652,102.66664677456191,4.335207624599867e-06,0.5258379512481697
7.252631578947368,37.142857142857146,30,1.2,0.45445172932330824,0.864242925495557,1.3186946548188652,105.16374456813821,4.191182902890188e-06,0.5258379512481697
7.252631578947368,37.142857142857146,30,1.3,0.45445172932330824,0.864242925495557,1.3186946548188652,107.49465184921638,4.065119251895466e-06,0.5258379512481697
7.252631578947368,37.142857142857146,30,1.4,0.45445172932330824,0.864242925495557,1.3186946548188652,109.68224258275194,3.953515751317178e-06,0.5258379512481697
7.252631578947368,37.142857142857146,30,1.5,0.45445172932330824,0.864242925495557,1.3186946548188652,111.74486049387446,3.853759114003168e-06,0.5258379512481697
7.252631578947368,37.142857142857146,40,1.1,0.45445172932330824,0.864242925495557,1.3186946548188652,102.66664677456191,5.026996294926431e-06,0.5258379512481697
7.252631578947368,37.142857142857146,40,1.2,0.45445172932330824,0.864242925495557,1.3186946548188652,105.16374456813821,4.834360014743805e-06,0.5258379512481697
7.252631578947368,37.142857142857146,40,1.3,0.45445172932330824,0.864242925495557,1.3186946548188652,107.49465184921638,4.667406861434808e-06,0.5258379512481697
7.252631578947368,37.142857142857146,40,1.4,0.45445172932330824,0.864242925495557,1.3186946548188652,109.68224258275194,4.520879200709917e-06,0.5258379512481697
7.252631578947368,37.142857142857146,40,1.5,0.45445172932330824,0.864242925495557,1.3186946548188652,111.74486049387446,4.390906874480338e-06,0.5258379512481697
7.252631578947368,40.0,20,1.1,0.4282109090909091,0.8691263157894737,1.297337224880383,102.66664677456191,3.749068141093689e-06,0.49269122486751804
7.252631578947368,40.0,20,1.2,0.4282109090909091,0.8691263157894737,1.297337224880383,105.16374456813821,3.6391412017538855e-06,0.49269122486751804
7.252631578947368,40.0,20,1.3,0.4282109090909091,0.8691263157894737,1.297337224880383,107.49465184921638,3.5421924106591106e-06,0.49269122486751804
7.252631578947368,40.0,20,1.4,0.4282109090909091,0.8691263157894737,1.297337224880383,109.68224258275194,3.4557888253918514e-06,0.49269122486751804
7.252631578947368,40.0,20,1.5,0.4282109090909091,0.8691263157894737,1.297337224880383,111.74486049387446,3.378095405946452e-06,0.49269122486751804
7.252631578947368,40.0,30,1.1,0.4282109090909091,0.8691263157894737,1.297337224880383,102.66664677456191,4.2649950907332735e-06,0.49269122486751804
7.252631578947368,40.0,30,1.2,0.4282109090909091,0.8691263157894737,1.297337224880383,105.16374456813821,4.1233029771767284e-06,0.49269122486751804
7.252631578947368,40.0,30,1.3,0.4282109090909091,0.8691263157894737,1.297337224880383,107.49465184921638,3.999281038859062e-06,0.49269122486751804
7.252631578947368,40.0,30,1.4,0.4282109090909091,0.8691263157894737,1.297337224880383,109.68224258275194,3.889485055992155e-06,0.49269122486751804
7.252631578947368,40.0,30,1.5,0.4282109090909091,0.8691263157894737,1.297337224880383,111.74486049387446,3.791344065927906e-06,0.49269122486751804
7.252631578947368,40.0,40,1.1,0.4282109090909091,0.8691263157894737,1.297337224880383,102.66664677456191,4.945579629758672e-06,0.49269122486751804
7.252631578947368,40.0,40,1.2,0.4282109090909091,0.8691263157894737,1.297337224880383,105.16374456813821,4.7560632650489536e-06,0.49269122486751804
7.252631578947368,40.0,40,1.3,0.4282109090909091,0.8691263157894737,1.297337224880383,107.49465184921638,4.591814066185951e-06,0.49269122486751804
7.252631578947368,40.0,40,1.4,0.4282109090909091,0.8691263157894737,1.297337224880383,109.68224258275194,4.447659550932261e-06,0.49269122486751804
7.252631578947368,40.0,40,1.5,0.4282109090909091,0.8691263157894737,1.297337224880383,111.74486049387446,4.319792241843114e-06,0.49269122486751804
7.336842105263158,0.0,20,1.1,0.8045647846889953,0.8183521531100479,1.6229169377990433,102.66664677456191,4.689934174751455e-06,0.9831522794084974
7.336842105263158,0.0,20,1.2,0.8045647846889953,0.8183521531100479,1.6229169377990433,105.16374456813821,4.552419973853208e-06,0.9831522794084974
7.336842105263158,0.0,20,1.3,0.8045647846889953,0.8183521531100479,1.6229169377990433,107.49465184921638,4.431140916913053e-06,0.9831522794084974
7.336842105263158,0.0,20,1.4,0.8045647846889953,0.8183521531100479,1.6229169377990433,109.68224258275194,4.323053490353834e-06,0.9831522794084974
7.336842105263158,0.0,20,1.5,0.8045647846889953,0.8183521531100479,1.6229169377990433,111.74486049387446,4.225862132582465e-06,0.9831522794084974
7.336842105263158,0.0,30,1.1,0.8045647846889953,0.8183521531100479,1.6229169377990433,102.66664677456191,5.3353381369435335e-06,0.9831522794084974
7.336842105263158,0.0,30,1.2,0.8045647846889953,0.8183521531100479,1.6229169377990433,105.16374456813821,5.158086974613967e-06,0.9831522794084974
7.336842105263158,0.0,30,1.3,0.8045647846889953,0.8183521531100479,1.6229169377990433,107.49465184921638,5.002940494196766e-06,0.9831522794084974
7.336842105263158,0.0,30,1.4,0.8045647846889953,0.8183521531100479,1.6229169377990433,109.68224258275194,4.865590114604117e-06,0.9831522794084974
7.336842105263158,0.0,30,1.5,0.8045647846889953,0.8183521531100479,1.6229169377990433,111.74486049387446,4.742819664475143e-06,0.9831522794084974
7.336842105263158,0.0,40,1.1,0.8045647846889953,0.8183521531100479,1.6229169377990433,102.66664677456191,6.186722152452928e-06,0.9831522794084974
7.336842105263158,0.0,40,1.2,0.8045647846889953,0.8183521531100479,1.6229169377990433,105.16374456813821,5.949644766266108e-06,0.9831522794084974
7.336842105263158,0.0,40,1.3,0.8045647846889953,0.8183521531100479,1.6229169377990433,107.49465184921638,5.7441755931455515e-06,0.9831522794084974
7.336842105263158,0.0,40,1.4,0.8045647846889953,0.8183521531100479,1.6229169377990433,109.68224258275194,5.563844064859223e-06,0.9831522794084974
7.336842105263158,0.0,40,1.5,0.8045647846889953,0.8183521531100479,1.6229169377990433,111.74486049387446,5.4038871795315126e-06,0.9831522794084974
7.336842105263158,2.857142857142857,20,1.1,0.7778932330827069,0.8234512645249488,1.6013444976076556,102.66664677456191,4.627593754160627e-06,0.9446742832212123
7.336842105263158,2.857142857142857,20,1.2,0.7778932330827069,0.8234512645249488,1.6013444976076556,105.16374456813821,4.4919074452544164e-06,0.9446742832212123
7.336842105263158,2.857142857142857,20,1.3,0.7778932330827069,0.8234512645249488,1.6013444976076556,107.49465184921638,4.372240476487953e-06,0.9446742832212123
7.336842105263158,2.857142857142857,20,1.4,0.7778932330827069,0.8234512645249488,1.6013444976076556,109.68224258275194,4.265589789844735e-06,0.9446742832212123
7.336842105263158,2.857142857142857,20,1.5,0.7778932330827069,0.8234512645249488,1.6013444976076556,111.74486049387446,4.169690337225016e-06,0.9446742832212123
7.336842105263158,2.857142857142857,30,1.1,0.7778932330827069,0.8234512645249488,1.6013444976076556,102.66664677456191,5.264418757042222e-06,0.9446742832212123
7.336842105263158,2.857142857142857,30,1.2,0.7778932330827069,0.8234512645249488,1.6013444976076556,105.16374456813821,5.089523685778779e-06,0.9446742832212123
7.336842105263158,2.857142857142857,30,1.3,0.7778932330827069,0.8234512645249488,1.6013444976076556,107.49465184921638,4.936439472438686e-06,0.9446742832212123
7.336842105263158,2.857142857142857,30,1.4,0.7778932330827069,0.8234512645249488,1.6013444976076556,109.68224258275194,4.800914807261861e-06,0.9446742832212123
7.336842105263158,2.857142857142857,30,1.5,0.7778932330827069,0.8234512645249488,1.6013444976076556,111.74486049387446,4.679776269482185e-06,0.9446742832212123
7.336842105263158,2.857142857142857,40,1.1,0.7778932330827069,0.8234512645249488,1.6013444976076556,102.66664677456191,6.104485846634638e-06,0.9446742832212123
7.336842105263158,2.857142857142857,40,1.2,0.7778932330827069,0.8234512645249488,1.6013444976076556,105.16374456813821,5.8705597848410325e-06,0.9446742832212123
7.336842105263158,2.857142857142857,40,1.3,0.7778932330827069,0.8234512645249488,1.6013444976076556,107.49465184921638,5.667821787509625e-06,0.9446742832212123
7.336842105263158,2.857142857142857,40,1.4,0.7778932330827069,0.8234512645249488,1.6013444976076556,109.68224258275194,5.4898872957061704e-06,0.9446742832212123
7.336842105263158,2.857142857142857,40,1.5,0.7778932330827069,0.8234512645249488,1.6013444976076556,111.74486049387446,5.332056619219814e-06,0.9446742832212123
7.336842105263158,5.714285714285714,20,1.1,0.7512216814764183,0.8285503759398498,1.5797720574162681,102.66664677456191,4.565253333569799e-06,0.9066698939388987
7.336842105263158,5.714285714285714,20,1.2,0.7512216814764183,0.8285503759398498,1.5797720574162681,105.16374456813821,4.431394916655627e-06,0.9066698939388987
7.336842105263158,5.714285714285714,20,1.3,0.7512216814764183,0.8285503759398498,1.5797720574162681,107.49465184921638,4.313340036062854e-06,0.9066698939388987
7.336842105263158,5.714285714285714,20,1.4,0.7512216814764183,0.8285503759398498,1.5797720574162681,109.68224258275194,4.208126089335637e-06,0.9066698939388987
7.336842105263158,5.714285714285714,20,1.5,0.7512216814764183,0.8285503759398498,1.5797720574162681,111.74486049387446,4.1135185418675675e-06,0.9066698939388987
7.336842105263158,5.714285714285714,30,1.1,0.7512216814764183,0.8285503759398498,1.5797720574162681,102.66664677456191,5.193499377140911e-06,0.9066698939388987
7.336842105263158,5.714285714285714,30,1.2,0.7512216814764183,0.8285503759398498,1.5797720574162681,105.16374456813821,5.02096039694359e-06,0.9066698939388987
7.336842105263158,5.714285714285714,30,1.3,0.7512216814764183,0.8285503759398498,1.5797720574162681,107.49465184921638,4.869938450680606e-06,0.9066698939388987
7.336842105263158,5.714285714285714,30,1.4,0.7512216814764183,0.8285503759398498,1.5797720574162681,109.68224258275194,4.736239499919607e-06,0.9066698939388987
7.336842105263158,5.714285714285714,30,1.5,0.7512216814764183,0.8285503759398498,1.5797720574162681,111.74486049387446,4.616732874489227e-06,0.9066698939388987
7.336842105263158,5.714285714285714,40,1.1,0.7512216814764183,0.8285503759398498,1.5797720574162681,102.66664677456191,6.0222495408163494e-06,0.9066698939388987
7.336842105263158,5.714285714285714,40,1.2,0.7512216814764183,0.8285503759398498,1.5797720574162681,105.16374456813821,5.791474803415957e-06,0.9066698939388987
7.336842105263158,5.714285714285714,40,1.3,0.7512216814764183,0.8285503759398498,1.5797720574162681,107.49465184921638,5.591467981873699e-06,0.9066698939388987
7.336842105263158,5.714285714285714,40,1.4,0.7512216814764183,0.8285503759398498,1.5797720574162681,109.68224258275194,5.4159305265531185e-06,0.9066698939388987
7.336842105263158,5.714285714285714,40,1.5,0.7512216814764183,0.8285503759398498,1.5797720574162681,111.74486049387446,5.260226058908117e-06,0.9066698939388987
7.336842105263158,8.571428571428571,20,1.1,0.7245501298701298,0.8336494873547504,1.5581996172248802,102.66664677456191,4.50291291297897e-06,0.8691304209508923
7.336842105263158,8.571428571428571,20,1.2,0.7245501298701298,0.8336494873547504,1.5581996172248802,105.16374456813821,4.370882388056834e-06,0.8691304209508923
7.336842105263158,8.571428571428571,20,1.3,0.7245501298701298,0.8336494873547504,1.5581996172248802,107.49465184921638,4.254439595637754e-06,0.8691304209508923
7.336842105263158,8.571428571428571,20,1.4,0.7245501298701298,0.8336494873547504,1.5581996172248802,109.68224258275194,4.1506623888265376e-06,0.8691304209508923
7.336842105263158,8.571428571428571,20,1.5,0.7245501298701298,0.8336494873547504,1.5581996172248802,111.74486049387446,4.057346746510119e-06,0.8691304209508923
7.336842105263158,8.571428571428571,30,1.1,0.7245501298701298,0.8336494873547504,1.5581996172248802,102.66664677456191,5.122579997239598e-06,0.8691304209508923
7.336842105263158,8.571428571428571,30,1.2,0.7245501298701298,0.8336494873547504,1.5581996172248802,105.16374456813821,4.952397108108401e-06,0.8691304209508923
7.336842105263158,8.571428571428571,30,1.3,0.7245501298701298,0.8336494873547504,1.5581996172248802,107.49465184921638,4.803437428922525e-06,0.8691304209508923
7.336842105263158,8.571428571428571,30,1.4,0.7245501298701298,0.8336494873547504,1.5581996172248802,109.68224258275194,4.671564192577351e-06,0.8691304209508923
7.336842105263158,8.571428571428571,30,1.5,0.7245501298701298,0.8336494873547504,1.5581996172248802,111.74486049387446,4.553689479496268e-06,0.8691304209508923
7.336842105263158,8.571428571428571,40,1.1,0.7245501298701298,0.8336494873547504,1.5581996172248802,102.66664677456191,5.940013234998059e-06,0.8691304209508923
7.336842105263158,8.571428571428571,40,1.2,0.7245501298701298,0.8336494873547504,1.5581996172248802,105.16374456813821,5.71238982199088e-06,0.8691304209508923
7.336842105263158,8.571428571428571,40,1.3,0.7245501298701298,0.8336494873547504,1.5581996172248802,107.49465184921638,5.515114176237771e-06,0.8691304209508923
7.336842105263158,8.571428571428571,40,1.4,0.7245501298701298,0.8336494873547504,1.5581996172248802,109.68224258275194,5.341973757400065e-06,0.8691304209508923
7.336842105263158,8.571428571428571,40,1.5,0.7245501298701298,0.8336494873547504,1.5581996172248802,111.74486049387446,5.1883954985964185e-06,0.8691304209508923
7.336842105263158,11.428571428571429,20,1.1,0.6978096514012303,0.8387617224880383,1.5365713738892686,102.66664677456191,4.44041123147142e-06,0.8319521893909291
7.336842105263158,11.428571428571429,20,1.2,0.6978096514012303,0.8387617224880383,1.5365713738892686,105.16374456813821,4.310213326894699e-06,0.8319521893909291
7.336842105263158,11.428571428571429,20,1.3,0.6978096514012303,0.8387617224880383,1.5365713738892686,107.49465184921638,4.195386792765813e-06,0.8319521893909291
7.336842105263158,11.428571428571429,20,1.4,0.6978096514012303,0.8387617224880383,1.5365713738892686,109.68224258275194,4.093050042399837e-06,0.8319521893909291
7.336842105263158,11.428571428571429,20,1.5,0.6978096514012303,0.8387617224880383,1.5365713738892686,111.74486049387446,4.001029647108721e-06,0.8319521893909291
7.336842105263158,11.428571428571429,30,1.1,0.6978096514012303,0.8387617224880383,1.5365713738892686,102.66664677456191,5.051477164546215e-06,0.8319521893909291
7.336842105263158,11.428571428571429,30,1.2,0.6978096514012303,0.8387617224880383,1.5365713738892686,105.16374456813821,4.883656461169012e-06,0.8319521893909291
7.336842105263158,11.428571428571429,30,1.3,0.6978096514012303,0.8387617224880383,1.5365713738892686,107.49465184921638,4.736764383690268e-06,0.8319521893909291
7.336842105263158,11.428571428571429,30,1.4,0.6978096514012303,0.8387617224880383,1.5365713738892686,109.68224258275194,4.606721584481388e-06,0.8319521893909291
7.336842105263158,11.428571428571429,30,1.5,0.6978096514012303,0.8387617224880383,1.5365713738892686,111.74486049387446,4.490483005146874e-06,0.8319521893909291
7.336842105263158,11.428571428571429,40,1.1,0.6978096514012303,0.8387617224880383,1.5365713738892686,102.66664677456191,5.857564201996692e-06,0.8319521893909291
7.336842105263158,11.428571428571429,40,1.2,0.6978096514012303,0.8387617224880383,1.5365713738892686,105.16374456813821,5.633100265163798e-06,0.8319521893909291
7.336842105263158,11.428571428571429,40,1.3,0.6978096514012303,0.8387617224880383,1.5365713738892686,107.49465184921638,5.438562860149149e-06,0.8319521893909291
7.336842105263158,11.428571428571429,40,1.4,0.6978096514012303,0.8387617224880383,1.5365713738892686,109.68224258275194,5.267825678398948e-06,0.8319521893909291
7.336842105263158,11.428571428571429,40,1.5,0.6978096514012303,0.8387617224880383,1.5365713738892686,111.74486049387446,5.11637912846992e-06,0.8319521893909291
7.336842105263158,14.285714285714286,20,1.1,0.6710002460697198,0.843887081339713,1.5148873274094328,102.66664677456191,4.377748289047146e-06,0.795130368632345
7.336842105263158,14.285714285714286,20,1.2,0.6710002460697198,0.843887081339713,1.5148873274094328,105.16374456813821,4.249387733169218e-06,0.795130368632345
7.336842105263158,14.285714285714286,20,1.3,0.6710002460697198,0.843887081339713,1.5148873274094328,107.49465184921638,4.13618162744703e-06,0.795130368632345
7.336842105263158,14.285714285714286,20,1.4,0.6710002460697198,0.843887081339713,1.5148873274094328,109.68224258275194,4.035289050055535e-06,0.795130368632345
7.336842105263158,14.285714285714286,20,1.5,0.6710002460697198,0.843887081339713,1.5148873274094328,111.74486049387446,3.944567243663374e-06,0.795130368632345
7.336842105263158,14.285714285714286,30,1.1,0.6710002460697198,0.843887081339713,1.5148873274094328,102.66664677456191,4.980190879060758e-06,0.795130368632345
7.336842105263158,14.285714285714286,30,1.2,0.6710002460697198,0.843887081339713,1.5148873274094328,105.16374456813821,4.81473845612542e-06,0.795130368632345
7.336842105263158,14.285714285714286,30,1.3,0.6710002460697198,0.843887081339713,1.5148873274094328,107.49465184921638,4.669919314983832e-06,0.795130368632345
7.336842105263158,14.285714285714286,30,1.4,0.6710002460697198,0.843887081339713,1.5148873274094328,109.68224258275194,4.541711675631716e-06,0.795130368632345
7.336842105263158,14.285714285714286,30,1.5,0.6710002460697198,0.843887081339713,1.5148873274094328,111.74486049387446,4.427113451441043e-06,0.795130368632345
7.336842105263158,14.285714285714286,40,1.1,0.6710002460697198,0.843887081339713,1.5148873274094328,102.66664677456191,5.774902441812246e-06,0.795130368632345
7.336842105263158,14.285714285714286,40,1.2,0.6710002460697198,0.843887081339713,1.5148873274094328,105.16374456813821,5.553606132934709e-06,0.795130368632345
7.336842105263158,14.285714285714286,40,1.3,0.6710002460697198,0.843887081339713,1.5148873274094328,107.49465184921638,5.3618140336078305e-06,0.795130368632345
7.336842105263158,14.285714285714286,40,1.4,0.6710002460697198,0.843887081339713,1.5148873274094328,109.68224258275194,5.193486289549767e-06,0.795130368632345
7.336842105263158,14.285714285714286,40,1.5,0.6710002460697198,0.843887081339713,1.5148873274094328,111.74486049387446,5.0441769485286194e-06,0.795130368632345
7.336842105263158,17.142857142857142,20,1.1,0.6441908407382092,0.8490124401913878,1.493203280929597,102.66664677456191,4.315085346622871e-06,0.7587531233264299
7.336842105263158,17.142857142857142,20,1.2,0.6441908407382092,0.8490124401913878,1.493203280929597,105.16374456813821,4.188562139443738e-06,0.7587531233264299
7.336842105263158,17.142857142857142,20,1.3,0.6441908407382092,0.8490124401913878,1.493203280929597,107.49465184921638,4.076976462128247e-06,0.7587531233264299
7.336842105263158,17.142857142857142,20,1.4,0.6441908407382092,0.8490124401913878,1.493203280929597,109.68224258275194,3.977528057711233e-06,0.7587531233264299
7.336842105263158,17.142857142857142,20,1.5,0.6441908407382092,0.8490124401913878,1.493203280929597,111.74486049387446,3.888104840218028e-06,0.7587531233264299
7.336842105263158,17.142857142857142,30,1.1,0.6441908407382092,0.8490124401913878,1.493203280929597,102.66664677456191,4.908904593575303e-06,0.7587531233264299
7.336842105263158,17.142857142857142,30,1.2,0.6441908407382092,0.8490124401913878,1.493203280929597,105.16374456813821,4.745820451081828e-06,0.7587531233264299
7.336842105263158,17.142857142857142,30,1.3,0.6441908407382092,0.8490124401913878,1.493203280929597,107.49465184921638,4.6030742462773965e-06,0.7587531233264299
7.336842105263158,17.142857142857142,30,1.4,0.6441908407382092,0.8490124401913878,1.493203280929597,109.68224258275194,4.476701766782043e-06,0.7587531233264299
7.336842105263158,17.142857142857142,30,1.5,0.6441908407382092,0.8490124401913878,1.493203280929597,111.74486049387446,4.363743897735213e-06,0.7587531233264299
7.336842105263158,17.142857142857142,40,1.1,0.6441908407382092,0.8490124401913878,1.493203280929597,102.66664677456191,5.692240681627801e-06,0.7587531233264299
7.336842105263158,17.142857142857142,40,1.2,0.6441908407382092,0.8490124401913878,1.493203280929597,105.16374456813821,5.474112000705619e-06,0.7587531233264299
7.336842105263158,17.142857142857142,40,1.3,0.6441908407382092,0.8490124401913878,1.493203280929597,107.49465184921638,5.2850652070665125e-06,0.7587531233264299
7.336842105263158,17.142857142857142,40,1.4,0.6441908407382092,0.8490124401913878,1.493203280929597,109.68224258275194,5.119146900700585e-06,0.7587531233264299
7.336842105263158,17.142857142857142,40,1.5,0.6441908407382092,0.8490124401913878,1.493203280929597,111.74486049387446,4.97197476858732e-06,0.7587531233264299
7.336842105263158,20.0,20,1.1,0.6173814354066985,0.8541377990430623,1.4715192344497607,102.66664677456191,4.252422404198596e-06,0.722812450284234
7.336842105263158,20.0,20,1.2,0.6173814354066985,0.8541377990430623,1.4715192344497607,105.16374456813821,4.127736545718255e-06,0.722812450284234
7.336842105263158,20.0,20,1.3,0.6173814354066985,0.8541377990430623,1.4715192344497607,107.49465184921638,4.017771296809464e-06,0.722812450284234
7.336842105263158,20.0,20,1.4,0.6173814354066985,0.8541377990430623,1.4715192344497607,109.68224258275194,3.91976706536693e-06,0.722812450284234
7.336842105263158,20.0,20,1.5,0.6173814354066985,0.8541377990430623,1.4715192344497607,111.74486049387446,3.83164243677268e-06,0.722812450284234
7.336842105263158,20.0,30,1.1,0.6173814354066985,0.8541377990430623,1.4715192344497607,102.66664677456191,4.837618308089846e-06,0.722812450284234
7.336842105263158,20.0,30,1.2,0.6173814354066985,0.8541377990430623,1.4715192344497607,105.16374456813821,4.676902446038235e-06,0.722812450284234
7.336842105263158,20.0,30,1.3,0.6173814354066985,0.8541377990430623,1.4715192344497607,107.49465184921638,4.536229177570959e-06,0.722812450284234
7.336842105263158,20.0,30,1.4,0.6173814354066985,0.8541377990430623,1.4715192344497607,109.68224258275194,4.411691857932369e-06,0.722812450284234
7.336842105263158,20.0,30,1.5,0.6173814354066985,0.8541377990430623,1.4715192344497607,111.74486049387446,4.3003743440293815e-06,0.722812450284234
7.336842105263158,20.0,40,1.1,0.6173814354066985,0.8541377990430623,1.4715192344497607,102.66664677456191,5.609578921443354e-06,0.722812450284234
7.336842105263158,20.0,40,1.2,0.6173814354066985,0.8541377990430623,1.4715192344497607,105.16374456813821,5.394617868476528e-06,0.722812450284234
7.336842105263158,20.0,40,1.3,0.6173814354066985,0.8541377990430623,1.4715192344497607,107.49465184921638,5.208316380525192e-06,0.722812450284234
7.336842105263158,20.0,40,1.4,0.6173814354066985,0.8541377990430623,1.4715192344497607,109.68224258275194,5.044807511851402e-06,0.722812450284234
7.336842105263158,20.0,40,1.5,0.6173814354066985,0.8541377990430623,1.4715192344497607,111.74486049387446,4.899772588646019e-06,0.722812450284234
7.336842105263158,22.857142857142858,20,1.1,0.5906262747778537,0.8592544087491456,1.4498806835269993,102.66664677456191,4.189890935642733e-06,0.6873706655024957
7.336842105263158,22.857142857142858,20,1.2,0.5906262747778537,0.8592544087491456,1.4498806835269993,105.16374456813821,4.067038570897922e-06,0.6873706655024957
7.336842105263158,22.857142857142858,20,1.3,0.5906262747778537,0.8592544087491456,1.4498806835269993,107.49465184921638,3.958690350555622e-06,0.6873706655024957
7.336842105263158,22.857142857142858,20,1.4,0.5906262747778537,0.8592544087491456,1.4498806835269993,109.68224258275194,3.86212726205099e-06,0.6873706655024957
7.336842105263158,22.857142857142858,20,1.5,0.5906262747778537,0.8592544087491456,1.4498806835269993,111.74486049387446,3.7752984977708072e-06,0.6873706655024957
7.336842105263158,22.857142857142858,30,1.1,0.5906262747778537,0.8592544087491456,1.4498806835269993,102.66664677456191,4.7664815892119395e-06,0.6873706655024957
7.336842105263158,22.857142857142858,30,1.2,0.5906262747778537,0.8592544087491456,1.4498806835269993,105.16374456813821,4.608129038684693e-06,0.6873706655024957
7.336842105263158,22.857142857142858,30,1.3,0.5906262747778537,0.8592544087491456,1.4498806835269993,107.49465184921638,4.469524357302069e-06,0.6873706655024957
7.336842105263158,22.857142857142858,30,1.4,0.5906262747778537,0.8592544087491456,1.4498806835269993,109.68224258275194,4.346818347149415e-06,0.6873706655024957
7.336842105263158,22.857142857142858,30,1.5,0.5906262747778537,0.8592544087491456,1.4498806835269993,111.74486049387446,4.2371377467415375e-06,0.6873706655024957
7.336842105263158,22.857142857142858,40,1.1,0.5906262747778537,0.8592544087491456,1.4498806835269993,102.66664677456191,5.5270905948858766e-06,0.6873706655024957
7.336842105263158,22.857142857142858,40,1.2,0.5906262747778537,0.8592544087491456,1.4498806835269993,105.16374456813821,5.315290523836336e-06,0.6873706655024957
7.336842105263158,22.857142857142858,40,1.3,0.5906262747778537,0.8592544087491456,1.4498806835269993,107.49465184921638,5.131728581614097e-06,0.6873706655024957
7.336842105263158,22.857142857142858,40,1.4,0.5906262747778537,0.8592544087491456,1.4498806835269993,109.68224258275194,4.970624095362426e-06,0.6873706655024957
7.336842105263158,22.857142857142858,40,1.5,0.5906262747778537,0.8592544087491456,1.4498806835269993,111.74486049387446,4.8277218969613716e-06,0.6873706655024957
7.336842105263158,25.714285714285715,20,1.1,0.5638711141490089,0.8643710184552291,1.428242132604238,102.66664677456191,4.12735946708687e-06,0.6523484731784944
7.336842105263158,25.714285714285715,20,1.2,0.5638711141490089,0.8643710184552291,1.428242132604238,105.16374456813821,4.0063405960775894e-06,0.6523484731784944
7.336842105263158,25.714285714285715,20,1.3,0.5638711141490089,0.8643710184552291,1.428242132604238,107.49465184921638,3.899609404301781e-06,0.6523484731784944
7.336842105263158,25.714285714285715,20,1.4,0.5638711141490089,0.8643710184552291,1.428242132604238,109.68224258275194,3.804487458735052e-06,0.6523484731784944
7.336842105263158,25.714285714285715,20,1.5,0.5638711141490089,0.8643710184552291,1.428242132604238,111.74486049387446,3.7189545587689352e-06,0.6523484731784944
7.336842105263158,25.714285714285715,30,1.1,0.5638711141490089,0.8643710184552291,1.428242132604238,102.66664677456191,4.6953448703340335e-06,0.6523484731784944
7.336842105263158,25.714285714285715,30,1.2,0.5638711141490089,0.8643710184552291,1.428242132604238,105.16374456813821,4.5393556313311515e-06,0.6523484731784944
7.336842105263158,25.714285714285715,30,1.3,0.5638711141490089,0.8643710184552291,1.428242132604238,107.49465184921638,4.4028195370331804e-06,0.6523484731784944
7.336842105263158,25.714285714285715,30,1.4,0.5638711141490089,0.8643710184552291,1.428242132604238,109.68224258275194,4.28194483636646e-06,0.6523484731784944
7.336842105263158,25.714285714285715,30,1.5,0.5638711141490089,0.8643710184552291,1.428242132604238,111.74486049387446,4.1739011494536935e-06,0.6523484731784944
7.336842105263158,25.714285714285715,40,1.1,0.5638711141490089,0.8643710184552291,1.428242132604238,102.66664677456191,5.4446022683283994e-06,0.6523484731784944
7.336842105263158,25.714285714285715,40,1.2,0.5638711141490089,0.8643710184552291,1.428242132604238,105.16374456813821,5.235963179196144e-06,0.6523484731784944
7.336842105263158,25.714285714285715,40,1.3,0.5638711141490089,0.8643710184552291,1.428242132604238,107.49465184921638,5.055140782703003e-06,0.6523484731784944
7.336842105263158,25.714285714285715,40,1.4,0.5638711141490089,0.8643710184552291,1.428242132604238,109.68224258275194,4.896440678873451e-06,0.6523484731784944
7.336842105263158,25.714285714285715,40,1.5,0.5638711141490089,0.8643710184552291,1.428242132604238,111.74486049387446,4.7556712052767245e-06,0.6523484731784944
7.336842105263158,28.571428571428573,20,1.1,0.5371159535201641,0.8694876281613125,1.4066035816814766,102.66664677456191,4.064827998531007e-06,0.6177384658778781
7.336842105263158,28.571428571428573,20,1.2,0.5371159535201641,0.8694876281613125,1.4066035816814766,105.16374456813821,3.945642621257256e-06,0.6177384658778781
7.336842105263158,28.571428571428573,20,1.3,0.5371159535201641,0.8694876281613125,1.4066035816814766,107.49465184921638,3.840528458047938e-06,0.6177384658778781
7.336842105263158,28.571428571428573,20,1.4,0.5371159535201641,0.8694876281613125,1.4066035816814766,109.68224258275194,3.7468476554191128e-06,0.6177384658778781
7.336842105263158,28.571428571428573,20,1.5,0.5371159535201641,0.8694876281613125,1.4066035816814766,111.74486049387446,3.662610619767063e-06,0.6177384658778781
7.336842105263158,28.571428571428573,30,1.1,0.5371159535201641,0.8694876281613125,1.4066035816814766,102.66664677456191,4.6242081514561266e-06,0.6177384658778781
7.336842105263158,28.571428571428573,30,1.2,0.5371159535201641,0.8694876281613125,1.4066035816814766,105.16374456813821,4.470582223977609e-06,0.6177384658778781
7.336842105263158,28.571428571428573,30,1.3,0.5371159535201641,0.8694876281613125,1.4066035816814766,107.49465184921638,4.336114716764291e-06,0.6177384658778781
7.336842105263158,28.571428571428573,30,1.4,0.5371159535201641,0.8694876281613125,1.4066035816814766,109.68224258275194,4.2170713255835065e-06,0.6177384658778781
7.336842105263158,28.571428571428573,30,1.5,0.5371159535201641,0.8694876281613125,1.4066035816814766,111.74486049387446,4.1106645521658495e-06,0.6177384658778781
7.336842105263158,28.571428571428573,40,1.1,0.5371159535201641,0.8694876281613125,1.4066035816814766,102.66664677456191,5.362113941770922e-06,0.6177384658778781
7.336842105263158,28.571428571428573,40,1.2,0.5371159535201641,0.8694876281613125,1.4066035816814766,105.16374456813821,5.156635834555952e-06,0.6177384658778781
7.336842105263158,28.571428571428573,40,1.3,0.5371159535201641,0.8694876281613125,1.4066035816814766,107.49465184921638,4.9785529837919075e-06,0.6177384658778781
7.336842105263158,28.571428571428573,40,1.4,0.5371159535201641,0.8694876281613125,1.4066035816814766,109.68224258275194,4.822257262384475e-06,0.6177384658778781
7.336842105263158,28.571428571428573,40,1.5,0.5371159535201641,0.8694876281613125,1.4066035816814766,111.74486049387446,4.683620513592077e-06,0.6177384658778781
7.336842105263158,31.42857142857143,20,1.1,0.5105778263841422,0.874492002734108,1.3850698291182502,102.66664677456191,4.002599378134772e-06,0.5838564844364676
7.336842105263158,31.42857142857143,20,1.2,0.5105778263841422,0.874492002734108,1.3850698291182502,105.16374456813821,3.885238614744273e-06,0.5838564844364676
7.336842105263158,31.42857142857143,20,1.3,0.5105778263841422,0.874492002734108,1.3850698291182502,107.49465184921638,3.781733648618567e-06,0.5838564844364676
7.336842105263158,31.42857142857143,20,1.4,0.5105778263841422,0.874492002734108,1.3850698291182502,109.68224258275194,3.6894870092820897e-06,0.5838564844364676
7.336842105263158,31.42857142857143,20,1.5,0.5105778263841422,0.874492002734108,1.3850698291182502,111.74486049387446,3.606539561902112e-06,0.5838564844364676
7.336842105263158,31.42857142857143,30,1.1,0.5105778263841422,0.874492002734108,1.3850698291182502,102.66664677456191,4.553415957101498e-06,0.5838564844364676
7.336842105263158,31.42857142857143,30,1.2,0.5105778263841422,0.874492002734108,1.3850698291182502,105.16374456813821,4.4021418953175524e-06,0.5838564844364676
7.336842105263158,31.42857142857143,30,1.3,0.5105778263841422,0.874492002734108,1.3850698291182502,107.49465184921638,4.269732956748474e-06,0.5838564844364676
7.336842105263158,31.42857142857143,30,1.4,0.5105778263841422,0.874492002734108,1.3850698291182502,109.68224258275194,4.152512005779957e-06,0.5838564844364676
7.336842105263158,31.42857142857143,30,1.5,0.5105778263841422,0.874492002734108,1.3850698291182502,111.74486049387446,4.0477342180691954e-06,0.5838564844364676
7.336842105263158,31.42857142857143,40,1.1,0.5105778263841422,0.874492002734108,1.3850698291182502,102.66664677456191,5.280025117071719e-06,0.5838564844364676
7.336842105263158,31.42857142857143,40,1.2,0.5105778263841422,0.874492002734108,1.3850698291182502,105.16374456813821,5.077692682721194e-06,0.5838564844364676
7.336842105263158,31.42857142857143,40,1.3,0.5105778263841422,0.874492002734108,1.3850698291182502,107.49465184921638,4.902336109704518e-06,0.5838564844364676
7.336842105263158,31.42857142857143,40,1.4,0.5105778263841422,0.874492002734108,1.3850698291182502,109.68224258275194,4.74843312597763e-06,0.5838564844364676
7.336842105263158,31.42857142857143,40,1.5,0.5105778263841422,0.874492002734108,1.3850698291182502,111.74486049387446,4.611918772921705e-06,0.5838564844364676
7.336842105263158,34.285714285714285,20,1.1,0.4842567327409433,0.8793841421736158,1.3636408749145592,102.66664677456191,3.940673605898165e-06,0.5506771267719052
7.336842105263158,34.285714285714285,20,1.2,0.4842567327409433,0.8793841421736158,1.3636408749145592,105.16374456813821,3.8251285765386405e-06,0.5506771267719052
7.336842105263158,34.285714285714285,20,1.3,0.4842567327409433,0.8793841421736158,1.3636408749145592,107.49465184921638,3.723224976013667e-06,0.5506771267719052
7.336842105263158,34.285714285714285,20,1.4,0.4842567327409433,0.8793841421736158,1.3636408749145592,109.68224258275194,3.6324055203239844e-06,0.5506771267719052
7.336842105263158,34.285714285714285,20,1.5,0.4842567327409433,0.8793841421736158,1.3636408749145592,111.74486049387446,3.5507413851740837e-06,0.5506771267719052
7.336842105263158,34.285714285714285,30,1.1,0.4842567327409433,0.8793841421736158,1.3636408749145592,102.66664677456191,4.482968287270151e-06,0.5506771267719052
7.336842105263158,34.285714285714285,30,1.2,0.4842567327409433,0.8793841421736158,1.3636408749145592,105.16374456813821,4.334034645350984e-06,0.5506771267719052
7.336842105263158,34.285714285714285,30,1.3,0.4842567327409433,0.8793841421736158,1.3636408749145592,107.49465184921638,4.203674256985734e-06,0.5506771267719052
7.336842105263158,34.285714285714285,30,1.4,0.4842567327409433,0.8793841421736158,1.3636408749145592,109.68224258275194,4.088266876955814e-06,0.5506771267719052
7.336842105263158,34.285714285714285,30,1.5,0.4842567327409433,0.8793841421736158,1.3636408749145592,111.74486049387446,3.985110147163733e-06,0.5506771267719052
7.336842105263158,34.285714285714285,40,1.1,0.4842567327409433,0.8793841421736158,1.3636408749145592,102.66664677456191,5.198335794230793e-06,0.5506771267719052
7.336842105263158,34.285714285714285,40,1.2,0.4842567327409433,0.8793841421736158,1.3636408749145592,105.16374456813821,4.999133723691873e-06,0.5506771267719052
7.336842105263158,34.285714285714285,40,1.3,0.4842567327409433,0.8793841421736158,1.3636408749145592,107.49465184921638,4.826490160440837e-06,0.5506771267719052
7.336842105263158,34.285714285714285,40,1.4,0.4842567327409433,0.8793841421736158,1.3636408749145592,109.68224258275194,4.674968269652919e-06,0.5506771267719052
7.336842105263158,34.285714285714285,40,1.5,0.4842567327409433,0.8793841421736158,1.3636408749145592,111.74486049387446,4.540565983265607e-06,0.5506771267719052
7.336842105263158,37.142857142857146,20,1.1,0.4579356390977443,0.8842762816131238,1.342211920710868,102.66664677456191,3.878747833661558e-06,0.5178648897631453
7.336842105263158,37.142857142857146,20,1.2,0.4579356390977443,0.8842762816131238,1.342211920710868,105.16374456813821,3.7650185383330073e-06,0.5178648897631453
7.336842105263158,37.142857142857146,20,1.3,0.4579356390977443,0.8842762816131238,1.342211920710868,107.49465184921638,3.6647163034087664e-06,0.5178648897631453
7.336842105263158,37.142857142857146,20,1.4,0.4579356390977443,0.8842762816131238,1.342211920710868,109.68224258275194,3.575324031365878e-06,0.5178648897631453
7.336842105263158,37.142857142857146,20,1.5,0.4579356390977443,0.8842762816131238,1.342211920710868,111.74486049387446,3.494943208446055e-06,0.5178648897631453
7.336842105263158,37.142857142857146,30,1.1,0.4579356390977443,0.8842762816131238,1.342211920710868,102.66664677456191,4.412520617438802e-06,0.5178648897631453
7.336842105263158,37.142857142857146,30,1.2,0.4579356390977443,0.8842762816131238,1.342211920710868,105.16374456813821,4.2659273953844145e-06,0.5178648897631453
7.336842105263158,37.142857142857146,30,1.3,0.4579356390977443,0.8842762816131238,1.342211920710868,107.49465184921638,4.137615557222993e-06,0.5178648897631453
7.336842105263158,37.142857142857146,30,1.4,0.4579356390977443,0.8842762816131238,1.342211920710868,109.68224258275194,4.02402174813167e-06,0.5178648897631453
7.336842105263158,37.142857142857146,30,1.5,0.4579356390977443,0.8842762816131238,1.342211920710868,111.74486049387446,3.9224860762582705e-06,0.5178648897631453
7.336842105263158,37.142857142857146,40,1.1,0.4579356390977443,0.8842762816131238,1.342211920710868,102.66664677456191,5.116646471389865e-06,0.5178648897631453
7.336842105263158,37.142857142857146,40,1.2,0.4579356390977443,0.8842762816131238,1.342211920710868,105.16374456813821,4.920574764662552e-06,0.5178648897631453
7.336842105263158,37.142857142857146,40,1.3,0.4579356390977443,0.8842762816131238,1.342211920710868,107.49465184921638,4.750644211177155e-06,0.5178648897631453
7.336842105263158,37.142857142857146,40,1.4,0.4579356390977443,0.8842762816131238,1.342211920710868,109.68224258275194,4.601503413328209e-06,0.5178648897631453
7.336842105263158,37.142857142857146,40,1.5,0.4579356390977443,0.8842762816131238,1.342211920710868,111.74486049387446,4.469213193609508e-06,0.5178648897631453
7.336842105263158,40.0,20,1.1,0.4316145454545455,0.8891684210526317,1.3207829665071773,102.66664677456191,3.816822061424953e-06,0.4854137137974194
7.336842105263158,40.0,20,1.2,0.4316145454545455,0.8891684210526317,1.3207829665071773,105.16374456813821,3.7049085001273753e-06,0.4854137137974194
7.336842105263158,40.0,20,1.3,0.4316145454545455,0.8891684210526317,1.3207829665071773,107.49465184921638,3.606207630803867e-06,0.4854137137974194
7.336842105263158,40.0,20,1.4,0.4316145454545455,0.8891684210526317,1.3207829665071773,109.68224258275194,3.518242542407773e-06,0.4854137137974194
7.336842105263158,40.0,20,1.5,0.4316145454545455,0.8891684210526317,1.3207829665071773,111.74486049387446,3.439145031718027e-06,0.4854137137974194
7.336842105263158,40.0,30,1.1,0.4316145454545455,0.8891684210526317,1.3207829665071773,102.66664677456191,4.342072947607455e-06,0.4854137137974194
7.336842105263158,40.0,30,1.2,0.4316145454545455,0.8891684210526317,1.3207829665071773,105.16374456813821,4.197820145417847e-06,0.4854137137974194
7.336842105263158,40.0,30,1.3,0.4316145454545455,0.8891684210526317,1.3207829665071773,107.49465184921638,4.071556857460253e-06,0.4854137137974194
7.336842105263158,40.0,30,1.4,0.4316145454545455,0.8891684210526317,1.3207829665071773,109.68224258275194,3.959776619307528e-06,0.4854137137974194
7.336842105263158,40.0,30,1.5,0.4316145454545455,0.8891684210526317,1.3207829665071773,111.74486049387446,3.859862005352809e-06,0.4854137137974194
7.336842105263158,40.0,40,1.1,0.4316145454545455,0.8891684210526317,1.3207829665071773,102.66664677456191,5.034957148548939e-06,0.4854137137974194
7.336842105263158,40.0,40,1.2,0.4316145454545455,0.8891684210526317,1.3207829665071773,105.16374456813821,4.842015805633232e-06,0.4854137137974194
7.336842105263158,40.0,40,1.3,0.4316145454545455,0.8891684210526317,1.3207829665071773,107.49465184921638,4.674798261913474e-06,0.4854137137974194
7.336842105263158,40.0,40,1.4,0.4316145454545455,0.8891684210526317,1.3207829665071773,109.68224258275194,4.528038557003499e-06,0.4854137137974194
7.336842105263158,40.0,40,1.5,0.4316145454545455,0.8891684210526317,1.3207829665071773,111.74486049387446,4.397860403953411e-06,0.4854137137974194
7.421052631578947,0.0,20,1.1,0.808955980861244,0.8384401913875597,1.6473961722488037,102.66664677456191,4.76067470098774e-06,0.9648344499355149
7.421052631578947,0.0,20,1.2,0.808955980861244,0.8384401913875597,1.6473961722488037,105.16374456813821,4.621086307451807e-06,0.9648344499355149
7.421052631578947,0.0,20,1.3,0.808955980861244,0.8384401913875597,1.6473961722488037,107.49465184921638,4.497977940335919e-06,0.9648344499355149
7.421052631578947,0.0,20,1.4,0.808955980861244,0.8384401913875597,1.6473961722488037,109.68224258275194,4.388260179288108e-06,0.9648344499355149
7.421052631578947,0.0,20,1.5,0.808955980861244,0.8384401913875597,1.6473961722488037,111.74486049387446,4.289602837658931e-06,0.9648344499355149
7.421052631578947,0.0,30,1.1,0.808955980861244,0.8384401913875597,1.6473961722488037,102.66664677456191,5.415813600647863e-06,0.9648344499355149
7.421052631578947,0.0,30,1.2,0.808955980861244,0.8384401913875597,1.6473961722488037,105.16374456813821,5.235888874035308e-06,0.9648344499355149
7.421052631578947,0.0,30,1.3,0.808955980861244,0.8384401913875597,1.6473961722488037,107.49465184921638,5.078402244852799e-06,0.9648344499355149
7.421052631578947,0.0,30,1.4,0.808955980861244,0.8384401913875597,1.6473961722488037,109.68224258275194,4.938980143617776e-06,0.9648344499355149
7.421052631578947,0.0,30,1.5,0.808955980861244,0.8384401913875597,1.6473961722488037,111.74486049387446,4.814357887914399e-06,0.9648344499355149
7.421052631578947,0.0,40,1.1,0.808955980861244,0.8384401913875597,1.6473961722488037,102.66664677456191,6.2800394495481255e-06,0.9648344499355149
7.421052631578947,0.0,40,1.2,0.808955980861244,0.8384401913875597,1.6473961722488037,105.16374456813821,6.039386111453949e-06,0.9648344499355149
7.421052631578947,0.0,40,1.3,0.808955980861244,0.8384401913875597,1.6473961722488037,107.49465184921638,5.830817748261571e-06,0.9648344499355149
7.421052631578947,0.0,40,1.4,0.808955980861244,0.8384401913875597,1.6473961722488037,109.68224258275194,5.647766193055326e-06,0.9648344499355149
7.421052631578947,0.0,40,1.5,0.808955980861244,0.8384401913875597,1.6473961722488037,111.74486049387446,5.48539660131819e-06,0.9648344499355149
7.421052631578947,2.857142857142857,20,1.1,0.782187969924812,0.8435283663704715,1.6257163362952833,102.66664677456191,4.698023926217152e-06,0.9272811693226222
7.421052631578947,2.857142857142857,20,1.2,0.782187969924812,0.8435283663704715,1.6257163362952833,105.16374456813821,4.560272524610575e-06,0.9272811693226222
7.421052631578947,2.857142857142857,20,1.3,0.782187969924812,0.8435283663704715,1.6257163362952833,107.49465184921638,4.438784271252712e-06,0.9272811693226222
7.421052631578947,2.857142857142857,20,1.4,0.782187969924812,0.8435283663704715,1.6257163362952833,109.68224258275194,4.3305104027553235e-06,0.9272811693226222
7.421052631578947,2.857142857142857,20,1.5,0.782187969924812,0.8435283663704715,1.6257163362952833,111.74486049387446,4.233151397870011e-06,0.9272811693226222
7.421052631578947,2.857142857142857,30,1.1,0.782187969924812,0.8435283663704715,1.6257163362952833,102.66664677456191,5.344541157264307e-06,0.9272811693226222
7.421052631578947,2.857142857142857,30,1.2,0.782187969924812,0.8435283663704715,1.6257163362952833,105.16374456813821,5.166984251229856e-06,0.9272811693226222
7.421052631578947,2.857142857142857,30,1.3,0.782187969924812,0.8435283663704715,1.6257163362952833,107.49465184921638,5.011570155869549e-06,0.9272811693226222
7.421052631578947,2.857142857142857,30,1.4,0.782187969924812,0.8435283663704715,1.6257163362952833,109.68224258275194,4.873982858146873e-06,0.9272811693226222
7.421052631578947,2.857142857142857,30,1.5,0.782187969924812,0.8435283663704715,1.6257163362952833,111.74486049387446,4.751000639069367e-06,0.9272811693226222
7.421052631578947,2.857142857142857,40,1.1,0.782187969924812,0.8435283663704715,1.6257163362952833,102.66664677456191,6.197393740312328e-06,0.9272811693226222
7.421052631578947,2.857142857142857,40,1.2,0.782187969924812,0.8435283663704715,1.6257163362952833,105.16374456813821,5.9599074150954655e-06,0.9272811693226222
7.421052631578947,2.857142857142857,40,1.3,0.782187969924812,0.8435283663704715,1.6257163362952833,107.49465184921638,5.75408382451776e-06,0.9272811693226222
7.421052631578947,2.857142857142857,40,1.4,0.782187969924812,0.8435283663704715,1.6257163362952833,109.68224258275194,5.5734412391481326e-06,0.9272811693226222
7.421052631578947,2.857142857142857,40,1.5,0.782187969924812,0.8435283663704715,1.6257163362952833,111.74486049387446,5.413208441323719e-06,0.9272811693226222
7.421052631578947,5.714285714285714,20,1.1,0.7554199589883799,0.8486165413533834,1.6040365003417634,102.66664677456191,4.6353731514465645e-06,0.8901782161630122
7.421052631578947,5.714285714285714,20,1.2,0.7554199589883799,0.8486165413533834,1.6040365003417634,105.16374456813821,4.499458741769345e-06,0.8901782161630122
7.421052631578947,5.714285714285714,20,1.3,0.7554199589883799,0.8486165413533834,1.6040365003417634,107.49465184921638,4.379590602169507e-06,0.8901782161630122
7.421052631578947,5.714285714285714,20,1.4,0.7554199589883799,0.8486165413533834,1.6040365003417634,109.68224258275194,4.272760626222541e-06,0.8901782161630122
7.421052631578947,5.714285714285714,20,1.5,0.7554199589883799,0.8486165413533834,1.6040365003417634,111.74486049387446,4.176699958081092e-06,0.8901782161630122
7.421052631578947,5.714285714285714,30,1.1,0.7554199589883799,0.8486165413533834,1.6040365003417634,102.66664677456191,5.273268713880752e-06,0.8901782161630122
7.421052631578947,5.714285714285714,30,1.2,0.7554199589883799,0.8486165413533834,1.6040365003417634,105.16374456813821,5.0980796284244064e-06,0.8901782161630122
7.421052631578947,5.714285714285714,30,1.3,0.7554199589883799,0.8486165413533834,1.6040365003417634,107.49465184921638,4.944738066886299e-06,0.8901782161630122
7.421052631578947,5.714285714285714,30,1.4,0.7554199589883799,0.8486165413533834,1.6040365003417634,109.68224258275194,4.808985572675971e-06,0.8901782161630122
7.421052631578947,5.714285714285714,30,1.5,0.7554199589883799,0.8486165413533834,1.6040365003417634,111.74486049387446,4.687643390224336e-06,0.8901782161630122
7.421052631578947,5.714285714285714,40,1.1,0.7554199589883799,0.8486165413533834,1.6040365003417634,102.66664677456191,6.114748031076533e-06,0.8901782161630122
7.421052631578947,5.714285714285714,40,1.2,0.7554199589883799,0.8486165413533834,1.6040365003417634,105.16374456813821,5.880428718736984e-06,0.8901782161630122
7.421052631578947,5.714285714285714,40,1.3,0.7554199589883799,0.8486165413533834,1.6040365003417634,107.49465184921638,5.677349900773951e-06,0.8901782161630122
7.421052631578947,5.714285714285714,40,1.4,0.7554199589883799,0.8486165413533834,1.6040365003417634,109.68224258275194,5.499116285240942e-06,0.8901782161630122
7.421052631578947,5.714285714285714,40,1.5,0.7554199589883799,0.8486165413533834,1.6040365003417634,111.74486049387446,5.341020281329249e-06,0.8901782161630122
7.421052631578947,8.571428571428571,20,1.1,0.728651948051948,0.8537047163362951,1.582356664388243,102.66664677456191,4.572722376675976e-06,0.8535175384516843
7.421052631578947,8.571428571428571,20,1.2,0.728651948051948,0.8537047163362951,1.582356664388243,105.16374456813821,4.4386449589281135e-06,0.8535175384516843
7.421052631578947,8.571428571428571,20,1.3,0.728651948051948,0.8537047163362951,1.582356664388243,107.49465184921638,4.320396933086302e-06,0.8535175384516843
7.421052631578947,8.571428571428571,20,1.4,0.728651948051948,0.8537047163362951,1.582356664388243,109.68224258275194,4.215010849689757e-06,0.8535175384516843
7.421052631578947,8.571428571428571,20,1.5,0.728651948051948,0.8537047163362951,1.582356664388243,111.74486049387446,4.120248518292171e-06,0.8535175384516843
7.421052631578947,8.571428571428571,30,1.1,0.728651948051948,0.8537047163362951,1.582356664388243,102.66664677456191,5.201996270497196e-06,0.8535175384516843
7.421052631578947,8.571428571428571,30,1.2,0.728651948051948,0.8537047163362951,1.582356664388243,105.16374456813821,5.029175005618955e-06,0.8535175384516843
7.421052631578947,8.571428571428571,30,1.3,0.728651948051948,0.8537047163362951,1.582356664388243,107.49465184921638,4.877905977903048e-06,0.8535175384516843
7.421052631578947,8.571428571428571,30,1.4,0.728651948051948,0.8537047163362951,1.582356664388243,109.68224258275194,4.7439882872050686e-06,0.8535175384516843
7.421052631578947,8.571428571428571,30,1.5,0.728651948051948,0.8537047163362951,1.582356664388243,111.74486049387446,4.624286141379303e-06,0.8535175384516843
7.421052631578947,8.571428571428571,40,1.1,0.728651948051948,0.8537047163362951,1.582356664388243,102.66664677456191,6.032102321840736e-06,0.8535175384516843
7.421052631578947,8.571428571428571,40,1.2,0.728651948051948,0.8537047163362951,1.582356664388243,105.16374456813821,5.800950022378499e-06,0.8535175384516843
7.421052631578947,8.571428571428571,40,1.3,0.728651948051948,0.8537047163362951,1.582356664388243,107.49465184921638,5.600615977030139e-06,0.8535175384516843
7.421052631578947,8.571428571428571,40,1.4,0.728651948051948,0.8537047163362951,1.582356664388243,109.68224258275194,5.424791331333749e-06,0.8535175384516843
7.421052631578947,8.571428571428571,40,1.5,0.728651948051948,0.8537047163362951,1.582356664388243,111.74486049387446,5.268832121334777e-06,0.8535175384516843
7.421052631578947,11.428571428571429,20,1.1,0.7018334928229664,0.8588092959671906,1.5606427887901568,102.66664677456191,4.5099732335362945e-06,0.8172169259446148
7.421052631578947,11.428571428571429,20,1.2,0.7018334928229664,0.8588092959671906,1.5606427887901568,105.16374456813821,4.377735691990183e-06,0.8172169259446148
7.421052631578947,11.428571428571429,20,1.3,0.7018334928229664,0.8588092959671906,1.5606427887901568,107.49465184921638,4.261110323657031e-06,0.8172169259446148
7.421052631578947,11.428571428571429,20,1.4,0.7018334928229664,0.8588092959671906,1.5606427887901568,109.68224258275194,4.157170399875536e-06,0.8172169259446148
7.421052631578947,11.428571428571429,20,1.5,0.7018334928229664,0.8588092959671906,1.5606427887901568,111.74486049387446,4.063708443748368e-06,0.8172169259446148
7.421052631578947,11.428571428571429,30,1.1,0.7018334928229664,0.8588092959671906,1.5606427887901568,102.66664677456191,5.130611921809314e-06,0.8172169259446148
7.421052631578947,11.428571428571429,30,1.2,0.7018334928229664,0.8588092959671906,1.5606427887901568,105.16374456813821,4.960162195238918e-06,0.8172169259446148
7.421052631578947,11.428571428571429,30,1.3,0.7018334928229664,0.8588092959671906,1.5606427887901568,107.49465184921638,4.810968955443389e-06,0.8172169259446148
7.421052631578947,11.428571428571429,30,1.4,0.7018334928229664,0.8588092959671906,1.5606427887901568,109.68224258275194,4.6788889490941035e-06,0.8172169259446148
7.421052631578947,11.428571428571429,30,1.5,0.7018334928229664,0.8588092959671906,1.5606427887901568,111.74486049387446,4.560829414925863e-06,0.8172169259446148
7.421052631578947,11.428571428571429,40,1.1,0.7018334928229664,0.8588092959671906,1.5606427887901568,102.66664677456191,5.9493268500655304e-06,0.8172169259446148
7.421052631578947,11.428571428571429,40,1.2,0.7018334928229664,0.8588092959671906,1.5606427887901568,105.16374456813821,5.721346536027121e-06,0.8172169259446148
7.421052631578947,11.428571428571429,40,1.3,0.7018334928229664,0.8588092959671906,1.5606427887901568,107.49465184921638,5.523761572877898e-06,0.8172169259446148
7.421052631578947,11.428571428571429,40,1.4,0.7018334928229664,0.8588092959671906,1.5606427887901568,109.68224258275194,5.350349679356572e-06,0.8172169259446148
7.421052631578947,11.428571428571429,40,1.5,0.7018334928229664,0.8588092959671906,1.5606427887901568,111.74486049387446,5.196530618263664e-06,0.8172169259446148
7.421052631578947,14.285714285714286,20,1.1,0.6749645933014354,0.8639302802460698,1.5388948735475052,102.66664677456191,4.44712572202752e-06,0.7812720641174749
7.421052631578947,14.285714285714286,20,1.2,0.6749645933014354,0.8639302802460698,1.5388948735475052,105.16374456813821,4.316730940955554e-06,0.7812720641174749
7.421052631578947,14.285714285714286,20,1.3,0.6749645933014354,0.8639302802460698,1.5388948735475052,107.49465184921638,4.201730773881697e-06,0.7812720641174749
7.421052631578947,14.285714285714286,20,1.4,0.6749645933014354,0.8639302802460698,1.5388948735475052,109.68224258275194,4.099239276779878e-06,0.7812720641174749
7.421052631578947,14.285714285714286,20,1.5,0.6749645933014354,0.8639302802460698,1.5388948735475052,111.74486049387446,4.007079734449683e-06,0.7812720641174749
7.421052631578947,14.285714285714286,30,1.1,0.6749645933014354,0.8639302802460698,1.5388948735475052,102.66664677456191,5.059115667817107e-06,0.7812720641174749
7.421052631578947,14.285714285714286,30,1.2,0.6749645933014354,0.8639302802460698,1.5388948735475052,105.16374456813821,4.891041197284295e-06,0.7812720641174749
7.421052631578947,14.285714285714286,30,1.3,0.6749645933014354,0.8639302802460698,1.5388948735475052,107.49465184921638,4.743926999507322e-06,0.7812720641174749
7.421052631578947,14.285714285714286,30,1.4,0.6749645933014354,0.8639302802460698,1.5388948735475052,109.68224258275194,4.6136875583430775e-06,0.7812720641174749
7.421052631578947,14.285714285714286,30,1.5,0.6749645933014354,0.8639302802460698,1.5388948735475052,111.74486049387446,4.4972732108640136e-06,0.7812720641174749
7.421052631578947,14.285714285714286,40,1.1,0.6749645933014354,0.8639302802460698,1.5388948735475052,102.66664677456191,5.866421615750919e-06,0.7812720641174749
7.421052631578947,14.285714285714286,40,1.2,0.6749645933014354,0.8639302802460698,1.5388948735475052,105.16374456813821,5.64161825968285e-06,0.7812720641174749
7.421052631578947,14.285714285714286,40,1.3,0.6749645933014354,0.8639302802460698,1.5388948735475052,107.49465184921638,5.446786688317228e-06,0.7812720641174749
7.421052631578947,14.285714285714286,40,1.4,0.6749645933014354,0.8639302802460698,1.5388948735475052,109.68224258275194,5.27579132930941e-06,0.7812720641174749
7.421052631578947,14.285714285714286,40,1.5,0.6749645933014354,0.8639302802460698,1.5388948735475052,111.74486049387446,5.124115772115909e-06,0.7812720641174749
7.421052631578947,17.142857142857142,20,1.1,0.6480956937799042,0.8690512645249486,1.5171469583048527,102.66664677456191,4.384278210518743e-06,0.745750820734579
7.421052631578947,17.142857142857142,20,1.2,0.6480956937799042,0.8690512645249486,1.5171469583048527,105.16374456813821,4.255726189920921e-06,0.745750820734579
7.421052631578947,17.142857142857142,20,1.3,0.6480956937799042,0.8690512645249486,1.5171469583048527,107.49465184921638,4.142351224106361e-06,0.745750820734579
7.421052631578947,17.142857142857142,20,1.4,0.6480956937799042,0.8690512645249486,1.5171469583048527,109.68224258275194,4.041308153684218e-06,0.745750820734579
7.421052631578947,17.142857142857142,20,1.5,0.6480956937799042,0.8690512645249486,1.5171469583048527,111.74486049387446,3.950451025150995e-06,0.745750820734579
7.421052631578947,17.142857142857142,30,1.1,0.6480956937799042,0.8690512645249486,1.5171469583048527,102.66664677456191,4.987619413824898e-06,0.745750820734579
7.421052631578947,17.142857142857142,30,1.2,0.6480956937799042,0.8690512645249486,1.5171469583048527,105.16374456813821,4.82192019932967e-06,0.745750820734579
7.421052631578947,17.142857142857142,30,1.3,0.6480956937799042,0.8690512645249486,1.5171469583048527,107.49465184921638,4.676885043571252e-06,0.745750820734579
7.421052631578947,17.142857142857142,30,1.4,0.6480956937799042,0.8690512645249486,1.5171469583048527,109.68224258275194,4.548486167592049e-06,0.745750820734579
7.421052631578947,17.142857142857142,30,1.5,0.6480956937799042,0.8690512645249486,1.5171469583048527,111.74486049387446,4.433717006802163e-06,0.745750820734579
7.421052631578947,17.142857142857142,40,1.1,0.6480956937799042,0.8690512645249486,1.5171469583048527,102.66664677456191,5.783516381436304e-06,0.745750820734579
7.421052631578947,17.142857142857142,40,1.2,0.6480956937799042,0.8690512645249486,1.5171469583048527,105.16374456813821,5.561889983338575e-06,0.745750820734579
7.421052631578947,17.142857142857142,40,1.3,0.6480956937799042,0.8690512645249486,1.5171469583048527,107.49465184921638,5.369811803756555e-06,0.745750820734579
7.421052631578947,17.142857142857142,40,1.4,0.6480956937799042,0.8690512645249486,1.5171469583048527,109.68224258275194,5.201232979262245e-06,0.745750820734579
7.421052631578947,17.142857142857142,40,1.5,0.6480956937799042,0.8690512645249486,1.5171469583048527,111.74486049387446,5.051700925968151e-06,0.745750820734579
7.421052631578947,20.0,20,1.1,0.6212267942583731,0.8741722488038277,1.4953990430622008,102.66664677456191,4.321430699009969e-06,0.7106457510043677
7.421052631578947,20.0,20,1.2,0.6212267942583731,0.8741722488038277,1.4953990430622008,105.16374456813821,4.194721438886291e-06,0.7106457510043677
7.421052631578947,20.0,20,1.3,0.6212267942583731,0.8741722488038277,1.4953990430622008,107.49465184921638,4.0829716743310265e-06,0.7106457510043677
7.421052631578947,20.0,20,1.4,0.6212267942583731,0.8741722488038277,1.4953990430622008,109.68224258275194,3.983377030588559e-06,0.7106457510043677
7.421052631578947,20.0,20,1.5,0.6212267942583731,0.8741722488038277,1.4953990430622008,111.74486049387446,3.89382231585231e-06,0.7106457510043677
7.421052631578947,20.0,30,1.1,0.6212267942583731,0.8741722488038277,1.4953990430622008,102.66664677456191,4.91612315983269e-06,0.7106457510043677
7.421052631578947,20.0,30,1.2,0.6212267942583731,0.8741722488038277,1.4953990430622008,105.16374456813821,4.752799201375046e-06,0.7106457510043677
7.421052631578947,20.0,30,1.3,0.6212267942583731,0.8741722488038277,1.4953990430622008,107.49465184921638,4.609843087635184e-06,0.7106457510043677
7.421052631578947,20.0,30,1.4,0.6212267942583731,0.8741722488038277,1.4953990430622008,109.68224258275194,4.483284776841023e-06,0.7106457510043677
7.421052631578947,20.0,30,1.5,0.6212267942583731,0.8741722488038277,1.4953990430622008,111.74486049387446,4.370160802740313e-06,0.7106457510043677
7.421052631578947,20.0,40,1.1,0.6212267942583731,0.8741722488038277,1.4953990430622008,102.66664677456191,5.7006111471216915e-06,0.7106457510043677
7.421052631578947,20.0,40,1.2,0.6212267942583731,0.8741722488038277,1.4953990430622008,105.16374456813821,5.482161706994303e-06,0.7106457510043677
7.421052631578947,20.0,40,1.3,0.6212267942583731,0.8741722488038277,1.4953990430622008,107.49465184921638,5.292836919195884e-06,0.7106457510043677
7.421052631578947,20.0,40,1.4,0.6212267942583731,0.8741722488038277,1.4953990430622008,109.68224258275194,5.126674629215083e-06,0.7106457510043677
7.421052631578947,20.0,40,1.5,0.6212267942583731,0.8741722488038277,1.4953990430622008,111.74486049387446,4.979286079820395e-06,0.7106457510043677
7.421052631578947,22.857142857142858,20,1.1,0.5944257006151742,0.8792822966507174,1.4737079972658917,102.66664677456191,4.258747529836707e-06,0.6760351059942942
7.421052631578947,22.857142857142858,20,1.2,0.5944257006151742,0.8792822966507174,1.4737079972658917,105.16374456813821,4.133876211483095e-06,0.6760351059942942
7.421052631578947,22.857142857142858,20,1.3,0.5944257006151742,0.8792822966507174,1.4737079972658917,107.49465184921638,4.023747398386867e-06,0.6760351059942942
7.421052631578947,22.857142857142858,20,1.4,0.5944257006151742,0.8792822966507174,1.4737079972658917,109.68224258275194,3.925597393778354e-06,0.6760351059942942
7.421052631578947,22.857142857142858,20,1.5,0.5944257006151742,0.8792822966507174,1.4737079972658917,111.74486049387446,3.837341687107966e-06,0.6760351059942942
7.421052631578947,22.857142857142858,30,1.1,0.5944257006151742,0.8792822966507174,1.4737079972658917,102.66664677456191,4.844813864099918e-06,0.6760351059942942
7.421052631578947,22.857142857142858,30,1.2,0.5944257006151742,0.8792822966507174,1.4737079972658917,105.16374456813821,4.683858950532985e-06,0.6760351059942942
7.421052631578947,22.857142857142858,30,1.3,0.5944257006151742,0.8792822966507174,1.4737079972658917,107.49465184921638,4.542976442246047e-06,0.6760351059942942
7.421052631578947,22.857142857142858,30,1.4,0.5944257006151742,0.8792822966507174,1.4737079972658917,109.68224258275194,4.418253883673393e-06,0.6760351059942942
7.421052631578947,22.857142857142858,30,1.5,0.5944257006151742,0.8792822966507174,1.4737079972658917,111.74486049387446,4.306770794200946e-06,0.6760351059942942
7.421052631578947,22.857142857142858,40,1.1,0.5944257006151742,0.8792822966507174,1.4737079972658917,102.66664677456191,5.617922704840789e-06,0.6760351059942942
7.421052631578947,22.857142857142858,40,1.2,0.5944257006151742,0.8792822966507174,1.4737079972658917,105.16374456813821,5.402641915136151e-06,0.6760351059942942
7.421052631578947,22.857142857142858,40,1.3,0.5944257006151742,0.8792822966507174,1.4737079972658917,107.49465184921638,5.216063319172992e-06,0.6760351059942942
7.421052631578947,22.857142857142858,40,1.4,0.5944257006151742,0.8792822966507174,1.4737079972658917,109.68224258275194,5.052311244618176e-06,0.6760351059942942
7.421052631578947,22.857142857142858,40,1.5,0.5944257006151742,0.8792822966507174,1.4737079972658917,111.74486049387446,4.907060593993455e-06,0.6760351059942942
7.421052631578947,25.714285714285715,20,1.1,0.5676246069719754,0.8843923444976074,1.4520169514695827,102.66664677456191,4.196064360663446e-06,0.6418244238584213
7.421052631578947,25.714285714285715,20,1.2,0.5676246069719754,0.8843923444976074,1.4520169514695827,105.16374456813821,4.0730309840798985e-06,0.6418244238584213
7.421052631578947,25.714285714285715,20,1.3,0.5676246069719754,0.8843923444976074,1.4520169514695827,107.49465184921638,3.964523122442708e-06,0.6418244238584213
7.421052631578947,25.714285714285715,20,1.4,0.5676246069719754,0.8843923444976074,1.4520169514695827,109.68224258275194,3.8678177569681494e-06,0.6418244238584213
7.421052631578947,25.714285714285715,20,1.5,0.5676246069719754,0.8843923444976074,1.4520169514695827,111.74486049387446,3.7808610583636224e-06,0.6418244238584213
7.421052631578947,25.714285714285715,30,1.1,0.5676246069719754,0.8843923444976074,1.4520169514695827,102.66664677456191,4.773504568367146e-06,0.6418244238584213
7.421052631578947,25.714285714285715,30,1.2,0.5676246069719754,0.8843923444976074,1.4520169514695827,105.16374456813821,4.614918699690923e-06,0.6418244238584213
7.421052631578947,25.714285714285715,30,1.3,0.5676246069719754,0.8843923444976074,1.4520169514695827,107.49465184921638,4.476109796856912e-06,0.6418244238584213
7.421052631578947,25.714285714285715,30,1.4,0.5676246069719754,0.8843923444976074,1.4520169514695827,109.68224258275194,4.353222990505762e-06,0.6418244238584213
7.421052631578947,25.714285714285715,30,1.5,0.5676246069719754,0.8843923444976074,1.4520169514695827,111.74486049387446,4.243380785661578e-06,0.6418244238584213
7.421052631578947,25.714285714285715,40,1.1,0.5676246069719754,0.8843923444976074,1.4520169514695827,102.66664677456191,5.535234262559885e-06,0.6418244238584213
7.421052631578947,25.714285714285715,40,1.2,0.5676246069719754,0.8843923444976074,1.4520169514695827,105.16374456813821,5.323122123277999e-06,0.6418244238584213
7.421052631578947,25.714285714285715,40,1.3,0.5676246069719754,0.8843923444976074,1.4520169514695827,107.49465184921638,5.139289719150099e-06,0.6418244238584213
7.421052631578947,25.714285714285715,40,1.4,0.5676246069719754,0.8843923444976074,1.4520169514695827,109.68224258275194,4.97794786002127e-06,0.6418244238584213
7.421052631578947,25.714285714285715,40,1.5,0.5676246069719754,0.8843923444976074,1.4520169514695827,111.74486049387446,4.834835108166515e-06,0.6418244238584213
7.421052631578947,28.571428571428573,20,1.1,0.5408235133287764,0.8895023923444976,1.430325905673274,102.66664677456191,4.133381191490186e-06,0.6080068114300468
7.421052631578947,28.571428571428573,20,1.2,0.5408235133287764,0.8895023923444976,1.430325905673274,105.16374456813821,4.012185756676703e-06,0.6080068114300468
7.421052631578947,28.571428571428573,20,1.3,0.5408235133287764,0.8895023923444976,1.430325905673274,107.49465184921638,3.905298846498551e-06,0.6080068114300468
7.421052631578947,28.571428571428573,20,1.4,0.5408235133287764,0.8895023923444976,1.430325905673274,109.68224258275194,3.810038120157945e-06,0.6080068114300468
7.421052631578947,28.571428571428573,20,1.5,0.5408235133287764,0.8895023923444976,1.430325905673274,111.74486049387446,3.72438042961928e-06,0.6080068114300468
7.421052631578947,28.571428571428573,30,1.1,0.5408235133287764,0.8895023923444976,1.430325905673274,102.66664677456191,4.7021952726343754e-06,0.6080068114300468
7.421052631578947,28.571428571428573,30,1.2,0.5408235133287764,0.8895023923444976,1.430325905673274,105.16374456813821,4.5459784488488625e-06,0.6080068114300468
7.421052631578947,28.571428571428573,30,1.3,0.5408235133287764,0.8895023923444976,1.430325905673274,107.49465184921638,4.409243151467777e-06,0.6080068114300468
7.421052631578947,28.571428571428573,30,1.4,0.5408235133287764,0.8895023923444976,1.430325905673274,109.68224258275194,4.288192097338134e-06,0.6080068114300468
7.421052631578947,28.571428571428573,30,1.5,0.5408235133287764,0.8895023923444976,1.430325905673274,111.74486049387446,4.179990777122211e-06,0.6080068114300468
7.421052631578947,28.571428571428573,40,1.1,0.5408235133287764,0.8895023923444976,1.430325905673274,102.66664677456191,5.4525458202789835e-06,0.6080068114300468
7.421052631578947,28.571428571428573,40,1.2,0.5408235133287764,0.8895023923444976,1.430325905673274,105.16374456813821,5.243602331419849e-06,0.6080068114300468
7.421052631578947,28.571428571428573,40,1.3,0.5408235133287764,0.8895023923444976,1.430325905673274,107.49465184921638,5.062516119127209e-06,0.6080068114300468
7.421052631578947,28.571428571428573,40,1.4,0.5408235133287764,0.8895023923444976,1.430325905673274,109.68224258275194,4.903584475424365e-06,0.6080068114300468
7.421052631578947,28.571428571428573,40,1.5,0.5408235133287764,0.8895023923444976,1.430325905673274,111.74486049387446,4.762609622339577e-06,0.6080068114300468
7.421052631578947,31.42857142857143,20,1.1,0.5142222829801777,0.894507860560492,1.4087301435406698,102.66664677456191,4.070973374739649e-06,0.57486614221363
7.421052631578947,31.42857142857143,20,1.2,0.5142222829801777,0.894507860560492,1.4087301435406698,105.16374456813821,3.951607808050214e-06,0.57486614221363
7.421052631578947,31.42857142857143,20,1.3,0.5142222829801777,0.894507860560492,1.4087301435406698,107.49465184921638,3.846334728872493e-06,0.57486614221363
7.421052631578947,31.42857142857143,20,1.4,0.5142222829801777,0.894507860560492,1.4087301435406698,109.68224258275194,3.752512295705822e-06,0.57486614221363
7.421052631578947,31.42857142857143,20,1.5,0.5142222829801777,0.894507860560492,1.4087301435406698,111.74486049387446,3.6681479069960362e-06,0.57486614221363
7.421052631578947,31.42857142857143,30,1.1,0.5142222829801777,0.894507860560492,1.4087301435406698,102.66664677456191,4.6311992218699395e-06,0.57486614221363
7.421052631578947,31.42857142857143,30,1.2,0.5142222829801777,0.894507860560492,1.4087301435406698,105.16374456813821,4.477341036317994e-06,0.57486614221363
7.421052631578947,31.42857142857143,30,1.3,0.5142222829801777,0.894507860560492,1.4087301435406698,107.49465184921638,4.342670235528671e-06,0.57486614221363
7.421052631578947,31.42857142857143,30,1.4,0.5142222829801777,0.894507860560492,1.4087301435406698,109.68224258275194,4.223446869592688e-06,0.57486614221363
7.421052631578947,31.42857142857143,30,1.5,0.5142222829801777,0.894507860560492,1.4087301435406698,111.74486049387446,4.116879225984697e-06,0.57486614221363
7.421052631578947,31.42857142857143,40,1.1,0.5142222829801777,0.894507860560492,1.4087301435406698,102.66664677456191,5.370220608881486e-06,0.57486614221363
7.421052631578947,31.42857142857143,40,1.2,0.5142222829801777,0.894507860560492,1.4087301435406698,105.16374456813821,5.164431851308879e-06,0.57486614221363
7.421052631578947,31.42857142857143,40,1.3,0.5142222829801777,0.894507860560492,1.4087301435406698,107.49465184921638,4.986079767476511e-06,0.57486614221363
7.421052631578947,31.42857142857143,40,1.4,0.5142222829801777,0.894507860560492,1.4087301435406698,109.68224258275194,4.82954775169003e-06,0.57486614221363
7.421052631578947,31.42857142857143,40,1.5,0.5142222829801777,0.894507860560492,1.4087301435406698,111.74486049387446,4.690701406088622e-06,0.57486614221363
7.421052631578947,34.285714285714285,20,1.1,0.48782091592617904,0.8994087491455912,1.3872296650717701,102.66664677456191,4.008840910411838e-06,0.5423795536674431
7.421052631578947,34.285714285714285,20,1.2,0.48782091592617904,0.8994087491455912,1.3872296650717701,105.16374456813821,3.89129713820043e-06,0.5423795536674431
7.421052631578947,34.285714285714285,20,1.3,0.48782091592617904,0.8994087491455912,1.3872296650717701,107.49465184921638,3.7876307695645357e-06,0.5423795536674431
7.421052631578947,34.285714285714285,20,1.4,0.48782091592617904,0.8994087491455912,1.3872296650717701,109.68224258275194,3.6952402836117788e-06,0.5423795536674431
7.421052631578947,34.285714285714285,20,1.5,0.48782091592617904,0.8994087491455912,1.3872296650717701,111.74486049387446,3.6121634904938908e-06,0.5423795536674431
7.421052631578947,34.285714285714285,30,1.1,0.48782091592617904,0.8994087491455912,1.3872296650717701,102.66664677456191,4.560516416073838e-06,0.5423795536674431
7.421052631578947,34.285714285714285,30,1.2,0.48782091592617904,0.8994087491455912,1.3872296650717701,105.16374456813821,4.409006462098316e-06,0.5423795536674431
7.421052631578947,34.285714285714285,30,1.3,0.48782091592617904,0.8994087491455912,1.3872296650717701,107.49465184921638,4.276391049039594e-06,0.5423795536674431
7.421052631578947,34.285714285714285,30,1.4,0.48782091592617904,0.8994087491455912,1.3872296650717701,109.68224258275194,4.158987307269425e-06,0.5423795536674431
7.421052631578947,34.285714285714285,30,1.5,0.48782091592617904,0.8994087491455912,1.3872296650717701,111.74486049387446,4.054046132249034e-06,0.5423795536674431
7.421052631578947,34.285714285714285,40,1.1,0.48782091592617904,0.8994087491455912,1.3872296650717701,102.66664677456191,5.288258628367391e-06,0.5423795536674431
7.421052631578947,34.285714285714285,40,1.2,0.48782091592617904,0.8994087491455912,1.3872296650717701,105.16374456813821,5.085610682945088e-06,0.5423795536674431
7.421052631578947,34.285714285714285,40,1.3,0.48782091592617904,0.8994087491455912,1.3872296650717701,107.49465184921638,4.9099806641980055e-06,0.5423795536674431
7.421052631578947,34.285714285714285,40,1.4,0.48782091592617904,0.8994087491455912,1.3872296650717701,109.68224258275194,4.755837688818264e-06,0.5423795536674431
7.421052631578947,34.285714285714285,40,1.5,0.48782091592617904,0.8994087491455912,1.3872296650717701,111.74486049387446,4.61911045941365e-06,0.5423795536674431
7.421052631578947,37.142857142857146,20,1.1,0.46141954887218034,0.9043096377306903,1.3657291866028707,102.66664677456191,3.946708446084027e-06,0.5102450859974074
7.421052631578947,37.142857142857146,20,1.2,0.46141954887218034,0.9043096377306903,1.3657291866028707,105.16374456813821,3.830986468350647e-06,0.5102450859974074
7.421052631578947,37.142857142857146,20,1.3,0.46141954887218034,0.9043096377306903,1.3657291866028707,107.49465184921638,3.728926810256579e-06,0.5102450859974074
7.421052631578947,37.142857142857146,20,1.4,0.46141954887218034,0.9043096377306903,1.3657291866028707,109.68224258275194,3.637968271517736e-06,0.5102450859974074
7.421052631578947,37.142857142857146,20,1.5,0.46141954887218034,0.9043096377306903,1.3657291866028707,111.74486049387446,3.556179073991746e-06,0.5102450859974074
7.421052631578947,37.142857142857146,30,1.1,0.46141954887218034,0.9043096377306903,1.3657291866028707,102.66664677456191,4.4898336102777365e-06,0.5102450859974074
7.421052631578947,37.142857142857146,30,1.2,0.46141954887218034,0.9043096377306903,1.3657291866028707,105.16374456813821,4.340671887878641e-06,0.5102450859974074
7.421052631578947,37.142857142857146,30,1.3,0.46141954887218034,0.9043096377306903,1.3657291866028707,107.49465184921638,4.210111862550519e-06,0.5102450859974074
7.421052631578947,37.142857142857146,30,1.4,0.46141954887218034,0.9043096377306903,1.3657291866028707,109.68224258275194,4.094527744946162e-06,0.5102450859974074
7.421052631578947,37.142857142857146,30,1.5,0.46141954887218034,0.9043096377306903,1.3657291866028707,111.74486049387446,3.991213038513372e-06,0.5102450859974074
7.421052631578947,37.142857142857146,40,1.1,0.46141954887218034,0.9043096377306903,1.3657291866028707,102.66664677456191,5.206296647853298e-06,0.5102450859974074
7.421052631578947,37.142857142857146,40,1.2,0.46141954887218034,0.9043096377306903,1.3657291866028707,105.16374456813821,5.006789514581298e-06,0.5102450859974074
7.421052631578947,37.142857142857146,40,1.3,0.46141954887218034,0.9043096377306903,1.3657291866028707,107.49465184921638,4.8338815609195005e-06,0.5102450859974074
7.421052631578947,37.142857142857146,40,1.4,0.46141954887218034,0.9043096377306903,1.3657291866028707,109.68224258275194,4.682127625946499e-06,0.5102450859974074
7.421052631578947,37.142857142857146,40,1.5,0.46141954887218034,0.9043096377306903,1.3657291866028707,111.74486049387446,4.5475195127386785e-06,0.5102450859974074
7.421052631578947,40.0,20,1.1,0.43501818181818175,0.9092105263157895,1.3442287081339712,102.66664677456191,3.884575981756216e-06,0.4784570451256413
7.421052631578947,40.0,20,1.2,0.43501818181818175,0.9092105263157895,1.3442287081339712,105.16374456813821,3.770675798500864e-06,0.4784570451256413
7.421052631578947,40.0,20,1.3,0.43501818181818175,0.9092105263157895,1.3442287081339712,107.49465184921638,3.670222850948623e-06,0.4784570451256413
7.421052631578947,40.0,20,1.4,0.43501818181818175,0.9092105263157895,1.3442287081339712,109.68224258275194,3.5806962594236935e-06,0.4784570451256413
7.421052631578947,40.0,20,1.5,0.43501818181818175,0.9092105263157895,1.3442287081339712,111.74486049387446,3.5001946574896015e-06,0.4784570451256413
7.421052631578947,40.0,30,1.1,0.43501818181818175,0.9092105263157895,1.3442287081339712,102.66664677456191,4.419150804481636e-06,0.4784570451256413
7.421052631578947,40.0,30,1.2,0.43501818181818175,0.9092105263157895,1.3442287081339712,105.16374456813821,4.272337313658964e-06,0.4784570451256413
7.421052631578947,40.0,30,1.3,0.43501818181818175,0.9092105263157895,1.3442287081339712,107.49465184921638,4.1438326760614425e-06,0.4784570451256413
7.421052631578947,40.0,30,1.4,0.43501818181818175,0.9092105263157895,1.3442287081339712,109.68224258275194,4.0300681826229e-06,0.4784570451256413
7.421052631578947,40.0,30,1.5,0.43501818181818175,0.9092105263157895,1.3442287081339712,111.74486049387446,3.9283799447777105e-06,0.4784570451256413
7.421052631578947,40.0,40,1.1,0.43501818181818175,0.9092105263157895,1.3442287081339712,102.66664677456191,5.124334667339204e-06,0.4784570451256413
7.421052631578947,40.0,40,1.2,0.43501818181818175,0.9092105263157895,1.3442287081339712,105.16374456813821,4.927968346217508e-06,0.4784570451256413
7.421052631578947,40.0,40,1.3,0.43501818181818175,0.9092105263157895,1.3442287081339712,107.49465184921638,4.757782457640996e-06,0.4784570451256413
7.421052631578947,40.0,40,1.4,0.43501818181818175,0.9092105263157895,1.3442287081339712,109.68224258275194,4.608417563074734e-06,0.4784570451256413
7.421052631578947,40.0,40,1.5,0.43501818181818175,0.9092105263157895,1.3442287081339712,111.74486049387446,4.4759285660637065e-06,0.4784570451256413
7.505263157894737,0.0,20,1.1,0.8133471770334928,0.8585282296650717,1.6718754066985646,102.66664677456191,4.831415227224026e-06,0.9473738299214635
7.505263157894737,0.0,20,1.2,0.8133471770334928,0.8585282296650717,1.6718754066985646,105.16374456813821,4.689752641050406e-06,0.9473738299214635
7.505263157894737,0.0,20,1.3,0.8133471770334928,0.8585282296650717,1.6718754066985646,107.49465184921638,4.564814963758787e-06,0.9473738299214635
7.505263157894737,0.0,20,1.4,0.8133471770334928,0.8585282296650717,1.6718754066985646,109.68224258275194,4.453466868222383e-06,0.9473738299214635
7.505263157894737,0.0,20,1.5,0.8133471770334928,0.8585282296650717,1.6718754066985646,111.74486049387446,4.353343542735398e-06,0.9473738299214635
7.505263157894737,0.0,30,1.1,0.8133471770334928,0.8585282296650717,1.6718754066985646,102.66664677456191,5.496289064352195e-06,0.9473738299214635
7.505263157894737,0.0,30,1.2,0.8133471770334928,0.8585282296650717,1.6718754066985646,105.16374456813821,5.313690773456649e-06,0.9473738299214635
7.505263157894737,0.0,30,1.3,0.8133471770334928,0.8585282296650717,1.6718754066985646,107.49465184921638,5.153863995508833e-06,0.9473738299214635
7.505263157894737,0.0,30,1.4,0.8133471770334928,0.8585282296650717,1.6718754066985646,109.68224258275194,5.012370172631436e-06,0.9473738299214635
7.505263157894737,0.0,30,1.5,0.8133471770334928,0.8585282296650717,1.6718754066985646,111.74486049387446,4.885896111353657e-06,0.9473738299214635
7.505263157894737,0.0,40,1.1,0.8133471770334928,0.8585282296650717,1.6718754066985646,102.66664677456191,6.373356746643325e-06,0.9473738299214635
7.505263157894737,0.0,40,1.2,0.8133471770334928,0.8585282296650717,1.6718754066985646,105.16374456813821,6.129127456641792e-06,0.9473738299214635
7.505263157894737,0.0,40,1.3,0.8133471770334928,0.8585282296650717,1.6718754066985646,107.49465184921638,5.917459903377593e-06,0.9473738299214635
7.505263157894737,0.0,40,1.4,0.8133471770334928,0.8585282296650717,1.6718754066985646,109.68224258275194,5.731688321251429e-06,0.9473738299214635
7.505263157894737,0.0,40,1.5,0.8133471770334928,0.8585282296650717,1.6718754066985646,111.74486049387446,5.56690602310487e-06,0.9473738299214635
7.505263157894737,2.857142857142857,20,1.1,0.7864827067669173,0.8636054682159946,1.650088174982912,102.66664677456191,4.768454098273678e-06,0.9106967657252163
7.505263157894737,2.857142857142857,20,1.2,0.7864827067669173,0.8636054682159946,1.650088174982912,105.16374456813821,4.628637603966736e-06,0.9106967657252163
7.505263157894737,2.857142857142857,20,1.3,0.7864827067669173,0.8636054682159946,1.650088174982912,107.49465184921638,4.505328066017475e-06,0.9106967657252163
7.505263157894737,2.857142857142857,20,1.4,0.7864827067669173,0.8636054682159946,1.650088174982912,109.68224258275194,4.395431015665915e-06,0.9106967657252163
7.505263157894737,2.857142857142857,20,1.5,0.7864827067669173,0.8636054682159946,1.650088174982912,111.74486049387446,4.296612458515008e-06,0.9106967657252163
7.505263157894737,2.857142857142857,30,1.1,0.7864827067669173,0.8636054682159946,1.650088174982912,102.66664677456191,5.424663557486396e-06,0.9106967657252163
7.505263157894737,2.857142857142857,30,1.2,0.7864827067669173,0.8636054682159946,1.650088174982912,105.16374456813821,5.244444816680937e-06,0.9106967657252163
7.505263157894737,2.857142857142857,30,1.3,0.7864827067669173,0.8636054682159946,1.650088174982912,107.49465184921638,5.086700839300413e-06,0.9106967657252163
7.505263157894737,2.857142857142857,30,1.4,0.7864827067669173,0.8636054682159946,1.650088174982912,109.68224258275194,4.947050909031887e-06,0.9106967657252163
7.505263157894737,2.857142857142857,30,1.5,0.7864827067669173,0.8636054682159946,1.650088174982912,111.74486049387446,4.822225008656552e-06,0.9106967657252163
7.505263157894737,2.857142857142857,40,1.1,0.7864827067669173,0.8636054682159946,1.650088174982912,102.66664677456191,6.2903016339900215e-06,0.9106967657252163
7.505263157894737,2.857142857142857,40,1.2,0.7864827067669173,0.8636054682159946,1.650088174982912,105.16374456813821,6.049255045349902e-06,0.9106967657252163
7.505263157894737,2.857142857142857,40,1.3,0.7864827067669173,0.8636054682159946,1.650088174982912,107.49465184921638,5.840345861525899e-06,0.9106967657252163
7.505263157894737,2.857142857142857,40,1.4,0.7864827067669173,0.8636054682159946,1.650088174982912,109.68224258275194,5.656995182590098e-06,0.9106967657252163
7.505263157894737,2.857142857142857,40,1.5,0.7864827067669173,0.8636054682159946,1.650088174982912,111.74486049387446,5.494360263427626e-06,0.9106967657252163
7.505263157894737,5.714285714285714,20,1.1,0.7596182365003417,0.8686827067669173,1.6283009432672588,102.66664677456191,4.70549296932333e-06,0.8744484385184849
7.505263157894737,5.714285714285714,20,1.2,0.7596182365003417,0.8686827067669173,1.6283009432672588,105.16374456813821,4.567522566883064e-06,0.8744484385184849
7.505263157894737,5.714285714285714,20,1.3,0.7596182365003417,0.8686827067669173,1.6283009432672588,107.49465184921638,4.445841168276162e-06,0.8744484385184849
7.505263157894737,5.714285714285714,20,1.4,0.7596182365003417,0.8686827067669173,1.6283009432672588,109.68224258275194,4.337395163109446e-06,0.8744484385184849
7.505263157894737,5.714285714285714,20,1.5,0.7596182365003417,0.8686827067669173,1.6283009432672588,111.74486049387446,4.239881374294616e-06,0.8744484385184849
7.505263157894737,5.714285714285714,30,1.1,0.7596182365003417,0.8686827067669173,1.6283009432672588,102.66664677456191,5.353038050620595e-06,0.8744484385184849
7.505263157894737,5.714285714285714,30,1.2,0.7596182365003417,0.8686827067669173,1.6283009432672588,105.16374456813821,5.175198859905223e-06,0.8744484385184849
7.505263157894737,5.714285714285714,30,1.3,0.7596182365003417,0.8686827067669173,1.6283009432672588,107.49465184921638,5.019537683091992e-06,0.8744484385184849
7.505263157894737,5.714285714285714,30,1.4,0.7596182365003417,0.8686827067669173,1.6283009432672588,109.68224258275194,4.881731645432336e-06,0.8744484385184849
7.505263157894737,5.714285714285714,30,1.5,0.7596182365003417,0.8686827067669173,1.6283009432672588,111.74486049387446,4.758553905959446e-06,0.8744484385184849
7.505263157894737,5.714285714285714,40,1.1,0.7596182365003417,0.8686827067669173,1.6283009432672588,102.66664677456191,6.207246521336717e-06,0.8744484385184849
7.505263157894737,5.714285714285714,40,1.2,0.7596182365003417,0.8686827067669173,1.6283009432672588,105.16374456813821,5.96938263405801e-06,0.8744484385184849
7.505263157894737,5.714285714285714,40,1.3,0.7596182365003417,0.8686827067669173,1.6283009432672588,107.49465184921638,5.763231819674204e-06,0.8744484385184849
7.505263157894737,5.714285714285714,40,1.4,0.7596182365003417,0.8686827067669173,1.6283009432672588,109.68224258275194,5.5823020439287655e-06,0.8744484385184849
7.505263157894737,5.714285714285714,40,1.5,0.7596182365003417,0.8686827067669173,1.6283009432672588,111.74486049387446,5.421814503750381e-06,0.8744484385184849
7.505263157894737,8.571428571428571,20,1.1,0.7327537662337662,0.8737599453178401,1.6065137115516062,102.66664677456191,4.642531840372983e-06,0.8386213743950219
7.505263157894737,8.571428571428571,20,1.2,0.7327537662337662,0.8737599453178401,1.6065137115516062,105.16374456813821,4.5064075297993935e-06,0.8386213743950219
7.505263157894737,8.571428571428571,20,1.3,0.7327537662337662,0.8737599453178401,1.6065137115516062,107.49465184921638,4.38635427053485e-06,0.8386213743950219
7.505263157894737,8.571428571428571,20,1.4,0.7327537662337662,0.8737599453178401,1.6065137115516062,109.68224258275194,4.279359310552978e-06,0.8386213743950219
7.505263157894737,8.571428571428571,20,1.5,0.7327537662337662,0.8737599453178401,1.6065137115516062,111.74486049387446,4.183150290074225e-06,0.8386213743950219
7.505263157894737,8.571428571428571,30,1.1,0.7327537662337662,0.8737599453178401,1.6065137115516062,102.66664677456191,5.2814125437547955e-06,0.8386213743950219
7.505263157894737,8.571428571428571,30,1.2,0.7327537662337662,0.8737599453178401,1.6065137115516062,105.16374456813821,5.10595290312951e-06,0.8386213743950219
7.505263157894737,8.571428571428571,30,1.3,0.7327537662337662,0.8737599453178401,1.6065137115516062,107.49465184921638,4.9523745268835735e-06,0.8386213743950219
7.505263157894737,8.571428571428571,30,1.4,0.7327537662337662,0.8737599453178401,1.6065137115516062,109.68224258275194,4.816412381832788e-06,0.8386213743950219
7.505263157894737,8.571428571428571,30,1.5,0.7327537662337662,0.8737599453178401,1.6065137115516062,111.74486049387446,4.694882803262341e-06,0.8386213743950219
7.505263157894737,8.571428571428571,40,1.1,0.7327537662337662,0.8737599453178401,1.6065137115516062,102.66664677456191,6.124191408683413e-06,0.8386213743950219
7.505263157894737,8.571428571428571,40,1.2,0.7327537662337662,0.8737599453178401,1.6065137115516062,105.16374456813821,5.88951022276612e-06,0.8386213743950219
7.505263157894737,8.571428571428571,40,1.3,0.7327537662337662,0.8737599453178401,1.6065137115516062,107.49465184921638,5.68611777782251e-06,0.8386213743950219
7.505263157894737,8.571428571428571,40,1.4,0.7327537662337662,0.8737599453178401,1.6065137115516062,109.68224258275194,5.5076089052674346e-06,0.8386213743950219
7.505263157894737,8.571428571428571,40,1.5,0.7327537662337662,0.8737599453178401,1.6065137115516062,111.74486049387446,5.349268744073137e-06,0.8386213743950219
7.505263157894737,11.428571428571429,20,1.1,0.7058573342447025,0.8788568694463432,1.5847142036910458,102.66664677456191,4.5795352356011714e-06,0.8031539136621577
7.505263157894737,11.428571428571429,20,1.2,0.7058573342447025,0.8788568694463432,1.5847142036910458,105.16374456813821,4.445258057085668e-06,0.8031539136621577
7.505263157894737,11.428571428571429,20,1.3,0.7058573342447025,0.8788568694463432,1.5847142036910458,107.49465184921638,4.3268338545482505e-06,0.8031539136621577
7.505263157894737,11.428571428571429,20,1.4,0.7058573342447025,0.8788568694463432,1.5847142036910458,109.68224258275194,4.221290757351236e-06,0.8031539136621577
7.505263157894737,11.428571428571429,20,1.5,0.7058573342447025,0.8788568694463432,1.5847142036910458,111.74486049387446,4.126387240388017e-06,0.8031539136621577
7.505263157894737,11.428571428571429,30,1.1,0.7058573342447025,0.8788568694463432,1.5847142036910458,102.66664677456191,5.209746679072415e-06,0.8031539136621577
7.505263157894737,11.428571428571429,30,1.2,0.7058573342447025,0.8788568694463432,1.5847142036910458,105.16374456813821,5.036667929308826e-06,0.8031539136621577
7.505263157894737,11.428571428571429,30,1.3,0.7058573342447025,0.8788568694463432,1.5847142036910458,107.49465184921638,4.885173527196513e-06,0.8031539136621577
7.505263157894737,11.428571428571429,30,1.4,0.7058573342447025,0.8788568694463432,1.5847142036910458,109.68224258275194,4.751056313706822e-06,0.8031539136621577
7.505263157894737,11.428571428571429,30,1.5,0.7058573342447025,0.8788568694463432,1.5847142036910458,111.74486049387446,4.631175824704854e-06,0.8031539136621577
7.505263157894737,11.428571428571429,40,1.1,0.7058573342447025,0.8788568694463432,1.5847142036910458,102.66664677456191,6.041089498134372e-06,0.8031539136621577
7.505263157894737,11.428571428571429,40,1.2,0.7058573342447025,0.8788568694463432,1.5847142036910458,105.16374456813821,5.809592806890447e-06,0.8031539136621577
7.505263157894737,11.428571428571429,40,1.3,0.7058573342447025,0.8788568694463432,1.5847142036910458,107.49465184921638,5.608960285606651e-06,0.8031539136621577
7.505263157894737,11.428571428571429,40,1.4,0.7058573342447025,0.8788568694463432,1.5847142036910458,109.68224258275194,5.432873680314197e-06,0.8031539136621577
7.505263157894737,11.428571428571429,40,1.5,0.7058573342447025,0.8788568694463432,1.5847142036910458,111.74486049387446,5.276682108057409e-06,0.8031539136621577
7.505263157894737,14.285714285714286,20,1.1,0.678928940533151,0.8839734791524266,1.5629024196855776,102.66664677456191,4.516503155007895e-06,0.7680422055015984
7.505263157894737,14.285714285714286,20,1.2,0.678928940533151,0.8839734791524266,1.5629024196855776,105.16374456813821,4.384074148741888e-06,0.7680422055015984
7.505263157894737,14.285714285714286,20,1.3,0.678928940533151,0.8839734791524266,1.5629024196855776,107.49465184921638,4.267279920316364e-06,0.7680422055015984
7.505263157894737,14.285714285714286,20,1.4,0.678928940533151,0.8839734791524266,1.5629024196855776,109.68224258275194,4.163189503504221e-06,0.7680422055015984
7.505263157894737,14.285714285714286,20,1.5,0.678928940533151,0.8839734791524266,1.5629024196855776,111.74486049387446,4.069592225235991e-06,0.7680422055015984
7.505263157894737,14.285714285714286,30,1.1,0.678928940533151,0.8839734791524266,1.5629024196855776,102.66664677456191,5.138040456573456e-06,0.7680422055015984
7.505263157894737,14.285714285714286,30,1.2,0.678928940533151,0.8839734791524266,1.5629024196855776,105.16374456813821,4.967343938443171e-06,0.7680422055015984
7.505263157894737,14.285714285714286,30,1.3,0.678928940533151,0.8839734791524266,1.5629024196855776,107.49465184921638,4.817934684030812e-06,0.7680422055015984
7.505263157894737,14.285714285714286,30,1.4,0.678928940533151,0.8839734791524266,1.5629024196855776,109.68224258275194,4.68566344105444e-06,0.7680422055015984
7.505263157894737,14.285714285714286,30,1.5,0.678928940533151,0.8839734791524266,1.5629024196855776,111.74486049387446,4.567432970286984e-06,0.7680422055015984
7.505263157894737,14.285714285714286,40,1.1,0.678928940533151,0.8839734791524266,1.5629024196855776,102.66664677456191,5.957940789689591e-06,0.7680422055015984
7.505263157894737,14.285714285714286,40,1.2,0.678928940533151,0.8839734791524266,1.5629024196855776,105.16374456813821,5.729630386430991e-06,0.7680422055015984
7.505263157894737,14.285714285714286,40,1.3,0.678928940533151,0.8839734791524266,1.5629024196855776,107.49465184921638,5.531759343026626e-06,0.7680422055015984
7.505263157894737,14.285714285714286,40,1.4,0.678928940533151,0.8839734791524266,1.5629024196855776,109.68224258275194,5.358096369069053e-06,0.7680422055015984
7.505263157894737,14.285714285714286,40,1.5,0.678928940533151,0.8839734791524266,1.5629024196855776,111.74486049387446,5.204054595703198e-06,0.7680422055015984
7.505263157894737,17.142857142857142,20,1.1,0.6520005468215995,0.8890900888585098,1.5410906356801093,102.66664677456191,4.453471074414618e-06,0.7333346249070145
7.505263157894737,17.142857142857142,20,1.2,0.6520005468215995,0.8890900888585098,1.5410906356801093,105.16374456813821,4.322890240398107e-06,0.7333346249070145
7.505263157894737,17.142857142857142,20,1.3,0.6520005468215995,0.8890900888585098,1.5410906356801093,107.49465184921638,4.207725986084477e-06,0.7333346249070145
7.505263157894737,17.142857142857142,20,1.4,0.6520005468215995,0.8890900888585098,1.5410906356801093,109.68224258275194,4.105088249657204e-06,0.7333346249070145
7.505263157894737,17.142857142857142,20,1.5,0.6520005468215995,0.8890900888585098,1.5410906356801093,111.74486049387446,4.012797210083965e-06,0.7333346249070145
7.505263157894737,17.142857142857142,30,1.1,0.6520005468215995,0.8890900888585098,1.5410906356801093,102.66664677456191,5.066334234074494e-06,0.7333346249070145
7.505263157894737,17.142857142857142,30,1.2,0.6520005468215995,0.8890900888585098,1.5410906356801093,105.16374456813821,4.898019947577515e-06,0.7333346249070145
7.505263157894737,17.142857142857142,30,1.3,0.6520005468215995,0.8890900888585098,1.5410906356801093,107.49465184921638,4.75069584086511e-06,0.7333346249070145
7.505263157894737,17.142857142857142,30,1.4,0.6520005468215995,0.8890900888585098,1.5410906356801093,109.68224258275194,4.620270568402058e-06,0.7333346249070145
7.505263157894737,17.142857142857142,30,1.5,0.6520005468215995,0.8890900888585098,1.5410906356801093,111.74486049387446,4.503690115869114e-06,0.7333346249070145
7.505263157894737,17.142857142857142,40,1.1,0.6520005468215995,0.8890900888585098,1.5410906356801093,102.66664677456191,5.874792081244811e-06,0.7333346249070145
7.505263157894737,17.142857142857142,40,1.2,0.6520005468215995,0.8890900888585098,1.5410906356801093,105.16374456813821,5.649667965971534e-06,0.7333346249070145
7.505263157894737,17.142857142857142,40,1.3,0.6520005468215995,0.8890900888585098,1.5410906356801093,107.49465184921638,5.454558400446602e-06,0.7333346249070145
7.505263157894737,17.142857142857142,40,1.4,0.6520005468215995,0.8890900888585098,1.5410906356801093,109.68224258275194,5.283319057823908e-06,0.7333346249070145
7.505263157894737,17.142857142857142,40,1.5,0.6520005468215995,0.8890900888585098,1.5410906356801093,111.74486049387446,5.131427083348985e-06,0.7333346249070145
7.505263157894737,20.0,20,1.1,0.6250721531100478,0.8942066985645933,1.5192788516746412,102.66664677456191,4.390438993821342e-06,0.6990242346802276
7.505263157894737,20.0,20,1.2,0.6250721531100478,0.8942066985645933,1.5192788516746412,105.16374456813821,4.261706332054327e-06,0.6990242346802276
7.505263157894737,20.0,20,1.3,0.6250721531100478,0.8942066985645933,1.5192788516746412,107.49465184921638,4.148172051852589e-06,0.6990242346802276
7.505263157894737,20.0,20,1.4,0.6250721531100478,0.8942066985645933,1.5192788516746412,109.68224258275194,4.0469869958101895e-06,0.6990242346802276
7.505263157894737,20.0,20,1.5,0.6250721531100478,0.8942066985645933,1.5192788516746412,111.74486049387446,3.9560021949319396e-06,0.6990242346802276
7.505263157894737,20.0,30,1.1,0.6250721531100478,0.8942066985645933,1.5192788516746412,102.66664677456191,4.994628011575535e-06,0.6990242346802276
7.505263157894737,20.0,30,1.2,0.6250721531100478,0.8942066985645933,1.5192788516746412,105.16374456813821,4.828695956711859e-06,0.6990242346802276
7.505263157894737,20.0,30,1.3,0.6250721531100478,0.8942066985645933,1.5192788516746412,107.49465184921638,4.6834569976994085e-06,0.6990242346802276
7.505263157894737,20.0,30,1.4,0.6250721531100478,0.8942066985645933,1.5192788516746412,109.68224258275194,4.554877695749677e-06,0.6990242346802276
7.505263157894737,20.0,30,1.5,0.6250721531100478,0.8942066985645933,1.5192788516746412,111.74486049387446,4.439947261451245e-06,0.6990242346802276
7.505263157894737,20.0,40,1.1,0.6250721531100478,0.8942066985645933,1.5192788516746412,102.66664677456191,5.79164337280003e-06,0.6990242346802276
7.505263157894737,20.0,40,1.2,0.6250721531100478,0.8942066985645933,1.5192788516746412,105.16374456813821,5.569705545512078e-06,0.6990242346802276
7.505263157894737,20.0,40,1.3,0.6250721531100478,0.8942066985645933,1.5192788516746412,107.49465184921638,5.377357457866577e-06,0.6990242346802276
7.505263157894737,20.0,40,1.4,0.6250721531100478,0.8942066985645933,1.5192788516746412,109.68224258275194,5.208541746578764e-06,0.6990242346802276
7.505263157894737,20.0,40,1.5,0.6250721531100478,0.8942066985645933,1.5192788516746412,111.74486049387446,5.058799570994773e-06,0.6990242346802276
7.505263157894737,22.857142857142858,20,1.1,0.5982251264524948,0.8993101845522897,1.4975353110047847,102.66664677456191,4.327604124030683e-06,0.6652044386112603
7.505263157894737,22.857142857142858,20,1.2,0.5982251264524948,0.8993101845522897,1.4975353110047847,105.16374456813821,4.2007138520682685e-06,0.6652044386112603
7.505263157894737,22.857142857142858,20,1.3,0.5982251264524948,0.8993101845522897,1.4975353110047847,107.49465184921638,4.088804446218114e-06,0.6652044386112603
7.505263157894737,22.857142857142858,20,1.4,0.5982251264524948,0.8993101845522897,1.4975353110047847,109.68224258275194,3.989067525505719e-06,0.6652044386112603
7.505263157894737,22.857142857142858,20,1.5,0.5982251264524948,0.8993101845522897,1.4975353110047847,111.74486049387446,3.899384876445125e-06,0.6652044386112603
7.505263157894737,22.857142857142858,30,1.1,0.5982251264524948,0.8993101845522897,1.4975353110047847,102.66664677456191,4.9231461389878986e-06,0.6652044386112603
7.505263157894737,22.857142857142858,30,1.2,0.5982251264524948,0.8993101845522897,1.4975353110047847,105.16374456813821,4.759588862381278e-06,0.6652044386112603
7.505263157894737,22.857142857142858,30,1.3,0.5982251264524948,0.8993101845522897,1.4975353110047847,107.49465184921638,4.616428527190027e-06,0.6652044386112603
7.505263157894737,22.857142857142858,30,1.4,0.5982251264524948,0.8993101845522897,1.4975353110047847,109.68224258275194,4.489689420197372e-06,0.6652044386112603
7.505263157894737,22.857142857142858,30,1.5,0.5982251264524948,0.8993101845522897,1.4975353110047847,111.74486049387446,4.3764038416603545e-06,0.6652044386112603
7.505263157894737,22.857142857142858,40,1.1,0.5982251264524948,0.8993101845522897,1.4975353110047847,102.66664677456191,5.708754814795703e-06,0.6652044386112603
7.505263157894737,22.857142857142858,40,1.2,0.5982251264524948,0.8993101845522897,1.4975353110047847,105.16374456813821,5.489993306435968e-06,0.6652044386112603
7.505263157894737,22.857142857142858,40,1.3,0.5982251264524948,0.8993101845522897,1.4975353110047847,107.49465184921638,5.300398056731889e-06,0.6652044386112603
7.505263157894737,22.857142857142858,40,1.4,0.5982251264524948,0.8993101845522897,1.4975353110047847,109.68224258275194,5.133998393873928e-06,0.6652044386112603
7.505263157894737,22.857142857142858,40,1.5,0.5982251264524948,0.8993101845522897,1.4975353110047847,111.74486049387446,4.986399291025541e-06,0.6652044386112603
7.505263157894737,25.714285714285715,20,1.1,0.5713780997949419,0.9044136705399863,1.4757917703349284,102.66664677456191,4.2647692542400244e-06,0.6317663237595654
7.505263157894737,25.714285714285715,20,1.2,0.5713780997949419,0.9044136705399863,1.4757917703349284,105.16374456813821,4.13972137208221e-06,0.6317663237595654
7.505263157894737,25.714285714285715,20,1.3,0.5713780997949419,0.9044136705399863,1.4757917703349284,107.49465184921638,4.029436840583639e-06,0.6317663237595654
7.505263157894737,25.714285714285715,20,1.4,0.5713780997949419,0.9044136705399863,1.4757917703349284,109.68224258275194,3.931148055201249e-06,0.6317663237595654
7.505263157894737,25.714285714285715,20,1.5,0.5713780997949419,0.9044136705399863,1.4757917703349284,111.74486049387446,3.842767557958312e-06,0.6317663237595654
7.505263157894737,25.714285714285715,30,1.1,0.5713780997949419,0.9044136705399863,1.4757917703349284,102.66664677456191,4.851664266400263e-06,0.6317663237595654
7.505263157894737,25.714285714285715,30,1.2,0.5713780997949419,0.9044136705399863,1.4757917703349284,105.16374456813821,4.690481768050698e-06,0.6317663237595654
7.505263157894737,25.714285714285715,30,1.3,0.5713780997949419,0.9044136705399863,1.4757917703349284,107.49465184921638,4.549400056680645e-06,0.6317663237595654
7.505263157894737,25.714285714285715,30,1.4,0.5713780997949419,0.9044136705399863,1.4757917703349284,109.68224258275194,4.424501144645068e-06,0.6317663237595654
7.505263157894737,25.714285714285715,30,1.5,0.5713780997949419,0.9044136705399863,1.4757917703349284,111.74486049387446,4.312860421869465e-06,0.6317663237595654
7.505263157894737,25.714285714285715,40,1.1,0.5713780997949419,0.9044136705399863,1.4757917703349284,102.66664677456191,5.6258662567913755e-06,0.6317663237595654
7.505263157894737,25.714285714285715,40,1.2,0.5713780997949419,0.9044136705399863,1.4757917703349284,105.16374456813821,5.410281067359858e-06,0.6317663237595654
7.505263157894737,25.714285714285715,40,1.3,0.5713780997949419,0.9044136705399863,1.4757917703349284,107.49465184921638,5.2234386555972006e-06,0.6317663237595654
7.505263157894737,25.714285714285715,40,1.4,0.5713780997949419,0.9044136705399863,1.4757917703349284,109.68224258275194,5.059455041169093e-06,0.6317663237595654
7.505263157894737,25.714285714285715,40,1.5,0.5713780997949419,0.9044136705399863,1.4757917703349284,111.74486049387446,4.91399901105631e-06,0.6317663237595654
7.505263157894737,28.571428571428573,20,1.1,0.5445310731373889,0.9095171565276828,1.4540482296650716,102.66664677456191,4.201934384449365e-06,0.5987034650520252
7.505263157894737,28.571428571428573,20,1.2,0.5445310731373889,0.9095171565276828,1.4540482296650716,105.16374456813821,4.07872889209615e-06,0.5987034650520252
7.505263157894737,28.571428571428573,20,1.3,0.5445310731373889,0.9095171565276828,1.4540482296650716,107.49465184921638,3.970069234949163e-06,0.5987034650520252
7.505263157894737,28.571428571428573,20,1.4,0.5445310731373889,0.9095171565276828,1.4540482296650716,109.68224258275194,3.873228584896778e-06,0.5987034650520252
7.505263157894737,28.571428571428573,20,1.5,0.5445310731373889,0.9095171565276828,1.4540482296650716,111.74486049387446,3.7861502394714974e-06,0.5987034650520252
7.505263157894737,28.571428571428573,30,1.1,0.5445310731373889,0.9095171565276828,1.4540482296650716,102.66664677456191,4.780182393812626e-06,0.5987034650520252
7.505263157894737,28.571428571428573,30,1.2,0.5445310731373889,0.9095171565276828,1.4540482296650716,105.16374456813821,4.621374673720116e-06,0.5987034650520252
7.505263157894737,28.571428571428573,30,1.3,0.5445310731373889,0.9095171565276828,1.4540482296650716,107.49465184921638,4.482371586171263e-06,0.5987034650520252
7.505263157894737,28.571428571428573,30,1.4,0.5445310731373889,0.9095171565276828,1.4540482296650716,109.68224258275194,4.359312869092763e-06,0.5987034650520252
7.505263157894737,28.571428571428573,30,1.5,0.5445310731373889,0.9095171565276828,1.4540482296650716,111.74486049387446,4.249317002078575e-06,0.5987034650520252
7.505263157894737,28.571428571428573,40,1.1,0.5445310731373889,0.9095171565276828,1.4540482296650716,102.66664677456191,5.542977698787046e-06,0.5987034650520252
7.505263157894737,28.571428571428573,40,1.2,0.5445310731373889,0.9095171565276828,1.4540482296650716,105.16374456813821,5.330568828283747e-06,0.5987034650520252
7.505263157894737,28.571428571428573,40,1.3,0.5445310731373889,0.9095171565276828,1.4540482296650716,107.49465184921638,5.146479254462511e-06,0.5987034650520252
7.505263157894737,28.571428571428573,40,1.4,0.5445310731373889,0.9095171565276828,1.4540482296650716,109.68224258275194,4.984911688464257e-06,0.5987034650520252
7.505263157894737,28.571428571428573,40,1.5,0.5445310731373889,0.9095171565276828,1.4540482296650716,111.74486049387446,4.841598731087077e-06,0.5987034650520252
7.505263157894737,31.42857142857143,20,1.1,0.5178667395762133,0.9145237183868763,1.4323904579630895,102.66664677456191,4.139347371344528e-06,0.5662693368846418
7.505263157894737,31.42857142857143,20,1.2,0.5178667395762133,0.9145237183868763,1.4323904579630895,105.16374456813821,4.017977001356155e-06,0.5662693368846418
7.505263157894737,31.42857142857143,20,1.3,0.5178667395762133,0.9145237183868763,1.4323904579630895,107.49465184921638,3.910935809126419e-06,0.5662693368846418
7.505263157894737,31.42857142857143,20,1.4,0.5178667395762133,0.9145237183868763,1.4323904579630895,109.68224258275194,3.815537582129553e-06,0.5662693368846418
7.505263157894737,31.42857142857143,20,1.5,0.5178667395762133,0.9145237183868763,1.4323904579630895,111.74486049387446,3.7297562520899604e-06,0.5662693368846418
7.505263157894737,31.42857142857143,30,1.1,0.5178667395762133,0.9145237183868763,1.4323904579630895,102.66664677456191,4.70898248663838e-06,0.5662693368846418
7.505263157894737,31.42857142857143,30,1.2,0.5178667395762133,0.9145237183868763,1.4323904579630895,105.16374456813821,4.552540177318435e-06,0.5662693368846418
7.505263157894737,31.42857142857143,30,1.3,0.5178667395762133,0.9145237183868763,1.4323904579630895,107.49465184921638,4.415607514308867e-06,0.5662693368846418
7.505263157894737,31.42857142857143,30,1.4,0.5178667395762133,0.9145237183868763,1.4323904579630895,109.68224258275194,4.29438173340542e-06,0.5662693368846418
7.505263157894737,31.42857142857143,30,1.5,0.5178667395762133,0.9145237183868763,1.4323904579630895,111.74486049387446,4.186024233900199e-06,0.5662693368846418
7.505263157894737,31.42857142857143,40,1.1,0.5178667395762133,0.9145237183868763,1.4323904579630895,102.66664677456191,5.460416100691252e-06,0.5662693368846418
7.505263157894737,31.42857142857143,40,1.2,0.5178667395762133,0.9145237183868763,1.4323904579630895,105.16374456813821,5.251171019896563e-06,0.5662693368846418
7.505263157894737,31.42857142857143,40,1.3,0.5178667395762133,0.9145237183868763,1.4323904579630895,107.49465184921638,5.069823425248502e-06,0.5662693368846418
7.505263157894737,31.42857142857143,40,1.4,0.5178667395762133,0.9145237183868763,1.4323904579630895,109.68224258275194,4.910662377402429e-06,0.5662693368846418
7.505263157894737,31.42857142857143,40,1.5,0.5178667395762133,0.9145237183868763,1.4323904579630895,111.74486049387446,4.769484039255539e-06,0.5662693368846418
7.505263157894737,34.285714285714285,20,1.1,0.4913850991114149,0.9194333561175666,1.4108184552289815,102.66664677456191,4.077008214925512e-06,0.5344434110878421
7.505263157894737,34.285714285714285,20,1.2,0.4913850991114149,0.9194333561175666,1.4108184552289815,105.16374456813821,3.957465699862221e-06,0.5344434110878421
7.505263157894737,34.285714285714285,20,1.3,0.4913850991114149,0.9194333561175666,1.4108184552289815,107.49465184921638,3.852036563115406e-06,0.5344434110878421
7.505263157894737,34.285714285714285,20,1.4,0.4913850991114149,0.9194333561175666,1.4108184552289815,109.68224258275194,3.758075046899574e-06,0.5344434110878421
7.505263157894737,34.285714285714285,20,1.5,0.4913850991114149,0.9194333561175666,1.4108184552289815,111.74486049387446,3.673585595813699e-06,0.5344434110878421
7.505263157894737,34.285714285714285,30,1.1,0.4913850991114149,0.9194333561175666,1.4108184552289815,102.66664677456191,4.638064544877527e-06,0.5344434110878421
7.505263157894737,34.285714285714285,30,1.2,0.4913850991114149,0.9194333561175666,1.4108184552289815,105.16374456813821,4.4839782788456505e-06,0.5344434110878421
7.505263157894737,34.285714285714285,30,1.3,0.4913850991114149,0.9194333561175666,1.4108184552289815,107.49465184921638,4.349107841093456e-06,0.5344434110878421
7.505263157894737,34.285714285714285,30,1.4,0.4913850991114149,0.9194333561175666,1.4108184552289815,109.68224258275194,4.229707737583037e-06,0.5344434110878421
7.505263157894737,34.285714285714285,30,1.5,0.4913850991114149,0.9194333561175666,1.4108184552289815,111.74486049387446,4.122982117334337e-06,0.5344434110878421
7.505263157894737,34.285714285714285,40,1.1,0.4913850991114149,0.9194333561175666,1.4108184552289815,102.66664677456191,5.3781814625039926e-06,0.5344434110878421
7.505263157894737,34.285714285714285,40,1.2,0.4913850991114149,0.9194333561175666,1.4108184552289815,105.16374456813821,5.172087642198304e-06,0.5344434110878421
7.505263157894737,34.285714285714285,40,1.3,0.4913850991114149,0.9194333561175666,1.4108184552289815,107.49465184921638,4.993471167955175e-06,0.5344434110878421
7.505263157894737,34.285714285714285,40,1.4,0.4913850991114149,0.9194333561175666,1.4108184552289815,109.68224258275194,4.83670710798361e-06,0.5344434110878421
7.505263157894737,34.285714285714285,40,1.5,0.4913850991114149,0.9194333561175666,1.4108184552289815,111.74486049387446,4.6976549355616934e-06,0.5344434110878421
7.505263157894737,37.142857142857146,20,1.1,0.46490345864661653,0.924342993848257,1.3892464524948736,102.66664677456191,4.014669058506496e-06,0.5029555714065773
7.505263157894737,37.142857142857146,20,1.2,0.46490345864661653,0.924342993848257,1.3892464524948736,105.16374456813821,3.8969543983682875e-06,0.5029555714065773
7.505263157894737,37.142857142857146,20,1.3,0.46490345864661653,0.924342993848257,1.3892464524948736,107.49465184921638,3.7931373171043925e-06,0.5029555714065773
7.505263157894737,37.142857142857146,20,1.4,0.46490345864661653,0.924342993848257,1.3892464524948736,109.68224258275194,3.7006125116695947e-06,0.5029555714065773
7.505263157894737,37.142857142857146,20,1.5,0.46490345864661653,0.924342993848257,1.3892464524948736,111.74486049387446,3.617414939537438e-06,0.5029555714065773
7.505263157894737,37.142857142857146,30,1.1,0.46490345864661653,0.924342993848257,1.3892464524948736,102.66664677456191,4.5671466031166725e-06,0.5029555714065773
7.505263157894737,37.142857142857146,30,1.2,0.46490345864661653,0.924342993848257,1.3892464524948736,105.16374456813821,4.415416380372867e-06,0.5029555714065773
7.505263157894737,37.142857142857146,30,1.3,0.46490345864661653,0.924342993848257,1.3892464524948736,107.49465184921638,4.2826081678780445e-06,0.5029555714065773
7.505263157894737,37.142857142857146,30,1.4,0.46490345864661653,0.924342993848257,1.3892464524948736,109.68224258275194,4.165033741760655e-06,0.5029555714065773
7.505263157894737,37.142857142857146,30,1.5,0.46490345864661653,0.924342993848257,1.3892464524948736,111.74486049387446,4.059940000768475e-06,0.5029555714065773
7.505263157894737,37.142857142857146,40,1.1,0.46490345864661653,0.924342993848257,1.3892464524948736,102.66664677456191,5.295946824316732e-06,0.5029555714065773
7.505263157894737,37.142857142857146,40,1.2,0.46490345864661653,0.924342993848257,1.3892464524948736,105.16374456813821,5.093004264500045e-06,0.5029555714065773
7.505263157894737,37.142857142857146,40,1.3,0.46490345864661653,0.924342993848257,1.3892464524948736,107.49465184921638,4.917118910661847e-06,0.5029555714065773
7.505263157894737,37.142857142857146,40,1.4,0.46490345864661653,0.924342993848257,1.3892464524948736,109.68224258275194,4.76275183856479e-06,0.5029555714065773
7.505263157894737,37.142857142857146,40,1.5,0.46490345864661653,0.924342993848257,1.3892464524948736,111.74486049387446,4.625825831867849e-06,0.5029555714065773
7.505263157894737,40.0,20,1.1,0.43842181818181813,0.9292526315789473,1.3676744497607656,102.66664677456191,3.95232990208748e-06,0.47180045908169244
7.505263157894737,40.0,20,1.2,0.43842181818181813,0.9292526315789473,1.3676744497607656,105.16374456813821,3.836443096874354e-06,0.47180045908169244
7.505263157894737,40.0,20,1.3,0.43842181818181813,0.9292526315789473,1.3676744497607656,107.49465184921638,3.7342380710933794e-06,0.47180045908169244
7.505263157894737,40.0,20,1.4,0.43842181818181813,0.9292526315789473,1.3676744497607656,109.68224258275194,3.643149976439615e-06,0.47180045908169244
7.505263157894737,40.0,20,1.5,0.43842181818181813,0.9292526315789473,1.3676744497607656,111.74486049387446,3.561244283261177e-06,0.47180045908169244
7.505263157894737,40.0,30,1.1,0.43842181818181813,0.9292526315789473,1.3676744497607656,102.66664677456191,4.496228661355818e-06,0.47180045908169244
7.505263157894737,40.0,30,1.2,0.43842181818181813,0.9292526315789473,1.3676744497607656,105.16374456813821,4.346854481900083e-06,0.47180045908169244
7.505263157894737,40.0,30,1.3,0.43842181818181813,0.9292526315789473,1.3676744497607656,107.49465184921638,4.216108494662634e-06,0.47180045908169244
7.505263157894737,40.0,30,1.4,0.43842181818181813,0.9292526315789473,1.3676744497607656,109.68224258275194,4.100359745938273e-06,0.47180045908169244
7.505263157894737,40.0,30,1.5,0.43842181818181813,0.9292526315789473,1.3676744497607656,111.74486049387446,3.996897884202613e-06,0.47180045908169244
7.505263157894737,40.0,40,1.1,0.43842181818181813,0.9292526315789473,1.3676744497607656,102.66664677456191,5.213712186129471e-06,0.47180045908169244
7.505263157894737,40.0,40,1.2,0.43842181818181813,0.9292526315789473,1.3676744497607656,105.16374456813821,5.013920886801786e-06,0.47180045908169244
7.505263157894737,40.0,40,1.3,0.43842181818181813,0.9292526315789473,1.3676744497607656,107.49465184921638,4.84076665336852e-06,0.47180045908169244
7.505263157894737,40.0,40,1.4,0.43842181818181813,0.9292526315789473,1.3676744497607656,109.68224258275194,4.688796569145971e-06,0.47180045908169244
7.505263157894737,40.0,40,1.5,0.43842181818181813,0.9292526315789473,1.3676744497607656,111.74486049387446,4.553996728174003e-06,0.47180045908169244
7.589473684210526,0.0,20,1.1,0.8177383732057417,0.8786162679425837,1.6963546411483255,102.66664677456191,4.902155753460312e-06,0.9307116235402777
7.589473684210526,0.0,20,1.2,0.8177383732057417,0.8786162679425837,1.6963546411483255,105.16374456813821,4.758418974649006e-06,0.9307116235402777
7.589473684210526,0.0,20,1.3,0.8177383732057417,0.8786162679425837,1.6963546411483255,107.49465184921638,4.6316519871816535e-06,0.9307116235402777
7.589473684210526,0.0,20,1.4,0.8177383732057417,0.8786162679425837,1.6963546411483255,109.68224258275194,4.518673557156658e-06,0.9307116235402777
7.589473684210526,0.0,20,1.5,0.8177383732057417,0.8786162679425837,1.6963546411483255,111.74486049387446,4.417084247811866e-06,0.9307116235402777
7.589473684210526,0.0,30,1.1,0.8177383732057417,0.8786162679425837,1.6963546411483255,102.66664677456191,5.576764528056526e-06,0.9307116235402777
7.589473684210526,0.0,30,1.2,0.8177383732057417,0.8786162679425837,1.6963546411483255,105.16374456813821,5.391492672877991e-06,0.9307116235402777
7.589473684210526,0.0,30,1.3,0.8177383732057417,0.8786162679425837,1.6963546411483255,107.49465184921638,5.2293257461648666e-06,0.9307116235402777
7.589473684210526,0.0,30,1.4,0.8177383732057417,0.8786162679425837,1.6963546411483255,109.68224258275194,5.0857602016450965e-06,0.9307116235402777
7.589473684210526,0.0,30,1.5,0.8177383732057417,0.8786162679425837,1.6963546411483255,111.74486049387446,4.957434334792914e-06,0.9307116235402777
7.589473684210526,0.0,40,1.1,0.8177383732057417,0.8786162679425837,1.6963546411483255,102.66664677456191,6.466674043738524e-06,0.9307116235402777
7.589473684210526,0.0,40,1.2,0.8177383732057417,0.8786162679425837,1.6963546411483255,105.16374456813821,6.2188688018296346e-06,0.9307116235402777
7.589473684210526,0.0,40,1.3,0.8177383732057417,0.8786162679425837,1.6963546411483255,107.49465184921638,6.0041020584936155e-06,0.9307116235402777
7.589473684210526,0.0,40,1.4,0.8177383732057417,0.8786162679425837,1.6963546411483255,109.68224258275194,5.815610449447533e-06,0.9307116235402777
7.589473684210526,0.0,40,1.5,0.8177383732057417,0.8786162679425837,1.6963546411483255,111.74486049387446,5.64841544489155e-06,0.9307116235402777
7.589473684210526,2.857142857142857,20,1.1,0.7907774436090226,0.8836825700615175,1.67446001367054,102.66664677456191,4.838884270330204e-06,0.8948659511910172
7.589473684210526,2.857142857142857,20,1.2,0.7907774436090226,0.8836825700615175,1.67446001367054,105.16374456813821,4.697002683322895e-06,0.8948659511910172
7.589473684210526,2.857142857142857,20,1.3,0.7907774436090226,0.8836825700615175,1.67446001367054,107.49465184921638,4.571871860782235e-06,0.8948659511910172
7.589473684210526,2.857142857142857,20,1.4,0.7907774436090226,0.8836825700615175,1.67446001367054,109.68224258275194,4.460351628576505e-06,0.8948659511910172
7.589473684210526,2.857142857142857,20,1.5,0.7907774436090226,0.8836825700615175,1.67446001367054,111.74486049387446,4.360073519160004e-06,0.8948659511910172
7.589473684210526,2.857142857142857,30,1.1,0.7907774436090226,0.8836825700615175,1.67446001367054,102.66664677456191,5.504785957708482e-06,0.8948659511910172
7.589473684210526,2.857142857142857,30,1.2,0.7907774436090226,0.8836825700615175,1.67446001367054,105.16374456813821,5.321905382132016e-06,0.8948659511910172
7.589473684210526,2.857142857142857,30,1.3,0.7907774436090226,0.8836825700615175,1.67446001367054,107.49465184921638,5.161831522731277e-06,0.8948659511910172
7.589473684210526,2.857142857142857,30,1.4,0.7907774436090226,0.8836825700615175,1.67446001367054,109.68224258275194,5.0201189599169e-06,0.8948659511910172
7.589473684210526,2.857142857142857,30,1.5,0.7907774436090226,0.8836825700615175,1.67446001367054,111.74486049387446,4.893449378243735e-06,0.8948659511910172
7.589473684210526,2.857142857142857,40,1.1,0.7907774436090226,0.8836825700615175,1.67446001367054,102.66664677456191,6.383209527667713e-06,0.8948659511910172
7.589473684210526,2.857142857142857,40,1.2,0.7907774436090226,0.8836825700615175,1.67446001367054,105.16374456813821,6.138602675604337e-06,0.8948659511910172
7.589473684210526,2.857142857142857,40,1.3,0.7907774436090226,0.8836825700615175,1.67446001367054,107.49465184921638,5.926607898534037e-06,0.8948659511910172
7.589473684210526,2.857142857142857,40,1.4,0.7907774436090226,0.8836825700615175,1.67446001367054,109.68224258275194,5.740549126032062e-06,0.8948659511910172
7.589473684210526,2.857142857142857,40,1.5,0.7907774436090226,0.8836825700615175,1.67446001367054,111.74486049387446,5.575512085531533e-06,0.8948659511910172
7.589473684210526,5.714285714285714,20,1.1,0.7638165140123034,0.8887488721804512,1.6525653861927547,102.66664677456191,4.775612787200097e-06,0.8594289544788514
7.589473684210526,5.714285714285714,20,1.2,0.7638165140123034,0.8887488721804512,1.6525653861927547,105.16374456813821,4.6355863919967846e-06,0.8594289544788514
7.589473684210526,5.714285714285714,20,1.3,0.7638165140123034,0.8887488721804512,1.6525653861927547,107.49465184921638,4.512091734382817e-06,0.8594289544788514
7.589473684210526,5.714285714285714,20,1.4,0.7638165140123034,0.8887488721804512,1.6525653861927547,109.68224258275194,4.402029699996351e-06,0.8594289544788514
7.589473684210526,5.714285714285714,20,1.5,0.7638165140123034,0.8887488721804512,1.6525653861927547,111.74486049387446,4.303062790508141e-06,0.8594289544788514
7.589473684210526,5.714285714285714,30,1.1,0.7638165140123034,0.8887488721804512,1.6525653861927547,102.66664677456191,5.4328073873604385e-06,0.8594289544788514
7.589473684210526,5.714285714285714,30,1.2,0.7638165140123034,0.8887488721804512,1.6525653861927547,105.16374456813821,5.2523180913860405e-06,0.8594289544788514
7.589473684210526,5.714285714285714,30,1.3,0.7638165140123034,0.8887488721804512,1.6525653861927547,107.49465184921638,5.094337299297687e-06,0.8594289544788514
7.589473684210526,5.714285714285714,30,1.4,0.7638165140123034,0.8887488721804512,1.6525653861927547,109.68224258275194,4.954477718188703e-06,0.8594289544788514
7.589473684210526,5.714285714285714,30,1.5,0.7638165140123034,0.8887488721804512,1.6525653861927547,111.74486049387446,4.829464421694556e-06,0.8594289544788514
7.589473684210526,5.714285714285714,40,1.1,0.7638165140123034,0.8887488721804512,1.6525653861927547,102.66664677456191,6.299745011596902e-06,0.8594289544788514
7.589473684210526,5.714285714285714,40,1.2,0.7638165140123034,0.8887488721804512,1.6525653861927547,105.16374456813821,6.058336549379039e-06,0.8594289544788514
7.589473684210526,5.714285714285714,40,1.3,0.7638165140123034,0.8887488721804512,1.6525653861927547,107.49465184921638,5.849113738574458e-06,0.8594289544788514
7.589473684210526,5.714285714285714,40,1.4,0.7638165140123034,0.8887488721804512,1.6525653861927547,109.68224258275194,5.665487802616591e-06,0.8594289544788514
7.589473684210526,5.714285714285714,40,1.5,0.7638165140123034,0.8887488721804512,1.6525653861927547,111.74486049387446,5.502608726171515e-06,0.8594289544788514
7.589473684210526,8.571428571428571,20,1.1,0.7368555844155844,0.893815174299385,1.6306707587149694,102.66664677456191,4.71234130406999e-06,0.824393684066918
7.589473684210526,8.571428571428571,20,1.2,0.7368555844155844,0.893815174299385,1.6306707587149694,105.16374456813821,4.574170100670674e-06,0.824393684066918
7.589473684210526,8.571428571428571,20,1.3,0.7368555844155844,0.893815174299385,1.6306707587149694,107.49465184921638,4.452311607983399e-06,0.824393684066918
7.589473684210526,8.571428571428571,20,1.4,0.7368555844155844,0.893815174299385,1.6306707587149694,109.68224258275194,4.343707771416198e-06,0.824393684066918
7.589473684210526,8.571428571428571,20,1.5,0.7368555844155844,0.893815174299385,1.6306707587149694,111.74486049387446,4.246052061856279e-06,0.824393684066918
7.589473684210526,8.571428571428571,30,1.1,0.7368555844155844,0.893815174299385,1.6306707587149694,102.66664677456191,5.360828817012395e-06,0.824393684066918
7.589473684210526,8.571428571428571,30,1.2,0.7368555844155844,0.893815174299385,1.6306707587149694,105.16374456813821,5.182730800640065e-06,0.824393684066918
7.589473684210526,8.571428571428571,30,1.3,0.7368555844155844,0.893815174299385,1.6306707587149694,107.49465184921638,5.026843075864098e-06,0.824393684066918
7.589473684210526,8.571428571428571,30,1.4,0.7368555844155844,0.893815174299385,1.6306707587149694,109.68224258275194,4.888836476460506e-06,0.824393684066918
7.589473684210526,8.571428571428571,30,1.5,0.7368555844155844,0.893815174299385,1.6306707587149694,111.74486049387446,4.765479465145377e-06,0.824393684066918
7.589473684210526,8.571428571428571,40,1.1,0.7368555844155844,0.893815174299385,1.6306707587149694,102.66664677456191,6.2162804955260915e-06,0.824393684066918
7.589473684210526,8.571428571428571,40,1.2,0.7368555844155844,0.893815174299385,1.6306707587149694,105.16374456813821,5.978070423153741e-06,0.824393684066918
7.589473684210526,8.571428571428571,40,1.3,0.7368555844155844,0.893815174299385,1.6306707587149694,107.49465184921638,5.7716195786148794e-06,0.824393684066918
7.589473684210526,8.571428571428571,40,1.4,0.7368555844155844,0.893815174299385,1.6306707587149694,109.68224258275194,5.59042647920112e-06,0.824393684066918
7.589473684210526,8.571428571428571,40,1.5,0.7368555844155844,0.893815174299385,1.6306707587149694,111.74486049387446,5.4297053668114974e-06,0.824393684066918
7.589473684210526,11.428571428571429,20,1.1,0.7098811756664388,0.8989044429254957,1.6087856185919345,102.66664677456191,4.6490972376660475e-06,0.7897181744436836
7.589473684210526,11.428571428571429,20,1.2,0.7098811756664388,0.8989044429254957,1.6087856185919345,105.16374456813821,4.512780422181153e-06,0.7897181744436836
7.589473684210526,11.428571428571429,20,1.3,0.7098811756664388,0.8989044429254957,1.6087856185919345,107.49465184921638,4.39255738543947e-06,0.7897181744436836
7.589473684210526,11.428571428571429,20,1.4,0.7098811756664388,0.8989044429254957,1.6087856185919345,109.68224258275194,4.285411114826935e-06,0.7897181744436836
7.589473684210526,11.428571428571429,20,1.5,0.7098811756664388,0.8989044429254957,1.6087856185919345,111.74486049387446,4.1890660370276656e-06,0.7897181744436836
7.589473684210526,11.428571428571429,30,1.1,0.7098811756664388,0.8989044429254957,1.6087856185919345,102.66664677456191,5.288881436335517e-06,0.7897181744436836
7.589473684210526,11.428571428571429,30,1.2,0.7098811756664388,0.8989044429254957,1.6087856185919345,105.16374456813821,5.113173663378734e-06,0.7897181744436836
7.589473684210526,11.428571428571429,30,1.3,0.7098811756664388,0.8989044429254957,1.6087856185919345,107.49465184921638,4.959378098949636e-06,0.7897181744436836
7.589473684210526,11.428571428571429,30,1.4,0.7098811756664388,0.8989044429254957,1.6087856185919345,109.68224258275194,4.823223678319539e-06,0.7897181744436836
7.589473684210526,11.428571428571429,30,1.5,0.7098811756664388,0.8989044429254957,1.6087856185919345,111.74486049387446,4.701522234483843e-06,0.7897181744436836
7.589473684210526,11.428571428571429,40,1.1,0.7098811756664388,0.8989044429254957,1.6087856185919345,102.66664677456191,6.1328521462032125e-06,0.7897181744436836
7.589473684210526,11.428571428571429,40,1.2,0.7098811756664388,0.8989044429254957,1.6087856185919345,105.16374456813821,5.897839077753773e-06,0.7897181744436836
7.589473684210526,11.428571428571429,40,1.3,0.7098811756664388,0.8989044429254957,1.6087856185919345,107.49465184921638,5.6941589983354015e-06,0.7897181744436836
7.589473684210526,11.428571428571429,40,1.4,0.7098811756664388,0.8989044429254957,1.6087856185919345,109.68224258275194,5.5153976812718215e-06,0.7897181744436836
7.589473684210526,11.428571428571429,40,1.5,0.7098811756664388,0.8989044429254957,1.6087856185919345,111.74486049387446,5.3568335978511545e-06,0.7897181744436836
7.589473684210526,14.285714285714286,20,1.1,0.6828932877648667,0.9040166780587835,1.5869099658236503,102.66664677456191,4.58588058798827e-06,0.7553989924514
7.589473684210526,14.285714285714286,20,1.2,0.6828932877648667,0.9040166780587835,1.5869099658236503,105.16374456813821,4.4514173565282234e-06,0.7553989924514
7.589473684210526,14.285714285714286,20,1.3,0.6828932877648667,0.9040166780587835,1.5869099658236503,107.49465184921638,4.3328290667510315e-06,0.7553989924514
7.589473684210526,14.285714285714286,20,1.4,0.6828932877648667,0.9040166780587835,1.5869099658236503,109.68224258275194,4.227139730228564e-06,0.7553989924514
7.589473684210526,14.285714285714286,20,1.5,0.6828932877648667,0.9040166780587835,1.5869099658236503,111.74486049387446,4.1321047160223e-06,0.7553989924514
7.589473684210526,14.285714285714286,30,1.1,0.6828932877648667,0.9040166780587835,1.5869099658236503,102.66664677456191,5.216965245329804e-06,0.7553989924514
7.589473684210526,14.285714285714286,30,1.2,0.6828932877648667,0.9040166780587835,1.5869099658236503,105.16374456813821,5.043646679602047e-06,0.7553989924514
7.589473684210526,14.285714285714286,30,1.3,0.6828932877648667,0.9040166780587835,1.5869099658236503,107.49465184921638,4.891942368554302e-06,0.7553989924514
7.589473684210526,14.285714285714286,30,1.4,0.6828932877648667,0.9040166780587835,1.5869099658236503,109.68224258275194,4.757639323765804e-06,0.7553989924514
7.589473684210526,14.285714285714286,30,1.5,0.6828932877648667,0.9040166780587835,1.5869099658236503,111.74486049387446,4.637592729709955e-06,0.7553989924514
7.589473684210526,14.285714285714286,40,1.1,0.6828932877648667,0.9040166780587835,1.5869099658236503,102.66664677456191,6.0494599636282655e-06,0.7553989924514
7.589473684210526,14.285714285714286,40,1.2,0.6828932877648667,0.9040166780587835,1.5869099658236503,105.16374456813821,5.8176425131791334e-06,0.7553989924514
7.589473684210526,14.285714285714286,40,1.3,0.6828932877648667,0.9040166780587835,1.5869099658236503,107.49465184921638,5.616731997736025e-06,0.7553989924514
7.589473684210526,14.285714285714286,40,1.4,0.6828932877648667,0.9040166780587835,1.5869099658236503,109.68224258275194,5.440401408828697e-06,0.7553989924514
7.589473684210526,14.285714285714286,40,1.5,0.6828932877648667,0.9040166780587835,1.5869099658236503,111.74486049387446,5.283993419290487e-06,0.7553989924514
7.589473684210526,17.142857142857142,20,1.1,0.6559053998632947,0.9091289131920712,1.5650343130553659,102.66664677456191,4.522663938310493e-06,0.7214657793253154
7.589473684210526,17.142857142857142,20,1.2,0.6559053998632947,0.9091289131920712,1.5650343130553659,105.16374456813821,4.390054290875294e-06,0.7214657793253154
7.589473684210526,17.142857142857142,20,1.3,0.6559053998632947,0.9091289131920712,1.5650343130553659,107.49465184921638,4.273100748062592e-06,0.7214657793253154
7.589473684210526,17.142857142857142,20,1.4,0.6559053998632947,0.9091289131920712,1.5650343130553659,109.68224258275194,4.1688683456301915e-06,0.7214657793253154
7.589473684210526,17.142857142857142,20,1.5,0.6559053998632947,0.9091289131920712,1.5650343130553659,111.74486049387446,4.075143395016935e-06,0.7214657793253154
7.589473684210526,17.142857142857142,30,1.1,0.6559053998632947,0.9091289131920712,1.5650343130553659,102.66664677456191,5.145049054324092e-06,0.7214657793253154
7.589473684210526,17.142857142857142,30,1.2,0.6559053998632947,0.9091289131920712,1.5650343130553659,105.16374456813821,4.974119695825359e-06,0.7214657793253154
7.589473684210526,17.142857142857142,30,1.3,0.6559053998632947,0.9091289131920712,1.5650343130553659,107.49465184921638,4.824506638158968e-06,0.7214657793253154
7.589473684210526,17.142857142857142,30,1.4,0.6559053998632947,0.9091289131920712,1.5650343130553659,109.68224258275194,4.692054969212067e-06,0.7214657793253154
7.589473684210526,17.142857142857142,30,1.5,0.6559053998632947,0.9091289131920712,1.5650343130553659,111.74486049387446,4.573663224936066e-06,0.7214657793253154
7.589473684210526,17.142857142857142,40,1.1,0.6559053998632947,0.9091289131920712,1.5650343130553659,102.66664677456191,5.966067781053317e-06,0.7214657793253154
7.589473684210526,17.142857142857142,40,1.2,0.6559053998632947,0.9091289131920712,1.5650343130553659,105.16374456813821,5.737445948604493e-06,0.7214657793253154
7.589473684210526,17.142857142857142,40,1.3,0.6559053998632947,0.9091289131920712,1.5650343130553659,107.49465184921638,5.5393049971366475e-06,0.7214657793253154
7.589473684210526,17.142857142857142,40,1.4,0.6559053998632947,0.9091289131920712,1.5650343130553659,109.68224258275194,5.3654051363855706e-06,0.7214657793253154
7.589473684210526,17.142857142857142,40,1.5,0.6559053998632947,0.9091289131920712,1.5650343130553659,111.74486049387446,5.211153240729819e-06,0.7214657793253154
7.589473684210526,20.0,20,1.1,0.6289175119617225,0.914241148325359,1.5431586602870815,102.66664677456191,4.4594472886327154e-06,0.6879120603067673
7.589473684210526,20.0,20,1.2,0.6289175119617225,0.914241148325359,1.5431586602870815,105.16374456813821,4.3286912252223635e-06,0.6879120603067673
7.589473684210526,20.0,20,1.3,0.6289175119617225,0.914241148325359,1.5431586602870815,107.49465184921638,4.213372429374153e-06,0.6879120603067673
7.589473684210526,20.0,20,1.4,0.6289175119617225,0.914241148325359,1.5431586602870815,109.68224258275194,4.110596961031819e-06,0.6879120603067673
7.589473684210526,20.0,20,1.5,0.6289175119617225,0.914241148325359,1.5431586602870815,111.74486049387446,4.0181820740115695e-06,0.6879120603067673
7.589473684210526,20.0,30,1.1,0.6289175119617225,0.914241148325359,1.5431586602870815,102.66664677456191,5.0731328633183794e-06,0.6879120603067673
7.589473684210526,20.0,30,1.2,0.6289175119617225,0.914241148325359,1.5431586602870815,105.16374456813821,4.904592712048672e-06,0.6879120603067673
7.589473684210526,20.0,30,1.3,0.6289175119617225,0.914241148325359,1.5431586602870815,107.49465184921638,4.757070907763633e-06,0.6879120603067673
7.589473684210526,20.0,30,1.4,0.6289175119617225,0.914241148325359,1.5431586602870815,109.68224258275194,4.62647061465833e-06,0.6879120603067673
7.589473684210526,20.0,30,1.5,0.6289175119617225,0.914241148325359,1.5431586602870815,111.74486049387446,4.509733720162177e-06,0.6879120603067673
7.589473684210526,20.0,40,1.1,0.6289175119617225,0.914241148325359,1.5431586602870815,102.66664677456191,5.882675598478369e-06,0.6879120603067673
7.589473684210526,20.0,40,1.2,0.6289175119617225,0.914241148325359,1.5431586602870815,105.16374456813821,5.657249384029853e-06,0.6879120603067673
7.589473684210526,20.0,40,1.3,0.6289175119617225,0.914241148325359,1.5431586602870815,107.49465184921638,5.46187799653727e-06,0.6879120603067673
7.589473684210526,20.0,40,1.4,0.6289175119617225,0.914241148325359,1.5431586602870815,109.68224258275194,5.290408863942445e-06,0.6879120603067673
7.589473684210526,20.0,40,1.5,0.6289175119617225,0.914241148325359,1.5431586602870815,111.74486049387446,5.1383130621691505e-06,0.6879120603067673
7.589473684210526,22.857142857142858,20,1.1,0.6020245522898154,0.9193380724538619,1.5213626247436773,102.66664677456191,4.396460718224658e-06,0.6548456659506275
7.589473684210526,22.857142857142858,20,1.2,0.6020245522898154,0.9193380724538619,1.5213626247436773,105.16374456813821,4.267551492653441e-06,0.6548456659506275
7.589473684210526,22.857142857142858,20,1.3,0.6020245522898154,0.9193380724538619,1.5213626247436773,107.49465184921638,4.1538614940493604e-06,0.6548456659506275
7.589473684210526,22.857142857142858,20,1.4,0.6020245522898154,0.9193380724538619,1.5213626247436773,109.68224258275194,4.0525376572330834e-06,0.6548456659506275
7.589473684210526,22.857142857142858,20,1.5,0.6020245522898154,0.9193380724538619,1.5213626247436773,111.74486049387446,3.961428065782284e-06,0.6548456659506275
7.589473684210526,22.857142857142858,30,1.1,0.6020245522898154,0.9193380724538619,1.5213626247436773,102.66664677456191,5.001478413875878e-06,0.6548456659506275
7.589473684210526,22.857142857142858,30,1.2,0.6020245522898154,0.9193380724538619,1.5213626247436773,105.16374456813821,4.835318774229571e-06,0.6548456659506275
7.589473684210526,22.857142857142858,30,1.3,0.6020245522898154,0.9193380724538619,1.5213626247436773,107.49465184921638,4.689880612134006e-06,0.6548456659506275
7.589473684210526,22.857142857142858,30,1.4,0.6020245522898154,0.9193380724538619,1.5213626247436773,109.68224258275194,4.561124956721351e-06,0.6548456659506275
7.589473684210526,22.857142857142858,30,1.5,0.6020245522898154,0.9193380724538619,1.5213626247436773,111.74486049387446,4.4460368891197634e-06,0.6548456659506275
7.589473684210526,22.857142857142858,40,1.1,0.6020245522898154,0.9193380724538619,1.5213626247436773,102.66664677456191,5.799586924750615e-06,0.6548456659506275
7.589473684210526,22.857142857142858,40,1.2,0.6020245522898154,0.9193380724538619,1.5213626247436773,105.16374456813821,5.577344697735783e-06,0.6548456659506275
7.589473684210526,22.857142857142858,40,1.3,0.6020245522898154,0.9193380724538619,1.5213626247436773,107.49465184921638,5.384732794290784e-06,0.6548456659506275
7.589473684210526,22.857142857142858,40,1.4,0.6020245522898154,0.9193380724538619,1.5213626247436773,109.68224258275194,5.215685543129679e-06,0.6548456659506275
7.589473684210526,22.857142857142858,40,1.5,0.6020245522898154,0.9193380724538619,1.5213626247436773,111.74486049387446,5.065737988057626e-06,0.6548456659506275
7.589473684210526,25.714285714285715,20,1.1,0.5751315926179085,0.924434996582365,1.4995665892002736,102.66664677456191,4.333474147816602e-06,0.622143898428953
7.589473684210526,25.714285714285715,20,1.2,0.5751315926179085,0.924434996582365,1.4995665892002736,105.16374456813821,4.206411760084521e-06,0.622143898428953
7.589473684210526,25.714285714285715,20,1.3,0.5751315926179085,0.924434996582365,1.4995665892002736,107.49465184921638,4.094350558724569e-06,0.622143898428953
7.589473684210526,25.714285714285715,20,1.4,0.5751315926179085,0.924434996582365,1.4995665892002736,109.68224258275194,3.9944783534343485e-06,0.622143898428953
7.589473684210526,25.714285714285715,20,1.5,0.5751315926179085,0.924434996582365,1.4995665892002736,111.74486049387446,3.904674057553001e-06,0.622143898428953
7.589473684210526,25.714285714285715,30,1.1,0.5751315926179085,0.924434996582365,1.4995665892002736,102.66664677456191,4.9298239644333775e-06,0.622143898428953
7.589473684210526,25.714285714285715,30,1.2,0.5751315926179085,0.924434996582365,1.4995665892002736,105.16374456813821,4.7660448364104715e-06,0.622143898428953
7.589473684210526,25.714285714285715,30,1.3,0.5751315926179085,0.924434996582365,1.4995665892002736,107.49465184921638,4.622690316504379e-06,0.622143898428953
7.589473684210526,25.714285714285715,30,1.4,0.5751315926179085,0.924434996582365,1.4995665892002736,109.68224258275194,4.495779298784372e-06,0.622143898428953
7.589473684210526,25.714285714285715,30,1.5,0.5751315926179085,0.924434996582365,1.4995665892002736,111.74486049387446,4.382340058077352e-06,0.622143898428953
7.589473684210526,25.714285714285715,40,1.1,0.5751315926179085,0.924434996582365,1.4995665892002736,102.66664677456191,5.716498251022863e-06,0.622143898428953
7.589473684210526,25.714285714285715,40,1.2,0.5751315926179085,0.924434996582365,1.4995665892002736,105.16374456813821,5.4974400114417155e-06,0.622143898428953
7.589473684210526,25.714285714285715,40,1.3,0.5751315926179085,0.924434996582365,1.4995665892002736,107.49465184921638,5.3075875920442995e-06,0.622143898428953
7.589473684210526,25.714285714285715,40,1.4,0.5751315926179085,0.924434996582365,1.4995665892002736,109.68224258275194,5.140962222316915e-06,0.622143898428953
7.589473684210526,25.714285714285715,40,1.5,0.5751315926179085,0.924434996582365,1.4995665892002736,111.74486049387446,4.993162913946102e-06,0.622143898428953
7.589473684210526,28.571428571428573,20,1.1,0.5482386329460014,0.9295319207108681,1.4777705536568695,102.66664677456191,4.2704875774085445e-06,0.5898007596411867
7.589473684210526,28.571428571428573,20,1.2,0.5482386329460014,0.9295319207108681,1.4777705536568695,105.16374456813821,4.1452720275155985e-06,0.5898007596411867
7.589473684210526,28.571428571428573,20,1.3,0.5482386329460014,0.9295319207108681,1.4777705536568695,107.49465184921638,4.034839623399776e-06,0.5898007596411867
7.589473684210526,28.571428571428573,20,1.4,0.5482386329460014,0.9295319207108681,1.4777705536568695,109.68224258275194,3.936419049635612e-06,0.5898007596411867
7.589473684210526,28.571428571428573,20,1.5,0.5482386329460014,0.9295319207108681,1.4777705536568695,111.74486049387446,3.847920049323716e-06,0.5898007596411867
7.589473684210526,28.571428571428573,30,1.1,0.5482386329460014,0.9295319207108681,1.4777705536568695,102.66664677456191,4.858169514990877e-06,0.5898007596411867
7.589473684210526,28.571428571428573,30,1.2,0.5482386329460014,0.9295319207108681,1.4777705536568695,105.16374456813821,4.696770898591371e-06,0.5898007596411867
7.589473684210526,28.571428571428573,30,1.3,0.5482386329460014,0.9295319207108681,1.4777705536568695,107.49465184921638,4.555500020874751e-06,0.5898007596411867
7.589473684210526,28.571428571428573,30,1.4,0.5482386329460014,0.9295319207108681,1.4777705536568695,109.68224258275194,4.430433640847392e-06,0.5898007596411867
7.589473684210526,28.571428571428573,30,1.5,0.5482386329460014,0.9295319207108681,1.4777705536568695,111.74486049387446,4.318643227034938e-06,0.5898007596411867
7.589473684210526,28.571428571428573,40,1.1,0.5482386329460014,0.9295319207108681,1.4777705536568695,102.66664677456191,5.63340957729511e-06,0.5898007596411867
7.589473684210526,28.571428571428573,40,1.2,0.5482386329460014,0.9295319207108681,1.4777705536568695,105.16374456813821,5.417535325147646e-06,0.5898007596411867
7.589473684210526,28.571428571428573,40,1.3,0.5482386329460014,0.9295319207108681,1.4777705536568695,107.49465184921638,5.230442389797814e-06,0.5898007596411867
7.589473684210526,28.571428571428573,40,1.4,0.5482386329460014,0.9295319207108681,1.4777705536568695,109.68224258275194,5.066238901504148e-06,0.5898007596411867
7.589473684210526,28.571428571428573,40,1.5,0.5482386329460014,0.9295319207108681,1.4777705536568695,111.74486049387446,4.920587839834577e-06,0.5898007596411867
7.589473684210526,31.42857142857143,20,1.1,0.5215111961722488,0.9345395762132606,1.4560507723855094,102.66664677456191,4.207721367949406e-06,0.5580407822699215
7.589473684210526,31.42857142857143,20,1.2,0.5215111961722488,0.9345395762132606,1.4560507723855094,105.16374456813821,4.084346194662096e-06,0.5580407822699215
7.589473684210526,31.42857142857143,20,1.3,0.5215111961722488,0.9345395762132606,1.4560507723855094,107.49465184921638,3.9755368893803455e-06,0.5580407822699215
7.589473684210526,31.42857142857143,20,1.4,0.5215111961722488,0.9345395762132606,1.4560507723855094,109.68224258275194,3.878562868553286e-06,0.5580407822699215
7.589473684210526,31.42857142857143,20,1.5,0.5215111961722488,0.9345395762132606,1.4560507723855094,111.74486049387446,3.791364597183885e-06,0.5580407822699215
7.589473684210526,31.42857142857143,30,1.1,0.5215111961722488,0.9345395762132606,1.4560507723855094,102.66664677456191,4.786765751406823e-06,0.5580407822699215
7.589473684210526,31.42857142857143,30,1.2,0.5215111961722488,0.9345395762132606,1.4560507723855094,105.16374456813821,4.627739318318876e-06,0.5580407822699215
7.589473684210526,31.42857142857143,30,1.3,0.5215111961722488,0.9345395762132606,1.4560507723855094,107.49465184921638,4.488544793089064e-06,0.5580407822699215
7.589473684210526,31.42857142857143,30,1.4,0.5215111961722488,0.9345395762132606,1.4560507723855094,109.68224258275194,4.365316597218152e-06,0.5580407822699215
7.589473684210526,31.42857142857143,30,1.5,0.5215111961722488,0.9345395762132606,1.4560507723855094,111.74486049387446,4.255169241815701e-06,0.5580407822699215
7.589473684210526,31.42857142857143,40,1.1,0.5215111961722488,0.9345395762132606,1.4560507723855094,102.66664677456191,5.55061159250102e-06,0.5580407822699215
7.589473684210526,31.42857142857143,40,1.2,0.5215111961722488,0.9345395762132606,1.4560507723855094,105.16374456813821,5.337910188484248e-06,0.5580407822699215
7.589473684210526,31.42857142857143,40,1.3,0.5215111961722488,0.9345395762132606,1.4560507723855094,107.49465184921638,5.153567083020496e-06,0.5580407822699215
7.589473684210526,31.42857142857143,40,1.4,0.5215111961722488,0.9345395762132606,1.4560507723855094,109.68224258275194,4.99177700311483e-06,0.5580407822699215
7.589473684210526,31.42857142857143,40,1.5,0.5215111961722488,0.9345395762132606,1.4560507723855094,111.74486049387446,4.848266672422456e-06,0.5580407822699215
7.589473684210526,34.285714285714285,20,1.1,0.4949492822966508,0.9394579630895421,1.434407245386193,102.66664677456191,4.145175519439185e-06,0.5268455872883755
7.589473684210526,34.285714285714285,20,1.2,0.4949492822966508,0.9394579630895421,1.434407245386193,105.16374456813821,4.023634261524012e-06,0.5268455872883755
7.589473684210526,34.285714285714285,20,1.3,0.4949492822966508,0.9394579630895421,1.434407245386193,107.49465184921638,3.9164423566662755e-06,0.5268455872883755
7.589473684210526,34.285714285714285,20,1.4,0.4949492822966508,0.9394579630895421,1.434407245386193,109.68224258275194,3.8209098101873695e-06,0.5268455872883755
7.589473684210526,34.285714285714285,20,1.5,0.4949492822966508,0.9394579630895421,1.434407245386193,111.74486049387446,3.7350077011335073e-06,0.5268455872883755
7.589473684210526,34.285714285714285,30,1.1,0.4949492822966508,0.9394579630895421,1.434407245386193,102.66664677456191,4.715612673681215e-06,0.5268455872883755
7.589473684210526,34.285714285714285,30,1.2,0.4949492822966508,0.9394579630895421,1.434407245386193,105.16374456813821,4.558950095592985e-06,0.5268455872883755
7.589473684210526,34.285714285714285,30,1.3,0.4949492822966508,0.9394579630895421,1.434407245386193,107.49465184921638,4.421824633147317e-06,0.5268455872883755
7.589473684210526,34.285714285714285,30,1.4,0.4949492822966508,0.9394579630895421,1.434407245386193,109.68224258275194,4.30042816789665e-06,0.5268455872883755
7.589473684210526,34.285714285714285,30,1.5,0.4949492822966508,0.9394579630895421,1.434407245386193,111.74486049387446,4.19191810241964e-06,0.5268455872883755
7.589473684210526,34.285714285714285,40,1.1,0.4949492822966508,0.9394579630895421,1.434407245386193,102.66664677456191,5.468104296640593e-06,0.5268455872883755
7.589473684210526,34.285714285714285,40,1.2,0.4949492822966508,0.9394579630895421,1.434407245386193,105.16374456813821,5.25856460145152e-06,0.5268455872883755
7.589473684210526,34.285714285714285,40,1.3,0.4949492822966508,0.9394579630895421,1.434407245386193,107.49465184921638,5.076961671712345e-06,0.5268455872883755
7.589473684210526,34.285714285714285,40,1.4,0.4949492822966508,0.9394579630895421,1.434407245386193,109.68224258275194,4.917576527148955e-06,0.5268455872883755
7.589473684210526,34.285714285714285,40,1.5,0.4949492822966508,0.9394579630895421,1.434407245386193,111.74486049387446,4.776199411709738e-06,0.5268455872883755
7.589473684210526,37.142857142857146,20,1.1,0.46838736842105255,0.9443763499658238,1.4127637183868762,102.66664677456191,4.082629670928964e-06,0.4959753264024487
7.589473684210526,37.142857142857146,20,1.2,0.46838736842105255,0.9443763499658238,1.4127637183868762,105.16374456813821,3.962922328385927e-06,0.4959753264024487
7.589473684210526,37.142857142857146,20,1.3,0.46838736842105255,0.9443763499658238,1.4127637183868762,107.49465184921638,3.8573478239522055e-06,0.4959753264024487
7.589473684210526,37.142857142857146,20,1.4,0.46838736842105255,0.9443763499658238,1.4127637183868762,109.68224258275194,3.7632567518214525e-06,0.4959753264024487
7.589473684210526,37.142857142857146,20,1.5,0.46838736842105255,0.9443763499658238,1.4127637183868762,111.74486049387446,3.6786508050831293e-06,0.4959753264024487
7.589473684210526,37.142857142857146,30,1.1,0.46838736842105255,0.9443763499658238,1.4127637183868762,102.66664677456191,4.644459595955607e-06,0.4959753264024487
7.589473684210526,37.142857142857146,30,1.2,0.46838736842105255,0.9443763499658238,1.4127637183868762,105.16374456813821,4.4901608728670925e-06,0.4959753264024487
7.589473684210526,37.142857142857146,30,1.3,0.46838736842105255,0.9443763499658238,1.4127637183868762,107.49465184921638,4.35510447320557e-06,0.4959753264024487
7.589473684210526,37.142857142857146,30,1.4,0.46838736842105255,0.9443763499658238,1.4127637183868762,109.68224258275194,4.2355397385751475e-06,0.4959753264024487
7.589473684210526,37.142857142857146,30,1.5,0.46838736842105255,0.9443763499658238,1.4127637183868762,111.74486049387446,4.128666963023578e-06,0.4959753264024487
7.589473684210526,37.142857142857146,40,1.1,0.46838736842105255,0.9443763499658238,1.4127637183868762,102.66664677456191,5.385597000780165e-06,0.4959753264024487
7.589473684210526,37.142857142857146,40,1.2,0.46838736842105255,0.9443763499658238,1.4127637183868762,105.16374456813821,5.179219014418791e-06,0.4959753264024487
7.589473684210526,37.142857142857146,40,1.3,0.46838736842105255,0.9443763499658238,1.4127637183868762,107.49465184921638,5.000356260404193e-06,0.4959753264024487
7.589473684210526,37.142857142857146,40,1.4,0.46838736842105255,0.9443763499658238,1.4127637183868762,109.68224258275194,4.843376051183081e-06,0.4959753264024487
7.589473684210526,37.142857142857146,40,1.5,0.46838736842105255,0.9443763499658238,1.4127637183868762,111.74486049387446,4.704132150997018e-06,0.4959753264024487
7.589473684210526,40.0,20,1.1,0.4418254545454545,0.9492947368421054,1.39112019138756,102.66664677456191,4.020083822418744e-06,0.4654249490682077
7.589473684210526,40.0,20,1.2,0.4418254545454545,0.9492947368421054,1.39112019138756,105.16374456813821,3.902210395247844e-06,0.4654249490682077
7.589473684210526,40.0,20,1.3,0.4418254545454545,0.9492947368421054,1.39112019138756,107.49465184921638,3.798253291238136e-06,0.4654249490682077
7.589473684210526,40.0,20,1.4,0.4418254545454545,0.9492947368421054,1.39112019138756,109.68224258275194,3.7056036934555367e-06,0.4654249490682077
7.589473684210526,40.0,20,1.5,0.4418254545454545,0.9492947368421054,1.39112019138756,111.74486049387446,3.622293909032752e-06,0.4654249490682077
7.589473684210526,40.0,30,1.1,0.4418254545454545,0.9492947368421054,1.39112019138756,102.66664677456191,4.57330651823e-06,0.4654249490682077
7.589473684210526,40.0,30,1.2,0.4418254545454545,0.9492947368421054,1.39112019138756,105.16374456813821,4.421371650141201e-06,0.4654249490682077
7.589473684210526,40.0,30,1.3,0.4418254545454545,0.9492947368421054,1.39112019138756,107.49465184921638,4.288384313263825e-06,0.4654249490682077
7.589473684210526,40.0,30,1.4,0.4418254545454545,0.9492947368421054,1.39112019138756,109.68224258275194,4.170651309253646e-06,0.4654249490682077
7.589473684210526,40.0,30,1.5,0.4418254545454545,0.9492947368421054,1.39112019138756,111.74486049387446,4.065415823627516e-06,0.4654249490682077
7.589473684210526,40.0,40,1.1,0.4418254545454545,0.9492947368421054,1.39112019138756,102.66664677456191,5.303089704919738e-06,0.4654249490682077
7.589473684210526,40.0,40,1.2,0.4418254545454545,0.9492947368421054,1.39112019138756,105.16374456813821,5.0998734273860636e-06,0.4654249490682077
7.589473684210526,40.0,40,1.3,0.4418254545454545,0.9492947368421054,1.39112019138756,107.49465184921638,4.9237508490960435e-06,0.4654249490682077
7.589473684210526,40.0,40,1.4,0.4418254545454545,0.9492947368421054,1.39112019138756,109.68224258275194,4.769175575217208e-06,0.4654249490682077
7.589473684210526,40.0,40,1.5,0.4418254545454545,0.9492947368421054,1.39112019138756,111.74486049387446,4.6320648902843e-06,0.4654249490682077
7.673684210526316,0.0,20,1.1,0.8221295693779904,0.8987043062200959,1.7208338755980863,102.66664677456191,4.972896279696598e-06,0.9147942918353481
7.673684210526316,0.0,20,1.2,0.8221295693779904,0.8987043062200959,1.7208338755980863,105.16374456813821,4.827085308247605e-06,0.9147942918353481
7.673684210526316,0.0,20,1.3,0.8221295693779904,0.8987043062200959,1.7208338755980863,107.49465184921638,4.698489010604521e-06,0.9147942918353481
7.673684210526316,0.0,20,1.4,0.8221295693779904,0.8987043062200959,1.7208338755980863,109.68224258275194,4.583880246090933e-06,0.9147942918353481
7.673684210526316,0.0,20,1.5,0.8221295693779904,0.8987043062200959,1.7208338755980863,111.74486049387446,4.480824952888334e-06,0.9147942918353481
7.673684210526316,0.0,30,1.1,0.8221295693779904,0.8987043062200959,1.7208338755980863,102.66664677456191,5.657239991760856e-06,0.9147942918353481
7.673684210526316,0.0,30,1.2,0.8221295693779904,0.8987043062200959,1.7208338755980863,105.16374456813821,5.469294572299333e-06,0.9147942918353481
7.673684210526316,0.0,30,1.3,0.8221295693779904,0.8987043062200959,1.7208338755980863,107.49465184921638,5.3047874968209e-06,0.9147942918353481
7.673684210526316,0.0,30,1.4,0.8221295693779904,0.8987043062200959,1.7208338755980863,109.68224258275194,5.159150230658758e-06,0.9147942918353481
7.673684210526316,0.0,30,1.5,0.8221295693779904,0.8987043062200959,1.7208338755980863,111.74486049387446,5.028972558232171e-06,0.9147942918353481
7.673684210526316,0.0,40,1.1,0.8221295693779904,0.8987043062200959,1.7208338755980863,102.66664677456191,6.559991340833724e-06,0.9147942918353481
7.673684210526316,0.0,40,1.2,0.8221295693779904,0.8987043062200959,1.7208338755980863,105.16374456813821,6.308610147017477e-06,0.9147942918353481
7.673684210526316,0.0,40,1.3,0.8221295693779904,0.8987043062200959,1.7208338755980863,107.49465184921638,6.090744213609638e-06,0.9147942918353481
7.673684210526316,0.0,40,1.4,0.8221295693779904,0.8987043062200959,1.7208338755980863,109.68224258275194,5.8995325776436365e-06,0.9147942918353481
7.673684210526316,0.0,40,1.5,0.8221295693779904,0.8987043062200959,1.7208338755980863,111.74486049387446,5.72992486667823e-06,0.9147942918353481
7.673684210526316,2.857142857142857,20,1.1,0.7950721804511278,0.9037596719070404,1.6988318523581682,102.66664677456191,4.909314442386731e-06,0.87973850257495
7.673684210526316,2.857142857142857,20,1.2,0.7950721804511278,0.9037596719070404,1.6988318523581682,105.16374456813821,4.765367762679054e-06,0.87973850257495
7.673684210526316,2.857142857142857,20,1.3,0.7950721804511278,0.9037596719070404,1.6988318523581682,107.49465184921638,4.638415655546996e-06,0.87973850257495
7.673684210526316,2.857142857142857,20,1.4,0.7950721804511278,0.9037596719070404,1.6988318523581682,109.68224258275194,4.525272241487095e-06,0.87973850257495
7.673684210526316,2.857142857142857,20,1.5,0.7950721804511278,0.9037596719070404,1.6988318523581682,111.74486049387446,4.423534579805e-06,0.87973850257495
7.673684210526316,2.857142857142857,30,1.1,0.7950721804511278,0.9037596719070404,1.6988318523581682,102.66664677456191,5.584908357930568e-06,0.87973850257495
7.673684210526316,2.857142857142857,30,1.2,0.7950721804511278,0.9037596719070404,1.6988318523581682,105.16374456813821,5.399365947583095e-06,0.87973850257495
7.673684210526316,2.857142857142857,30,1.3,0.7950721804511278,0.9037596719070404,1.6988318523581682,107.49465184921638,5.23696220616214e-06,0.87973850257495
7.673684210526316,2.857142857142857,30,1.4,0.7950721804511278,0.9037596719070404,1.6988318523581682,109.68224258275194,5.093187010801913e-06,0.87973850257495
7.673684210526316,2.857142857142857,30,1.5,0.7950721804511278,0.9037596719070404,1.6988318523581682,111.74486049387446,4.964673747830918e-06,0.87973850257495
7.673684210526316,2.857142857142857,40,1.1,0.7950721804511278,0.9037596719070404,1.6988318523581682,102.66664677456191,6.476117421345405e-06,0.87973850257495
7.673684210526316,2.857142857142857,40,1.2,0.7950721804511278,0.9037596719070404,1.6988318523581682,105.16374456813821,6.227950305858772e-06,0.87973850257495
7.673684210526316,2.857142857142857,40,1.3,0.7950721804511278,0.9037596719070404,1.6988318523581682,107.49465184921638,6.012869935542174e-06,0.87973850257495
7.673684210526316,2.857142857142857,40,1.4,0.7950721804511278,0.9037596719070404,1.6988318523581682,109.68224258275194,5.824103069474026e-06,0.87973850257495
7.673684210526316,2.857142857142857,40,1.5,0.7950721804511278,0.9037596719070404,1.6988318523581682,111.74486049387446,5.656663907635438e-06,0.87973850257495
7.673684210526316,5.714285714285714,20,1.1,0.7680147915242653,0.9088150375939851,1.6768298291182504,102.66664677456191,4.845732605076864e-06,0.845072715299169
7.673684210526316,5.714285714285714,20,1.2,0.7680147915242653,0.9088150375939851,1.6768298291182504,105.16374456813821,4.7036502171105044e-06,0.845072715299169
7.673684210526316,5.714285714285714,20,1.3,0.7680147915242653,0.9088150375939851,1.6768298291182504,107.49465184921638,4.578342300489472e-06,0.845072715299169
7.673684210526316,5.714285714285714,20,1.4,0.7680147915242653,0.9088150375939851,1.6768298291182504,109.68224258275194,4.4666642368832565e-06,0.845072715299169
7.673684210526316,5.714285714285714,20,1.5,0.7680147915242653,0.9088150375939851,1.6768298291182504,111.74486049387446,4.3662442067216664e-06,0.845072715299169
7.673684210526316,5.714285714285714,30,1.1,0.7680147915242653,0.9088150375939851,1.6768298291182504,102.66664677456191,5.512576724100281e-06,0.845072715299169
7.673684210526316,5.714285714285714,30,1.2,0.7680147915242653,0.9088150375939851,1.6768298291182504,105.16374456813821,5.3294373228668576e-06,0.845072715299169
7.673684210526316,5.714285714285714,30,1.3,0.7680147915242653,0.9088150375939851,1.6768298291182504,107.49465184921638,5.169136915503381e-06,0.845072715299169
7.673684210526316,5.714285714285714,30,1.4,0.7680147915242653,0.9088150375939851,1.6768298291182504,109.68224258275194,5.0272237909450686e-06,0.845072715299169
7.673684210526316,5.714285714285714,30,1.5,0.7680147915242653,0.9088150375939851,1.6768298291182504,111.74486049387446,4.9003749374296665e-06,0.845072715299169
7.673684210526316,5.714285714285714,40,1.1,0.7680147915242653,0.9088150375939851,1.6768298291182504,102.66664677456191,6.392243501857087e-06,0.845072715299169
7.673684210526316,5.714285714285714,40,1.2,0.7680147915242653,0.9088150375939851,1.6768298291182504,105.16374456813821,6.147290464700067e-06,0.845072715299169
7.673684210526316,5.714285714285714,40,1.3,0.7680147915242653,0.9088150375939851,1.6768298291182504,107.49465184921638,5.934995657474712e-06,0.845072715299169
7.673684210526316,5.714285714285714,40,1.4,0.7680147915242653,0.9088150375939851,1.6768298291182504,109.68224258275194,5.748673561304416e-06,0.845072715299169
7.673684210526316,5.714285714285714,40,1.5,0.7680147915242653,0.9088150375939851,1.6768298291182504,111.74486049387446,5.583402948592648e-06,0.845072715299169
7.673684210526316,8.571428571428571,20,1.1,0.7409574025974026,0.9138704032809297,1.6548278058783323,102.66664677456191,4.7821507677669955e-06,0.8107904577468054
7.673684210526316,8.571428571428571,20,1.2,0.7409574025974026,0.9138704032809297,1.6548278058783323,105.16374456813821,4.641932671541953e-06,0.8107904577468054
7.673684210526316,8.571428571428571,20,1.3,0.7409574025974026,0.9138704032809297,1.6548278058783323,107.49465184921638,4.518268945431947e-06,0.8107904577468054
7.673684210526316,8.571428571428571,20,1.4,0.7409574025974026,0.9138704032809297,1.6548278058783323,109.68224258275194,4.408056232279418e-06,0.8107904577468054
7.673684210526316,8.571428571428571,20,1.5,0.7409574025974026,0.9138704032809297,1.6548278058783323,111.74486049387446,4.308953833638332e-06,0.8107904577468054
7.673684210526316,8.571428571428571,30,1.1,0.7409574025974026,0.9138704032809297,1.6548278058783323,102.66664677456191,5.440245090269993e-06,0.8107904577468054
7.673684210526316,8.571428571428571,30,1.2,0.7409574025974026,0.9138704032809297,1.6548278058783323,105.16374456813821,5.25950869815062e-06,0.8107904577468054
7.673684210526316,8.571428571428571,30,1.3,0.7409574025974026,0.9138704032809297,1.6548278058783323,107.49465184921638,5.101311624844621e-06,0.8107904577468054
7.673684210526316,8.571428571428571,30,1.4,0.7409574025974026,0.9138704032809297,1.6548278058783323,109.68224258275194,4.961260571088224e-06,0.8107904577468054
7.673684210526316,8.571428571428571,30,1.5,0.7409574025974026,0.9138704032809297,1.6548278058783323,111.74486049387446,4.836076127028413e-06,0.8107904577468054
7.673684210526316,8.571428571428571,40,1.1,0.7409574025974026,0.9138704032809297,1.6548278058783323,102.66664677456191,6.308369582368769e-06,0.8107904577468054
7.673684210526316,8.571428571428571,40,1.2,0.7409574025974026,0.9138704032809297,1.6548278058783323,105.16374456813821,6.066630623541362e-06,0.8107904577468054
7.673684210526316,8.571428571428571,40,1.3,0.7409574025974026,0.9138704032809297,1.6548278058783323,107.49465184921638,5.857121379407248e-06,0.8107904577468054
7.673684210526316,8.571428571428571,40,1.4,0.7409574025974026,0.9138704032809297,1.6548278058783323,109.68224258275194,5.673244053134805e-06,0.8107904577468054
7.673684210526316,8.571428571428571,40,1.5,0.7409574025974026,0.9138704032809297,1.6548278058783323,111.74486049387446,5.510141989549857e-06,0.8107904577468054
7.673684210526316,11.428571428571429,20,1.1,0.713905017088175,0.9189520164046481,1.6328570334928232,102.66664677456191,4.718659239730923e-06,0.7768686551026801
7.673684210526316,11.428571428571429,20,1.2,0.713905017088175,0.9189520164046481,1.6328570334928232,105.16374456813821,4.5803027872766385e-06,0.7768686551026801
7.673684210526316,11.428571428571429,20,1.3,0.713905017088175,0.9189520164046481,1.6328570334928232,107.49465184921638,4.458280916330689e-06,0.7768686551026801
7.673684210526316,11.428571428571429,20,1.4,0.713905017088175,0.9189520164046481,1.6328570334928232,109.68224258275194,4.349531472302635e-06,0.7768686551026801
7.673684210526316,11.428571428571429,20,1.5,0.713905017088175,0.9189520164046481,1.6328570334928232,111.74486049387446,4.2517448336673135e-06,0.7768686551026801
7.673684210526316,11.428571428571429,30,1.1,0.713905017088175,0.9189520164046481,1.6328570334928232,102.66664677456191,5.3680161935986175e-06,0.7768686551026801
7.673684210526316,11.428571428571429,30,1.2,0.713905017088175,0.9189520164046481,1.6328570334928232,105.16374456813821,5.189679397448641e-06,0.7768686551026801
7.673684210526316,11.428571428571429,30,1.3,0.713905017088175,0.9189520164046481,1.6328570334928232,107.49465184921638,5.033582670702758e-06,0.7768686551026801
7.673684210526316,11.428571428571429,30,1.4,0.713905017088175,0.9189520164046481,1.6328570334928232,109.68224258275194,4.895391042932256e-06,0.7768686551026801
7.673684210526316,11.428571428571429,30,1.5,0.713905017088175,0.9189520164046481,1.6328570334928232,111.74486049387446,4.771868644262833e-06,0.7768686551026801
7.673684210526316,11.428571428571429,40,1.1,0.713905017088175,0.9189520164046481,1.6328570334928232,102.66664677456191,6.224614794272052e-06,0.7768686551026801
7.673684210526316,11.428571428571429,40,1.2,0.713905017088175,0.9189520164046481,1.6328570334928232,105.16374456813821,5.986085348617097e-06,0.7768686551026801
7.673684210526316,11.428571428571429,40,1.3,0.713905017088175,0.9189520164046481,1.6328570334928232,107.49465184921638,5.779357711064152e-06,0.7768686551026801
7.673684210526316,11.428571428571429,40,1.4,0.713905017088175,0.9189520164046481,1.6328570334928232,109.68224258275194,5.597921682229446e-06,0.7768686551026801
7.673684210526316,11.428571428571429,40,1.5,0.713905017088175,0.9189520164046481,1.6328570334928232,111.74486049387446,5.4369850876449e-06,0.7768686551026801
7.673684210526316,14.285714285714286,20,1.1,0.6868576349965825,0.9240598769651405,1.610917511961723,102.66664677456191,4.655258020968646e-06,0.7433042512920337
7.673684210526316,14.285714285714286,20,1.2,0.6868576349965825,0.9240598769651405,1.610917511961723,105.16374456813821,4.51876056431456e-06,0.7433042512920337
7.673684210526316,14.285714285714286,20,1.3,0.6868576349965825,0.9240598769651405,1.610917511961723,107.49465184921638,4.398378213185699e-06,0.7433042512920337
7.673684210526316,14.285714285714286,20,1.4,0.6868576349965825,0.9240598769651405,1.610917511961723,109.68224258275194,4.291089956952907e-06,0.7433042512920337
7.673684210526316,14.285714285714286,20,1.5,0.6868576349965825,0.9240598769651405,1.610917511961723,111.74486049387446,4.194617206808609e-06,0.7433042512920337
7.673684210526316,14.285714285714286,30,1.1,0.6868576349965825,0.9240598769651405,1.610917511961723,102.66664677456191,5.295890034086154e-06,0.7433042512920337
7.673684210526316,14.285714285714286,30,1.2,0.6868576349965825,0.9240598769651405,1.610917511961723,105.16374456813821,5.119949420760923e-06,0.7433042512920337
7.673684210526316,14.285714285714286,30,1.3,0.6868576349965825,0.9240598769651405,1.610917511961723,107.49465184921638,4.965950053077793e-06,0.7433042512920337
7.673684210526316,14.285714285714286,30,1.4,0.6868576349965825,0.9240598769651405,1.610917511961723,109.68224258275194,4.8296152064771665e-06,0.7433042512920337
7.673684210526316,14.285714285714286,30,1.5,0.6868576349965825,0.9240598769651405,1.610917511961723,111.74486049387446,4.707752489132926e-06,0.7433042512920337
7.673684210526316,14.285714285714286,40,1.1,0.6868576349965825,0.9240598769651405,1.610917511961723,102.66664677456191,6.140979137566939e-06,0.7433042512920337
7.673684210526316,14.285714285714286,40,1.2,0.6868576349965825,0.9240598769651405,1.610917511961723,105.16374456813821,5.905654639927275e-06,0.7433042512920337
7.673684210526316,14.285714285714286,40,1.3,0.6868576349965825,0.9240598769651405,1.610917511961723,107.49465184921638,5.701704652445424e-06,0.7433042512920337
7.673684210526316,14.285714285714286,40,1.4,0.6868576349965825,0.9240598769651405,1.610917511961723,109.68224258275194,5.52270644858834e-06,0.7433042512920337
7.673684210526316,14.285714285714286,40,1.5,0.6868576349965825,0.9240598769651405,1.610917511961723,111.74486049387446,5.363932242877777e-06,0.7433042512920337
7.673684210526316,17.142857142857142,20,1.1,0.6598102529049897,0.9291677375256324,1.5889779904306223,102.66664677456191,4.5918568022063675e-06,0.7101088708289206
7.673684210526316,17.142857142857142,20,1.2,0.6598102529049897,0.9291677375256324,1.5889779904306223,105.16374456813821,4.457218341352479e-06,0.7101088708289206
7.673684210526316,17.142857142857142,20,1.3,0.6598102529049897,0.9291677375256324,1.5889779904306223,107.49465184921638,4.338475510040707e-06,0.7101088708289206
7.673684210526316,17.142857142857142,20,1.4,0.6598102529049897,0.9291677375256324,1.5889779904306223,109.68224258275194,4.232648441603178e-06,0.7101088708289206
7.673684210526316,17.142857142857142,20,1.5,0.6598102529049897,0.9291677375256324,1.5889779904306223,111.74486049387446,4.1374895799499044e-06,0.7101088708289206
7.673684210526316,17.142857142857142,30,1.1,0.6598102529049897,0.9291677375256324,1.5889779904306223,102.66664677456191,5.2237638745736885e-06,0.7101088708289206
7.673684210526316,17.142857142857142,30,1.2,0.6598102529049897,0.9291677375256324,1.5889779904306223,105.16374456813821,5.050219444073203e-06,0.7101088708289206
7.673684210526316,17.142857142857142,30,1.3,0.6598102529049897,0.9291677375256324,1.5889779904306223,107.49465184921638,4.8983174354528255e-06,0.7101088708289206
7.673684210526316,17.142857142857142,30,1.4,0.6598102529049897,0.9291677375256324,1.5889779904306223,109.68224258275194,4.763839370022075e-06,0.7101088708289206
7.673684210526316,17.142857142857142,30,1.5,0.6598102529049897,0.9291677375256324,1.5889779904306223,111.74486049387446,4.643636334003017e-06,0.7101088708289206
7.673684210526316,17.142857142857142,40,1.1,0.6598102529049897,0.9291677375256324,1.5889779904306223,102.66664677456191,6.057343480861823e-06,0.7101088708289206
7.673684210526316,17.142857142857142,40,1.2,0.6598102529049897,0.9291677375256324,1.5889779904306223,105.16374456813821,5.8252239312374515e-06,0.7101088708289206
7.673684210526316,17.142857142857142,40,1.3,0.6598102529049897,0.9291677375256324,1.5889779904306223,107.49465184921638,5.624051593826693e-06,0.7101088708289206
7.673684210526316,17.142857142857142,40,1.4,0.6598102529049897,0.9291677375256324,1.5889779904306223,109.68224258275194,5.447491214947233e-06,0.7101088708289206
7.673684210526316,17.142857142857142,40,1.5,0.6598102529049897,0.9291677375256324,1.5889779904306223,111.74486049387446,5.290879398110653e-06,0.7101088708289206
7.673684210526316,20.0,20,1.1,0.6327628708133971,0.9342755980861246,1.5670384688995216,102.66664677456191,4.528455583444089e-06,0.6772764611530258
7.673684210526316,20.0,20,1.2,0.6327628708133971,0.9342755980861246,1.5670384688995216,105.16374456813821,4.395676118390398e-06,0.6772764611530258
7.673684210526316,20.0,20,1.3,0.6327628708133971,0.9342755980861246,1.5670384688995216,107.49465184921638,4.278572806895715e-06,0.6772764611530258
7.673684210526316,20.0,20,1.4,0.6327628708133971,0.9342755980861246,1.5670384688995216,109.68224258275194,4.174206926253449e-06,0.6772764611530258
7.673684210526316,20.0,20,1.5,0.6327628708133971,0.9342755980861246,1.5670384688995216,111.74486049387446,4.0803619530911995e-06,0.6772764611530258
7.673684210526316,20.0,30,1.1,0.6327628708133971,0.9342755980861246,1.5670384688995216,102.66664677456191,5.151637715061223e-06,0.6772764611530258
7.673684210526316,20.0,30,1.2,0.6327628708133971,0.9342755980861246,1.5670384688995216,105.16374456813821,4.980489467385483e-06,0.6772764611530258
7.673684210526316,20.0,30,1.3,0.6327628708133971,0.9342755980861246,1.5670384688995216,107.49465184921638,4.830684817827858e-06,0.6772764611530258
7.673684210526316,20.0,30,1.4,0.6327628708133971,0.9342755980861246,1.5670384688995216,109.68224258275194,4.698063533566984e-06,0.6772764611530258
7.673684210526316,20.0,30,1.5,0.6327628708133971,0.9342755980861246,1.5670384688995216,111.74486049387446,4.579520178873108e-06,0.6772764611530258
7.673684210526316,20.0,40,1.1,0.6327628708133971,0.9342755980861246,1.5670384688995216,102.66664677456191,5.973707824156707e-06,0.6772764611530258
7.673684210526316,20.0,40,1.2,0.6327628708133971,0.9342755980861246,1.5670384688995216,105.16374456813821,5.744793222547628e-06,0.6772764611530258
7.673684210526316,20.0,40,1.3,0.6327628708133971,0.9342755980861246,1.5670384688995216,107.49465184921638,5.546398535207962e-06,0.6772764611530258
7.673684210526316,20.0,40,1.4,0.6327628708133971,0.9342755980861246,1.5670384688995216,109.68224258275194,5.3722759813061256e-06,0.6772764611530258
7.673684210526316,20.0,40,1.5,0.6327628708133971,0.9342755980861246,1.5670384688995216,111.74486049387446,5.217826553343528e-06,0.6772764611530258
7.673684210526316,22.857142857142858,20,1.1,0.605823978127136,0.9393659603554341,1.54518993848257,102.66664677456191,4.465317312418634e-06,0.6449286047132327
7.673684210526316,22.857142857142858,20,1.2,0.605823978127136,0.9393659603554341,1.54518993848257,105.16374456813821,4.334389133238614e-06,0.6449286047132327
7.673684210526316,22.857142857142858,20,1.3,0.605823978127136,0.9393659603554341,1.54518993848257,107.49465184921638,4.2189185418806066e-06,0.6449286047132327
7.673684210526316,22.857142857142858,20,1.4,0.605823978127136,0.9393659603554341,1.54518993848257,109.68224258275194,4.116007788960447e-06,0.6449286047132327
7.673684210526316,22.857142857142858,20,1.5,0.605823978127136,0.9393659603554341,1.54518993848257,111.74486049387446,4.023471255119444e-06,0.6449286047132327
7.673684210526316,22.857142857142858,30,1.1,0.605823978127136,0.9393659603554341,1.54518993848257,102.66664677456191,5.0798106887638576e-06,0.6449286047132327
7.673684210526316,22.857142857142858,30,1.2,0.605823978127136,0.9393659603554341,1.54518993848257,105.16374456813821,4.911048686077863e-06,0.6449286047132327
7.673684210526316,22.857142857142858,30,1.3,0.605823978127136,0.9393659603554341,1.54518993848257,107.49465184921638,4.763332697077984e-06,0.6449286047132327
7.673684210526316,22.857142857142858,30,1.4,0.605823978127136,0.9393659603554341,1.54518993848257,109.68224258275194,4.63256049324533e-06,0.6449286047132327
7.673684210526316,22.857142857142858,30,1.5,0.605823978127136,0.9393659603554341,1.54518993848257,111.74486049387446,4.515669936579172e-06,0.6449286047132327
7.673684210526316,22.857142857142858,40,1.1,0.605823978127136,0.9393659603554341,1.54518993848257,102.66664677456191,5.890419034705528e-06,0.6449286047132327
7.673684210526316,22.857142857142858,40,1.2,0.605823978127136,0.9393659603554341,1.54518993848257,105.16374456813821,5.6646960890356e-06,0.6449286047132327
7.673684210526316,22.857142857142858,40,1.3,0.605823978127136,0.9393659603554341,1.54518993848257,107.49465184921638,5.46906753184968e-06,0.6449286047132327
7.673684210526316,22.857142857142858,40,1.4,0.605823978127136,0.9393659603554341,1.54518993848257,109.68224258275194,5.29737269238543e-06,0.6449286047132327
7.673684210526316,22.857142857142858,40,1.5,0.605823978127136,0.9393659603554341,1.54518993848257,111.74486049387446,5.145076685089711e-06,0.6449286047132327
7.673684210526316,25.714285714285715,20,1.1,0.5788850854408749,0.9444563226247439,1.523341408065619,102.66664677456191,4.40217904139318e-06,0.6129294405400264
7.673684210526316,25.714285714285715,20,1.2,0.5788850854408749,0.9444563226247439,1.523341408065619,105.16374456813821,4.273102148086831e-06,0.6129294405400264
7.673684210526316,25.714285714285715,20,1.3,0.5788850854408749,0.9444563226247439,1.523341408065619,107.49465184921638,4.159264276865499e-06,0.6129294405400264
7.673684210526316,25.714285714285715,20,1.4,0.5788850854408749,0.9444563226247439,1.523341408065619,109.68224258275194,4.057808651667447e-06,0.6129294405400264
7.673684210526316,25.714285714285715,20,1.5,0.5788850854408749,0.9444563226247439,1.523341408065619,111.74486049387446,3.9665805571476895e-06,0.6129294405400264
7.673684210526316,25.714285714285715,30,1.1,0.5788850854408749,0.9444563226247439,1.523341408065619,102.66664677456191,5.007983662466493e-06,0.6129294405400264
7.673684210526316,25.714285714285715,30,1.2,0.5788850854408749,0.9444563226247439,1.523341408065619,105.16374456813821,4.841607904770245e-06,0.6129294405400264
7.673684210526316,25.714285714285715,30,1.3,0.5788850854408749,0.9444563226247439,1.523341408065619,107.49465184921638,4.695980576328112e-06,0.6129294405400264
7.673684210526316,25.714285714285715,30,1.4,0.5788850854408749,0.9444563226247439,1.523341408065619,109.68224258275194,4.567057452923676e-06,0.6129294405400264
7.673684210526316,25.714285714285715,30,1.5,0.5788850854408749,0.9444563226247439,1.523341408065619,111.74486049387446,4.4518196942852375e-06,0.6129294405400264
7.673684210526316,25.714285714285715,40,1.1,0.5788850854408749,0.9444563226247439,1.523341408065619,102.66664677456191,5.8071302452543515e-06,0.6129294405400264
7.673684210526316,25.714285714285715,40,1.2,0.5788850854408749,0.9444563226247439,1.523341408065619,105.16374456813821,5.5845989555235735e-06,0.6129294405400264
7.673684210526316,25.714285714285715,40,1.3,0.5788850854408749,0.9444563226247439,1.523341408065619,107.49465184921638,5.391736528491399e-06,0.6129294405400264
7.673684210526316,25.714285714285715,40,1.4,0.5788850854408749,0.9444563226247439,1.523341408065619,109.68224258275194,5.222469403464736e-06,0.6129294405400264
7.673684210526316,25.714285714285715,40,1.5,0.5788850854408749,0.9444563226247439,1.523341408065619,111.74486049387446,5.072326816835895e-06,0.6129294405400264
7.673684210526316,28.571428571428573,20,1.1,0.5519461927546139,0.9495466848940535,1.5014928776486673,102.66664677456191,4.339040770367725e-06,0.5812733607892041
7.673684210526316,28.571428571428573,20,1.2,0.5519461927546139,0.9495466848940535,1.5014928776486673,105.16374456813821,4.211815162935046e-06,0.5812733607892041
7.673684210526316,28.571428571428573,20,1.3,0.5519461927546139,0.9495466848940535,1.5014928776486673,107.49465184921638,4.099610011850389e-06,0.5812733607892041
7.673684210526316,28.571428571428573,20,1.4,0.5519461927546139,0.9495466848940535,1.5014928776486673,109.68224258275194,3.9996095143744455e-06,0.5812733607892041
7.673684210526316,28.571428571428573,20,1.5,0.5519461927546139,0.9495466848940535,1.5014928776486673,111.74486049387446,3.909689859175934e-06,0.5812733607892041
7.673684210526316,28.571428571428573,30,1.1,0.5519461927546139,0.9495466848940535,1.5014928776486673,102.66664677456191,4.936156636169127e-06,0.5812733607892041
7.673684210526316,28.571428571428573,30,1.2,0.5519461927546139,0.9495466848940535,1.5014928776486673,105.16374456813821,4.772167123462626e-06,0.5812733607892041
7.673684210526316,28.571428571428573,30,1.3,0.5519461927546139,0.9495466848940535,1.5014928776486673,107.49465184921638,4.628628455578238e-06,0.5812733607892041
7.673684210526316,28.571428571428573,30,1.4,0.5519461927546139,0.9495466848940535,1.5014928776486673,109.68224258275194,4.5015544126020215e-06,0.5812733607892041
7.673684210526316,28.571428571428573,30,1.5,0.5519461927546139,0.9495466848940535,1.5014928776486673,111.74486049387446,4.387969451991302e-06,0.5812733607892041
7.673684210526316,28.571428571428573,40,1.1,0.5519461927546139,0.9495466848940535,1.5014928776486673,102.66664677456191,5.723841455803173e-06,0.5812733607892041
7.673684210526316,28.571428571428573,40,1.2,0.5519461927546139,0.9495466848940535,1.5014928776486673,105.16374456813821,5.5045018220115455e-06,0.5812733607892041
7.673684210526316,28.571428571428573,40,1.3,0.5519461927546139,0.9495466848940535,1.5014928776486673,107.49465184921638,5.314405525133116e-06,0.5812733607892041
7.673684210526316,28.571428571428573,40,1.4,0.5519461927546139,0.9495466848940535,1.5014928776486673,109.68224258275194,5.14756611454404e-06,0.5812733607892041
7.673684210526316,28.571428571428573,40,1.5,0.5519461927546139,0.9495466848940535,1.5014928776486673,111.74486049387446,4.999576948582078e-06,0.5812733607892041
7.673684210526316,31.42857142857143,20,1.1,0.5251556527682844,0.9545554340396448,1.4797110868079293,102.66664677456191,4.276095364554285e-06,0.5501573130706975
7.673684210526316,31.42857142857143,20,1.2,0.5251556527682844,0.9545554340396448,1.4797110868079293,105.16374456813821,4.1507153879680375e-06,0.5501573130706975
7.673684210526316,31.42857142857143,20,1.3,0.5251556527682844,0.9545554340396448,1.4797110868079293,107.49465184921638,4.040137969634272e-06,0.5501573130706975
7.673684210526316,31.42857142857143,20,1.4,0.5251556527682844,0.9545554340396448,1.4797110868079293,109.68224258275194,3.941588154977018e-06,0.5501573130706975
7.673684210526316,31.42857142857143,20,1.5,0.5251556527682844,0.9545554340396448,1.4797110868079293,111.74486049387446,3.8529729422778095e-06,0.5501573130706975
7.673684210526316,31.42857142857143,30,1.1,0.5251556527682844,0.9545554340396448,1.4797110868079293,102.66664677456191,4.864549016175264e-06,0.5501573130706975
7.673684210526316,31.42857142857143,30,1.2,0.5251556527682844,0.9545554340396448,1.4797110868079293,105.16374456813821,4.702938459319317e-06,0.5501573130706975
7.673684210526316,31.42857142857143,30,1.3,0.5251556527682844,0.9545554340396448,1.4797110868079293,107.49465184921638,4.561482071869261e-06,0.5501573130706975
7.673684210526316,31.42857142857143,30,1.4,0.5251556527682844,0.9545554340396448,1.4797110868079293,109.68224258275194,4.436251461030884e-06,0.5501573130706975
7.673684210526316,31.42857142857143,30,1.5,0.5251556527682844,0.9545554340396448,1.4797110868079293,111.74486049387446,4.3243142497312035e-06,0.5501573130706975
7.673684210526316,31.42857142857143,40,1.1,0.5251556527682844,0.9545554340396448,1.4797110868079293,102.66664677456191,5.6408070843107875e-06,0.5501573130706975
7.673684210526316,31.42857142857143,40,1.2,0.5251556527682844,0.9545554340396448,1.4797110868079293,105.16374456813821,5.424649357071933e-06,0.5501573130706975
7.673684210526316,31.42857142857143,40,1.3,0.5251556527682844,0.9545554340396448,1.4797110868079293,107.49465184921638,5.237310740792489e-06,0.5501573130706975
7.673684210526316,31.42857142857143,40,1.4,0.5251556527682844,0.9545554340396448,1.4797110868079293,109.68224258275194,5.072891628827229e-06,0.5501573130706975
7.673684210526316,31.42857142857143,40,1.5,0.5251556527682844,0.9545554340396448,1.4797110868079293,111.74486049387446,4.927049305589374e-06,0.5501573130706975
7.673684210526316,34.285714285714285,20,1.1,0.4985134654818865,0.9594825700615175,1.457996035543404,102.66664677456191,4.213342823952859e-06,0.5195648999125896
7.673684210526316,34.285714285714285,20,1.2,0.4985134654818865,0.9594825700615175,1.457996035543404,105.16374456813821,4.089802823185803e-06,0.5195648999125896
7.673684210526316,34.285714285714285,20,1.3,0.4985134654818865,0.9594825700615175,1.457996035543404,107.49465184921638,3.980848150217145e-06,0.5195648999125896
7.673684210526316,34.285714285714285,20,1.4,0.4985134654818865,0.9594825700615175,1.457996035543404,109.68224258275194,3.883744573475165e-06,0.5195648999125896
7.673684210526316,34.285714285714285,20,1.5,0.4985134654818865,0.9594825700615175,1.457996035543404,111.74486049387446,3.796429806453315e-06,0.5195648999125896
7.673684210526316,34.285714285714285,30,1.1,0.4985134654818865,0.9594825700615175,1.457996035543404,102.66664677456191,4.793160802484903e-06,0.5195648999125896
7.673684210526316,34.285714285714285,30,1.2,0.4985134654818865,0.9594825700615175,1.457996035543404,105.16374456813821,4.633921912340318e-06,0.5195648999125896
7.673684210526316,34.285714285714285,30,1.3,0.4985134654818865,0.9594825700615175,1.457996035543404,107.49465184921638,4.4945414252011785e-06,0.5195648999125896
7.673684210526316,34.285714285714285,30,1.4,0.4985134654818865,0.9594825700615175,1.457996035543404,109.68224258275194,4.371148598210261e-06,0.5195648999125896
7.673684210526316,34.285714285714285,30,1.5,0.4985134654818865,0.9594825700615175,1.457996035543404,111.74486049387446,4.260854087504942e-06,0.5195648999125896
7.673684210526316,34.285714285714285,40,1.1,0.4985134654818865,0.9594825700615175,1.457996035543404,102.66664677456191,5.5580271307771925e-06,0.5195648999125896
7.673684210526316,34.285714285714285,40,1.2,0.4985134654818865,0.9594825700615175,1.457996035543404,105.16374456813821,5.345041560704735e-06,0.5195648999125896
7.673684210526316,34.285714285714285,40,1.3,0.4985134654818865,0.9594825700615175,1.457996035543404,107.49465184921638,5.160452175469514e-06,0.5195648999125896
7.673684210526316,34.285714285714285,40,1.4,0.4985134654818865,0.9594825700615175,1.457996035543404,109.68224258275194,4.998445946314301e-06,0.5195648999125896
7.673684210526316,34.285714285714285,40,1.5,0.4985134654818865,0.9594825700615175,1.457996035543404,111.74486049387446,4.854743887857781e-06,0.5195648999125896
7.673684210526316,37.142857142857146,20,1.1,0.4718712781954887,0.9644097060833904,1.436280984278879,102.66664677456191,4.150590283351433e-06,0.4892850779279559
7.673684210526316,37.142857142857146,20,1.2,0.4718712781954887,0.9644097060833904,1.436280984278879,105.16374456813821,4.028890258403568e-06,0.4892850779279559
7.673684210526316,37.142857142857146,20,1.3,0.4718712781954887,0.9644097060833904,1.436280984278879,107.49465184921638,3.9215583308000185e-06,0.4892850779279559
7.673684210526316,37.142857142857146,20,1.4,0.4718712781954887,0.9644097060833904,1.436280984278879,109.68224258275194,3.825900991973311e-06,0.4892850779279559
7.673684210526316,37.142857142857146,20,1.5,0.4718712781954887,0.9644097060833904,1.436280984278879,111.74486049387446,3.7398866706288213e-06,0.4892850779279559
7.673684210526316,37.142857142857146,30,1.1,0.4718712781954887,0.9644097060833904,1.436280984278879,102.66664677456191,4.721772588794542e-06,0.4892850779279559
7.673684210526316,37.142857142857146,30,1.2,0.4718712781954887,0.9644097060833904,1.436280984278879,105.16374456813821,4.564905365361319e-06,0.4892850779279559
7.673684210526316,37.142857142857146,30,1.3,0.4718712781954887,0.9644097060833904,1.436280984278879,107.49465184921638,4.427600778533097e-06,0.4892850779279559
7.673684210526316,37.142857142857146,30,1.4,0.4718712781954887,0.9644097060833904,1.436280984278879,109.68224258275194,4.30604573538964e-06,0.4892850779279559
7.673684210526316,37.142857142857146,30,1.5,0.4718712781954887,0.9644097060833904,1.436280984278879,111.74486049387446,4.19739392527868e-06,0.4892850779279559
7.673684210526316,37.142857142857146,40,1.1,0.4718712781954887,0.9644097060833904,1.436280984278879,102.66664677456191,5.475247177243598e-06,0.4892850779279559
7.673684210526316,37.142857142857146,40,1.2,0.4718712781954887,0.9644097060833904,1.436280984278879,105.16374456813821,5.265433764337538e-06,0.4892850779279559
7.673684210526316,37.142857142857146,40,1.3,0.4718712781954887,0.9644097060833904,1.436280984278879,107.49465184921638,5.0835936101465395e-06,0.4892850779279559
7.673684210526316,37.142857142857146,40,1.4,0.4718712781954887,0.9644097060833904,1.436280984278879,109.68224258275194,4.924000263801372e-06,0.4892850779279559
7.673684210526316,37.142857142857146,40,1.5,0.4718712781954887,0.9644097060833904,1.436280984278879,111.74486049387446,4.782438470126189e-06,0.4892850779279559
7.673684210526316,40.0,20,1.1,0.4452290909090909,0.9693368421052633,1.4145659330143543,102.66664677456191,4.087837742750009e-06,0.4593130804170364
7.673684210526316,40.0,20,1.2,0.4452290909090909,0.9693368421052633,1.4145659330143543,105.16374456813821,3.967977693621334e-06,0.4593130804170364
7.673684210526316,40.0,20,1.3,0.4452290909090909,0.9693368421052633,1.4145659330143543,107.49465184921638,3.862268511382893e-06,0.4593130804170364
7.673684210526316,40.0,20,1.4,0.4452290909090909,0.9693368421052633,1.4145659330143543,109.68224258275194,3.7680574104714584e-06,0.4593130804170364
7.673684210526316,40.0,20,1.5,0.4452290909090909,0.9693368421052633,1.4145659330143543,111.74486049387446,3.6833435348043278e-06,0.4593130804170364
7.673684210526316,40.0,30,1.1,0.4452290909090909,0.9693368421052633,1.4145659330143543,102.66664677456191,4.650384375104182e-06,0.4593130804170364
7.673684210526316,40.0,30,1.2,0.4452290909090909,0.9693368421052633,1.4145659330143543,105.16374456813821,4.4958888183823205e-06,0.4593130804170364
7.673684210526316,40.0,30,1.3,0.4452290909090909,0.9693368421052633,1.4145659330143543,107.49465184921638,4.360660131865016e-06,0.4593130804170364
7.673684210526316,40.0,30,1.4,0.4452290909090909,0.9693368421052633,1.4145659330143543,109.68224258275194,4.240942872569019e-06,0.4593130804170364
7.673684210526316,40.0,30,1.5,0.4452290909090909,0.9693368421052633,1.4145659330143543,111.74486049387446,4.133933763052419e-06,0.4593130804170364
7.673684210526316,40.0,40,1.1,0.4452290909090909,0.9693368421052633,1.4145659330143543,102.66664677456191,5.392467223710005e-06,0.4593130804170364
7.673684210526316,40.0,40,1.2,0.4452290909090909,0.9693368421052633,1.4145659330143543,105.16374456813821,5.185825967970342e-06,0.4593130804170364
7.673684210526316,40.0,40,1.3,0.4452290909090909,0.9693368421052633,1.4145659330143543,107.49465184921638,5.006735044823566e-06,0.4593130804170364
7.673684210526316,40.0,40,1.4,0.4452290909090909,0.9693368421052633,1.4145659330143543,109.68224258275194,4.849554581288445e-06,0.4593130804170364
7.673684210526316,40.0,40,1.5,0.4452290909090909,0.9693368421052633,1.4145659330143543,111.74486049387446,4.710133052394597e-06,0.4593130804170364
7.757894736842105,0.0,20,1.1,0.8265207655502392,0.9187923444976076,1.7453131100478467,102.66664677456191,5.043636805932883e-06,0.8995729780510718
7.757894736842105,0.0,20,1.2,0.8265207655502392,0.9187923444976076,1.7453131100478467,105.16374456813821,4.895751641846204e-06,0.8995729780510718
7.757894736842105,0.0,20,1.3,0.8265207655502392,0.9187923444976076,1.7453131100478467,107.49465184921638,4.765326034027387e-06,0.8995729780510718
7.757894736842105,0.0,20,1.4,0.8265207655502392,0.9187923444976076,1.7453131100478467,109.68224258275194,4.6490869350252075e-06,0.8995729780510718
7.757894736842105,0.0,20,1.5,0.8265207655502392,0.9187923444976076,1.7453131100478467,111.74486049387446,4.5445656579648e-06,0.8995729780510718
7.757894736842105,0.0,30,1.1,0.8265207655502392,0.9187923444976076,1.7453131100478467,102.66664677456191,5.737715455465186e-06,0.8995729780510718
7.757894736842105,0.0,30,1.2,0.8265207655502392,0.9187923444976076,1.7453131100478467,105.16374456813821,5.547096471720673e-06,0.8995729780510718
7.757894736842105,0.0,30,1.3,0.8265207655502392,0.9187923444976076,1.7453131100478467,107.49465184921638,5.380249247476932e-06,0.8995729780510718
7.757894736842105,0.0,30,1.4,0.8265207655502392,0.9187923444976076,1.7453131100478467,109.68224258275194,5.232540259672417e-06,0.8995729780510718
7.757894736842105,0.0,30,1.5,0.8265207655502392,0.9187923444976076,1.7453131100478467,111.74486049387446,5.1005107816714275e-06,0.8995729780510718
7.757894736842105,0.0,40,1.1,0.8265207655502392,0.9187923444976076,1.7453131100478467,102.66664677456191,6.653308637928921e-06,0.8995729780510718
7.757894736842105,0.0,40,1.2,0.8265207655502392,0.9187923444976076,1.7453131100478467,105.16374456813821,6.3983514922053185e-06,0.8995729780510718
7.757894736842105,0.0,40,1.3,0.8265207655502392,0.9187923444976076,1.7453131100478467,107.49465184921638,6.177386368725657e-06,0.8995729780510718
7.757894736842105,0.0,40,1.4,0.8265207655502392,0.9187923444976076,1.7453131100478467,109.68224258275194,5.983454705839739e-06,0.8995729780510718
7.757894736842105,0.0,40,1.5,0.8265207655502392,0.9187923444976076,1.7453131100478467,111.74486049387446,5.811434288464907e-06,0.8995729780510718
7.757894736842105,2.857142857142857,20,1.1,0.7993669172932331,0.9238367737525632,1.7232036910457964,102.66664677456191,4.979744614443257e-06,0.8652685625906166
7.757894736842105,2.857142857142857,20,1.2,0.7993669172932331,0.9238367737525632,1.7232036910457964,105.16374456813821,4.833732842035214e-06,0.8652685625906166
7.757894736842105,2.857142857142857,20,1.3,0.7993669172932331,0.9238367737525632,1.7232036910457964,107.49465184921638,4.704959450311757e-06,0.8652685625906166
7.757894736842105,2.857142857142857,20,1.4,0.7993669172932331,0.9238367737525632,1.7232036910457964,109.68224258275194,4.590192854397685e-06,0.8652685625906166
7.757894736842105,2.857142857142857,20,1.5,0.7993669172932331,0.9238367737525632,1.7232036910457964,111.74486049387446,4.486995640449995e-06,0.8652685625906166
7.757894736842105,2.857142857142857,30,1.1,0.7993669172932331,0.9238367737525632,1.7232036910457964,102.66664677456191,5.665030758152656e-06,0.8652685625906166
7.757894736842105,2.857142857142857,30,1.2,0.7993669172932331,0.9238367737525632,1.7232036910457964,105.16374456813821,5.476826513034174e-06,0.8652685625906166
7.757894736842105,2.857142857142857,30,1.3,0.7993669172932331,0.9238367737525632,1.7232036910457964,107.49465184921638,5.312092889593004e-06,0.8652685625906166
7.757894736842105,2.857142857142857,30,1.4,0.7993669172932331,0.9238367737525632,1.7232036910457964,109.68224258275194,5.1662550616869254e-06,0.8652685625906166
7.757894736842105,2.857142857142857,30,1.5,0.7993669172932331,0.9238367737525632,1.7232036910457964,111.74486049387446,5.035898117418102e-06,0.8652685625906166
7.757894736842105,2.857142857142857,40,1.1,0.7993669172932331,0.9238367737525632,1.7232036910457964,102.66664677456191,6.569025315023097e-06,0.8652685625906166
7.757894736842105,2.857142857142857,40,1.2,0.7993669172932331,0.9238367737525632,1.7232036910457964,105.16374456813821,6.3172979361132066e-06,0.8652685625906166
7.757894736842105,2.857142857142857,40,1.3,0.7993669172932331,0.9238367737525632,1.7232036910457964,107.49465184921638,6.0991319725503115e-06,0.8652685625906166
7.757894736842105,2.857142857142857,40,1.4,0.7993669172932331,0.9238367737525632,1.7232036910457964,109.68224258275194,5.90765701291599e-06,0.8652685625906166
7.757894736842105,2.857142857142857,40,1.5,0.7993669172932331,0.9238367737525632,1.7232036910457964,111.74486049387446,5.737815729739345e-06,0.8652685625906166
7.757894736842105,5.714285714285714,20,1.1,0.7722130690362269,0.9288812030075188,1.7010942720437456,102.66664677456191,4.915852422953629e-06,0.8313367377184144
7.757894736842105,5.714285714285714,20,1.2,0.7722130690362269,0.9288812030075188,1.7010942720437456,105.16374456813821,4.771714042224223e-06,0.8313367377184144
7.757894736842105,5.714285714285714,20,1.3,0.7722130690362269,0.9288812030075188,1.7010942720437456,107.49465184921638,4.644592866596125e-06,0.8313367377184144
7.757894736842105,5.714285714285714,20,1.4,0.7722130690362269,0.9288812030075188,1.7010942720437456,109.68224258275194,4.53129877377016e-06,0.8313367377184144
7.757894736842105,5.714285714285714,20,1.5,0.7722130690362269,0.9288812030075188,1.7010942720437456,111.74486049387446,4.42942562293519e-06,0.8313367377184144
7.757894736842105,5.714285714285714,30,1.1,0.7722130690362269,0.9288812030075188,1.7010942720437456,102.66664677456191,5.592346060840123e-06,0.8313367377184144
7.757894736842105,5.714285714285714,30,1.2,0.7722130690362269,0.9288812030075188,1.7010942720437456,105.16374456813821,5.406556554347673e-06,0.8313367377184144
7.757894736842105,5.714285714285714,30,1.3,0.7722130690362269,0.9288812030075188,1.7010942720437456,107.49465184921638,5.243936531709074e-06,0.8313367377184144
7.757894736842105,5.714285714285714,30,1.4,0.7722130690362269,0.9288812030075188,1.7010942720437456,109.68224258275194,5.099969863701433e-06,0.8313367377184144
7.757894736842105,5.714285714285714,30,1.5,0.7722130690362269,0.9288812030075188,1.7010942720437456,111.74486049387446,4.971285453164775e-06,0.8313367377184144
7.757894736842105,5.714285714285714,40,1.1,0.7722130690362269,0.9288812030075188,1.7010942720437456,102.66664677456191,6.484741992117271e-06,0.8313367377184144
7.757894736842105,5.714285714285714,40,1.2,0.7722130690362269,0.9288812030075188,1.7010942720437456,105.16374456813821,6.236244380021094e-06,0.8313367377184144
7.757894736842105,5.714285714285714,40,1.3,0.7722130690362269,0.9288812030075188,1.7010942720437456,107.49465184921638,6.020877576374964e-06,0.8313367377184144
7.757894736842105,5.714285714285714,40,1.4,0.7722130690362269,0.9288812030075188,1.7010942720437456,109.68224258275194,5.8318593199922385e-06,0.8313367377184144
7.757894736842105,5.714285714285714,40,1.5,0.7722130690362269,0.9288812030075188,1.7010942720437456,111.74486049387446,5.6641971710137795e-06,0.8313367377184144
7.757894736842105,8.571428571428571,20,1.1,0.7450592207792208,0.9339256322624745,1.6789848530416953,102.66664677456191,4.851960231464002e-06,0.7977714659938
7.757894736842105,8.571428571428571,20,1.2,0.7450592207792208,0.9339256322624745,1.6789848530416953,105.16374456813821,4.709695242413233e-06,0.7977714659938
7.757894736842105,8.571428571428571,20,1.3,0.7450592207792208,0.9339256322624745,1.6789848530416953,107.49465184921638,4.584226282880495e-06,0.7977714659938
7.757894736842105,8.571428571428571,20,1.4,0.7450592207792208,0.9339256322624745,1.6789848530416953,109.68224258275194,4.4724046931426375e-06,0.7977714659938
7.757894736842105,8.571428571428571,20,1.5,0.7450592207792208,0.9339256322624745,1.6789848530416953,111.74486049387446,4.371855605420386e-06,0.7977714659938
7.757894736842105,8.571428571428571,30,1.1,0.7450592207792208,0.9339256322624745,1.6789848530416953,102.66664677456191,5.519661363527592e-06,0.7977714659938
7.757894736842105,8.571428571428571,30,1.2,0.7450592207792208,0.9339256322624745,1.6789848530416953,105.16374456813821,5.336286595661174e-06,0.7977714659938
7.757894736842105,8.571428571428571,30,1.3,0.7450592207792208,0.9339256322624745,1.6789848530416953,107.49465184921638,5.175780173825145e-06,0.7977714659938
7.757894736842105,8.571428571428571,30,1.4,0.7450592207792208,0.9339256322624745,1.6789848530416953,109.68224258275194,5.033684665715942e-06,0.7977714659938
7.757894736842105,8.571428571428571,30,1.5,0.7450592207792208,0.9339256322624745,1.6789848530416953,111.74486049387446,4.90667278891145e-06,0.7977714659938
7.757894736842105,8.571428571428571,40,1.1,0.7450592207792208,0.9339256322624745,1.6789848530416953,102.66664677456191,6.400458669211446e-06,0.7977714659938
7.757894736842105,8.571428571428571,40,1.2,0.7450592207792208,0.9339256322624745,1.6789848530416953,105.16374456813821,6.155190823928982e-06,0.7977714659938
7.757894736842105,8.571428571428571,40,1.3,0.7450592207792208,0.9339256322624745,1.6789848530416953,107.49465184921638,5.942623180199618e-06,0.7977714659938
7.757894736842105,8.571428571428571,40,1.4,0.7450592207792208,0.9339256322624745,1.6789848530416953,109.68224258275194,5.756061627068489e-06,0.7977714659938
7.757894736842105,8.571428571428571,40,1.5,0.7450592207792208,0.9339256322624745,1.6789848530416953,111.74486049387446,5.590578612288217e-06,0.7977714659938
7.757894736842105,11.428571428571429,20,1.1,0.7179288585099111,0.9389995898838005,1.6569284483937117,102.66664677456191,4.788221241795799e-06,0.7645678083829126
7.757894736842105,11.428571428571429,20,1.2,0.7179288585099111,0.9389995898838005,1.6569284483937117,105.16374456813821,4.647825152372122e-06,0.7645678083829126
7.757894736842105,11.428571428571429,20,1.3,0.7179288585099111,0.9389995898838005,1.6569284483937117,107.49465184921638,4.524004447221908e-06,0.7645678083829126
7.757894736842105,11.428571428571429,20,1.4,0.7179288585099111,0.9389995898838005,1.6569284483937117,109.68224258275194,4.413651829778334e-06,0.7645678083829126
7.757894736842105,11.428571428571429,20,1.5,0.7179288585099111,0.9389995898838005,1.6569284483937117,111.74486049387446,4.3144236303069615e-06,0.7645678083829126
7.757894736842105,11.428571428571429,30,1.1,0.7179288585099111,0.9389995898838005,1.6569284483937117,102.66664677456191,5.447150950861717e-06,0.7645678083829126
7.757894736842105,11.428571428571429,30,1.2,0.7179288585099111,0.9389995898838005,1.6569284483937117,105.16374456813821,5.2661851315185485e-06,0.7645678083829126
7.757894736842105,11.428571428571429,30,1.3,0.7179288585099111,0.9389995898838005,1.6569284483937117,107.49465184921638,5.1077872424558805e-06,0.7645678083829126
7.757894736842105,11.428571428571429,30,1.4,0.7179288585099111,0.9389995898838005,1.6569284483937117,109.68224258275194,4.9675584075449735e-06,0.7645678083829126
7.757894736842105,11.428571428571429,30,1.5,0.7179288585099111,0.9389995898838005,1.6569284483937117,111.74486049387446,4.842215054041822e-06,0.7645678083829126
7.757894736842105,11.428571428571429,40,1.1,0.7179288585099111,0.9389995898838005,1.6569284483937117,102.66664677456191,6.316377442340892e-06,0.7645678083829126
7.757894736842105,11.428571428571429,40,1.2,0.7179288585099111,0.9389995898838005,1.6569284483937117,105.16374456813821,6.074331619480422e-06,0.7645678083829126
7.757894736842105,11.428571428571429,40,1.3,0.7179288585099111,0.9389995898838005,1.6569284483937117,107.49465184921638,5.864556423792903e-06,0.7645678083829126
7.757894736842105,11.428571428571429,40,1.4,0.7179288585099111,0.9389995898838005,1.6569284483937117,109.68224258275194,5.68044568318707e-06,0.7645678083829126
7.757894736842105,11.428571428571429,40,1.5,0.7179288585099111,0.9389995898838005,1.6569284483937117,111.74486049387446,5.517136577438645e-06,0.7645678083829126
7.757894736842105,14.285714285714286,20,1.1,0.6908219822282979,0.9441030758714971,1.6349250580997952,102.66664677456191,4.72463545394902e-06,0.7317230500394286
7.757894736842105,14.285714285714286,20,1.2,0.6908219822282979,0.9441030758714971,1.6349250580997952,105.16374456813821,4.586103772100894e-06,0.7317230500394286
7.757894736842105,14.285714285714286,20,1.3,0.6908219822282979,0.9441030758714971,1.6349250580997952,107.49465184921638,4.463927359620366e-06,0.7317230500394286
7.757894736842105,14.285714285714286,20,1.4,0.6908219822282979,0.9441030758714971,1.6349250580997952,109.68224258275194,4.355040183677249e-06,0.7317230500394286
7.757894736842105,14.285714285714286,20,1.5,0.6908219822282979,0.9441030758714971,1.6349250580997952,111.74486049387446,4.257129697594918e-06,0.7317230500394286
7.757894736842105,14.285714285714286,30,1.1,0.6908219822282979,0.9441030758714971,1.6349250580997952,102.66664677456191,5.374814822842502e-06,0.7317230500394286
7.757894736842105,14.285714285714286,30,1.2,0.6908219822282979,0.9441030758714971,1.6349250580997952,105.16374456813821,5.196252161919798e-06,0.7317230500394286
7.757894736842105,14.285714285714286,30,1.3,0.6908219822282979,0.9441030758714971,1.6349250580997952,107.49465184921638,5.039957737601282e-06,0.7317230500394286
7.757894736842105,14.285714285714286,30,1.4,0.6908219822282979,0.9441030758714971,1.6349250580997952,109.68224258275194,4.901591089188528e-06,0.7317230500394286
7.757894736842105,14.285714285714286,30,1.5,0.6908219822282979,0.9441030758714971,1.6349250580997952,111.74486049387446,4.777912248555895e-06,0.7317230500394286
7.757894736842105,14.285714285714286,40,1.1,0.6908219822282979,0.9441030758714971,1.6349250580997952,102.66664677456191,6.2324983115056104e-06,0.7317230500394286
7.757894736842105,14.285714285714286,40,1.2,0.6908219822282979,0.9441030758714971,1.6349250580997952,105.16374456813821,5.993666766675416e-06,0.7317230500394286
7.757894736842105,14.285714285714286,40,1.3,0.6908219822282979,0.9441030758714971,1.6349250580997952,107.49465184921638,5.786677307154821e-06,0.7317230500394286
7.757894736842105,14.285714285714286,40,1.4,0.6908219822282979,0.9441030758714971,1.6349250580997952,109.68224258275194,5.605011488347982e-06,0.7317230500394286
7.757894736842105,14.285714285714286,40,1.5,0.6908219822282979,0.9441030758714971,1.6349250580997952,111.74486049387446,5.4438710664650655e-06,0.7317230500394286
7.757894736842105,17.142857142857142,20,1.1,0.6637151059466849,0.9492065618591935,1.6129216678058784,102.66664677456191,4.6610496661022406e-06,0.6992314767047947
7.757894736842105,17.142857142857142,20,1.2,0.6637151059466849,0.9492065618591935,1.6129216678058784,105.16374456813821,4.524382391829664e-06,0.6992314767047947
7.757894736842105,17.142857142857142,20,1.3,0.6637151059466849,0.9492065618591935,1.6129216678058784,107.49465184921638,4.403850272018821e-06,0.6992314767047947
7.757894736842105,17.142857142857142,20,1.4,0.6637151059466849,0.9492065618591935,1.6129216678058784,109.68224258275194,4.296428537576164e-06,0.6992314767047947
7.757894736842105,17.142857142857142,20,1.5,0.6637151059466849,0.9492065618591935,1.6129216678058784,111.74486049387446,4.199835764882873e-06,0.6992314767047947
7.757894736842105,17.142857142857142,30,1.1,0.6637151059466849,0.9492065618591935,1.6129216678058784,102.66664677456191,5.302478694823284e-06,0.6992314767047947
7.757894736842105,17.142857142857142,30,1.2,0.6637151059466849,0.9492065618591935,1.6129216678058784,105.16374456813821,5.126319192321046e-06,0.6992314767047947
7.757894736842105,17.142857142857142,30,1.3,0.6637151059466849,0.9492065618591935,1.6129216678058784,107.49465184921638,4.9721282327466826e-06,0.6992314767047947
7.757894736842105,17.142857142857142,30,1.4,0.6637151059466849,0.9492065618591935,1.6129216678058784,109.68224258275194,4.835623770832082e-06,0.6992314767047947
7.757894736842105,17.142857142857142,30,1.5,0.6637151059466849,0.9492065618591935,1.6129216678058784,111.74486049387446,4.713609443069967e-06,0.6992314767047947
7.757894736842105,17.142857142857142,40,1.1,0.6637151059466849,0.9492065618591935,1.6129216678058784,102.66664677456191,6.148619180670327e-06,0.6992314767047947
7.757894736842105,17.142857142857142,40,1.2,0.6637151059466849,0.9492065618591935,1.6129216678058784,105.16374456813821,5.913001913870409e-06,0.6992314767047947
7.757894736842105,17.142857142857142,40,1.3,0.6637151059466849,0.9492065618591935,1.6129216678058784,107.49465184921638,5.708798190516737e-06,0.6992314767047947
7.757894736842105,17.142857142857142,40,1.4,0.6637151059466849,0.9492065618591935,1.6129216678058784,109.68224258275194,5.529577293508894e-06,0.6992314767047947
7.757894736842105,17.142857142857142,40,1.5,0.6637151059466849,0.9492065618591935,1.6129216678058784,111.74486049387446,5.370605555491485e-06,0.6992314767047947
7.757894736842105,20.0,20,1.1,0.6366082296650717,0.95431004784689,1.5909182775119617,102.66664677456191,4.597463878255462e-06,0.6670874220609794
7.757894736842105,20.0,20,1.2,0.6366082296650717,0.95431004784689,1.5909182775119617,105.16374456813821,4.462661011558434e-06,0.6670874220609794
7.757894736842105,20.0,20,1.3,0.6366082296650717,0.95431004784689,1.5909182775119617,107.49465184921638,4.343773184417278e-06,0.6670874220609794
7.757894736842105,20.0,20,1.4,0.6366082296650717,0.95431004784689,1.5909182775119617,109.68224258275194,4.237816891475079e-06,0.6670874220609794
7.757894736842105,20.0,20,1.5,0.6366082296650717,0.95431004784689,1.5909182775119617,111.74486049387446,4.142541832170829e-06,0.6670874220609794
7.757894736842105,20.0,30,1.1,0.6366082296650717,0.95431004784689,1.5909182775119617,102.66664677456191,5.230142566804068e-06,0.6670874220609794
7.757894736842105,20.0,30,1.2,0.6366082296650717,0.95431004784689,1.5909182775119617,105.16374456813821,5.056386222722295e-06,0.6670874220609794
7.757894736842105,20.0,30,1.3,0.6366082296650717,0.95431004784689,1.5909182775119617,107.49465184921638,4.904298727892082e-06,0.6670874220609794
7.757894736842105,20.0,30,1.4,0.6366082296650717,0.95431004784689,1.5909182775119617,109.68224258275194,4.769656452475637e-06,0.6670874220609794
7.757894736842105,20.0,30,1.5,0.6366082296650717,0.95431004784689,1.5909182775119617,111.74486049387446,4.649306637584039e-06,0.6670874220609794
7.757894736842105,20.0,40,1.1,0.6366082296650717,0.95431004784689,1.5909182775119617,102.66664677456191,6.0647400498350445e-06,0.6670874220609794
7.757894736842105,20.0,40,1.2,0.6366082296650717,0.95431004784689,1.5909182775119617,105.16374456813821,5.8323370610654025e-06,0.6670874220609794
7.757894736842105,20.0,40,1.3,0.6366082296650717,0.95431004784689,1.5909182775119617,107.49465184921638,5.630919073878654e-06,0.6670874220609794
7.757894736842105,20.0,40,1.4,0.6366082296650717,0.95431004784689,1.5909182775119617,109.68224258275194,5.454143098669806e-06,0.6670874220609794
7.757894736842105,20.0,40,1.5,0.6366082296650717,0.95431004784689,1.5909182775119617,111.74486049387446,5.297340044517905e-06,0.6670874220609794
7.757894736842105,22.857142857142858,20,1.1,0.6096234039644566,0.9593938482570061,1.5690172522214627,102.66664677456191,4.534173906612609e-06,0.6354255919735148
7.757894736842105,22.857142857142858,20,1.2,0.6096234039644566,0.9593938482570061,1.5690172522214627,105.16374456813821,4.401226773823787e-06,0.6354255919735148
7.757894736842105,22.857142857142858,20,1.3,0.6096234039644566,0.9593938482570061,1.5690172522214627,107.49465184921638,4.283975589711853e-06,0.6354255919735148
7.757894736842105,22.857142857142858,20,1.4,0.6096234039644566,0.9593938482570061,1.5690172522214627,109.68224258275194,4.179477920687812e-06,0.6354255919735148
7.757894736842105,22.857142857142858,20,1.5,0.6096234039644566,0.9593938482570061,1.5690172522214627,111.74486049387446,4.085514444456603e-06,0.6354255919735148
7.757894736842105,22.857142857142858,30,1.1,0.6096234039644566,0.9593938482570061,1.5690172522214627,102.66664677456191,5.1581429636518375e-06,0.6354255919735148
7.757894736842105,22.857142857142858,30,1.2,0.6096234039644566,0.9593938482570061,1.5690172522214627,105.16374456813821,4.9867785979261564e-06,0.6354255919735148
7.757894736842105,22.857142857142858,30,1.3,0.6096234039644566,0.9593938482570061,1.5690172522214627,107.49465184921638,4.836784782021963e-06,0.6354255919735148
7.757894736842105,22.857142857142858,30,1.4,0.6096234039644566,0.9593938482570061,1.5690172522214627,109.68224258275194,4.703996029769308e-06,0.6354255919735148
7.757894736842105,22.857142857142858,30,1.5,0.6096234039644566,0.9593938482570061,1.5690172522214627,111.74486049387446,4.5853029840385804e-06,0.6354255919735148
7.757894736842105,22.857142857142858,40,1.1,0.6096234039644566,0.9593938482570061,1.5690172522214627,102.66664677456191,5.981251144660441e-06,0.6354255919735148
7.757894736842105,22.857142857142858,40,1.2,0.6096234039644566,0.9593938482570061,1.5690172522214627,105.16374456813821,5.752047480335415e-06,0.6354255919735148
7.757894736842105,22.857142857142858,40,1.3,0.6096234039644566,0.9593938482570061,1.5690172522214627,107.49465184921638,5.553402269408575e-06,0.6354255919735148
7.757894736842105,22.857142857142858,40,1.4,0.6096234039644566,0.9593938482570061,1.5690172522214627,109.68224258275194,5.379059841641181e-06,0.6354255919735148
7.757894736842105,22.857142857142858,40,1.5,0.6096234039644566,0.9593938482570061,1.5690172522214627,111.74486049387446,5.224415382121795e-06,0.6354255919735148
7.757894736842105,25.714285714285715,20,1.1,0.5826385782638415,0.9644776486671223,1.5471162269309637,102.66664677456191,4.4708839349697555e-06,0.6040975434412914
7.757894736842105,25.714285714285715,20,1.2,0.5826385782638415,0.9644776486671223,1.5471162269309637,105.16374456813821,4.3397925360891404e-06,0.6040975434412914
7.757894736842105,25.714285714285715,20,1.3,0.5826385782638415,0.9644776486671223,1.5471162269309637,107.49465184921638,4.224177995006427e-06,0.6040975434412914
7.757894736842105,25.714285714285715,20,1.4,0.5826385782638415,0.9644776486671223,1.5471162269309637,109.68224258275194,4.121138949900545e-06,0.6040975434412914
7.757894736842105,25.714285714285715,20,1.5,0.5826385782638415,0.9644776486671223,1.5471162269309637,111.74486049387446,4.028487056742377e-06,0.6040975434412914
7.757894736842105,25.714285714285715,30,1.1,0.5826385782638415,0.9644776486671223,1.5471162269309637,102.66664677456191,5.086143360499607e-06,0.6040975434412914
7.757894736842105,25.714285714285715,30,1.2,0.5826385782638415,0.9644776486671223,1.5471162269309637,105.16374456813821,4.917170973130018e-06,0.6040975434412914
7.757894736842105,25.714285714285715,30,1.3,0.5826385782638415,0.9644776486671223,1.5471162269309637,107.49465184921638,4.769270836151843e-06,0.6040975434412914
7.757894736842105,25.714285714285715,30,1.4,0.5826385782638415,0.9644776486671223,1.5471162269309637,109.68224258275194,4.638335607062979e-06,0.6040975434412914
7.757894736842105,25.714285714285715,30,1.5,0.5826385782638415,0.9644776486671223,1.5471162269309637,111.74486049387446,4.521299330493122e-06,0.6040975434412914
7.757894736842105,25.714285714285715,40,1.1,0.5826385782638415,0.9644776486671223,1.5471162269309637,102.66664677456191,5.897762239485838e-06,0.6040975434412914
7.757894736842105,25.714285714285715,40,1.2,0.5826385782638415,0.9644776486671223,1.5471162269309637,105.16374456813821,5.671757899605429e-06,0.6040975434412914
7.757894736842105,25.714285714285715,40,1.3,0.5826385782638415,0.9644776486671223,1.5471162269309637,107.49465184921638,5.4758854649384966e-06,0.6040975434412914
7.757894736842105,25.714285714285715,40,1.4,0.5826385782638415,0.9644776486671223,1.5471162269309637,109.68224258275194,5.303976584612556e-06,0.6040975434412914
7.757894736842105,25.714285714285715,40,1.5,0.5826385782638415,0.9644776486671223,1.5471162269309637,111.74486049387446,5.151490719725687e-06,0.6040975434412914
7.757894736842105,28.571428571428573,20,1.1,0.5556537525632261,0.9695614490772384,1.5252152016404645,102.66664677456191,4.407593963326902e-06,0.573098026011718
7.757894736842105,28.571428571428573,20,1.2,0.5556537525632261,0.9695614490772384,1.5252152016404645,105.16374456813821,4.278358298354492e-06,0.573098026011718
7.757894736842105,28.571428571428573,20,1.3,0.5556537525632261,0.9695614490772384,1.5252152016404645,107.49465184921638,4.164380400301001e-06,0.573098026011718
7.757894736842105,28.571428571428573,20,1.4,0.5556537525632261,0.9695614490772384,1.5252152016404645,109.68224258275194,4.0627999791132774e-06,0.573098026011718
7.757894736842105,28.571428571428573,20,1.5,0.5556537525632261,0.9695614490772384,1.5252152016404645,111.74486049387446,3.9714596690281504e-06,0.573098026011718
7.757894736842105,28.571428571428573,30,1.1,0.5556537525632261,0.9695614490772384,1.5252152016404645,102.66664677456191,5.014143757347376e-06,0.573098026011718
7.757894736842105,28.571428571428573,30,1.2,0.5556537525632261,0.9695614490772384,1.5252152016404645,105.16374456813821,4.847563348333879e-06,0.573098026011718
7.757894736842105,28.571428571428573,30,1.3,0.5556537525632261,0.9695614490772384,1.5252152016404645,107.49465184921638,4.701756890281723e-06,0.573098026011718
7.757894736842105,28.571428571428573,30,1.4,0.5556537525632261,0.9695614490772384,1.5252152016404645,109.68224258275194,4.572675184356649e-06,0.573098026011718
7.757894736842105,28.571428571428573,30,1.5,0.5556537525632261,0.9695614490772384,1.5252152016404645,111.74486049387446,4.4572956769476635e-06,0.573098026011718
7.757894736842105,28.571428571428573,40,1.1,0.5556537525632261,0.9695614490772384,1.5252152016404645,102.66664677456191,5.814273334311234e-06,0.573098026011718
7.757894736842105,28.571428571428573,40,1.2,0.5556537525632261,0.9695614490772384,1.5252152016404645,105.16374456813821,5.591468318875442e-06,0.573098026011718
7.757894736842105,28.571428571428573,40,1.3,0.5556537525632261,0.9695614490772384,1.5252152016404645,107.49465184921638,5.398368660468417e-06,0.573098026011718
7.757894736842105,28.571428571428573,40,1.4,0.5556537525632261,0.9695614490772384,1.5252152016404645,109.68224258275194,5.22889332758393e-06,0.573098026011718
7.757894736842105,28.571428571428573,40,1.5,0.5556537525632261,0.9695614490772384,1.5252152016404645,111.74486049387446,5.078566057329576e-06,0.573098026011718
7.757894736842105,31.42857142857143,20,1.1,0.5288001093643199,0.9745712918660288,1.5033714012303485,102.66664677456191,4.3444693611591615e-06,0.5425976670745318
7.757894736842105,31.42857142857143,20,1.2,0.5288001093643199,0.9745712918660288,1.5033714012303485,105.16374456813821,4.217084581273977e-06,0.5425976670745318
7.757894736842105,31.42857142857143,20,1.3,0.5288001093643199,0.9745712918660288,1.5033714012303485,107.49465184921638,4.1047390498881966e-06,0.5425976670745318
7.757894736842105,31.42857142857143,20,1.4,0.5288001093643199,0.9745712918660288,1.5033714012303485,109.68224258275194,4.004613441400749e-06,0.5425976670745318
7.757894736842105,31.42857142857143,20,1.5,0.5288001093643199,0.9745712918660288,1.5033714012303485,111.74486049387446,3.9145812873717324e-06,0.5425976670745318
7.757894736842105,31.42857142857143,30,1.1,0.5288001093643199,0.9745712918660288,1.5033714012303485,102.66664677456191,4.942332280943704e-06,0.5425976670745318
7.757894736842105,31.42857142857143,30,1.2,0.5288001093643199,0.9745712918660288,1.5033714012303485,105.16374456813821,4.778137600319757e-06,0.5425976670745318
7.757894736842105,31.42857142857143,30,1.3,0.5288001093643199,0.9745712918660288,1.5033714012303485,107.49465184921638,4.634419350649456e-06,0.5425976670745318
7.757894736842105,31.42857142857143,30,1.4,0.5288001093643199,0.9745712918660288,1.5033714012303485,109.68224258275194,4.507186324843614e-06,0.5425976670745318
7.757894736842105,31.42857142857143,30,1.5,0.5288001093643199,0.9745712918660288,1.5033714012303485,111.74486049387446,4.393459257646704e-06,0.5425976670745318
7.757894736842105,31.42857142857143,40,1.1,0.5288001093643199,0.9745712918660288,1.5033714012303485,102.66664677456191,5.731002576120553e-06,0.5425976670745318
7.757894736842105,31.42857142857143,40,1.2,0.5288001093643199,0.9745712918660288,1.5033714012303485,105.16374456813821,5.511388525659616e-06,0.5425976670745318
7.757894736842105,31.42857142857143,40,1.3,0.5288001093643199,0.9745712918660288,1.5033714012303485,107.49465184921638,5.321054398564479e-06,0.5425976670745318
7.757894736842105,31.42857142857143,40,1.4,0.5288001093643199,0.9745712918660288,1.5033714012303485,109.68224258275194,5.154006254539627e-06,0.5425976670745318
7.757894736842105,31.42857142857143,40,1.5,0.5288001093643199,0.9745712918660288,1.5033714012303485,111.74486049387446,5.0058319387562895e-06,0.5425976670745318
7.757894736842105,34.285714285714285,20,1.1,0.5020776486671223,0.9795071770334929,1.4815848257006152,102.66664677456191,4.281510128466532e-06,0.5125818987745452
7.757894736842105,34.285714285714285,20,1.2,0.5020776486671223,0.9795071770334929,1.4815848257006152,105.16374456813821,4.155971384847593e-06,0.5125818987745452
7.757894736842105,34.285714285714285,20,1.3,0.5020776486671223,0.9795071770334929,1.4815848257006152,107.49465184921638,4.0452539437680145e-06,0.5125818987745452
7.757894736842105,34.285714285714285,20,1.4,0.5020776486671223,0.9795071770334929,1.4815848257006152,109.68224258275194,3.946579336762959e-06,0.5125818987745452
7.757894736842105,34.285714285714285,20,1.5,0.5020776486671223,0.9795071770334929,1.4815848257006152,111.74486049387446,3.857851911773123e-06,0.5125818987745452
7.757894736842105,34.285714285714285,30,1.1,0.5020776486671223,0.9795071770334929,1.4815848257006152,102.66664677456191,4.870708931288591e-06,0.5125818987745452
7.757894736842105,34.285714285714285,30,1.2,0.5020776486671223,0.9795071770334929,1.4815848257006152,105.16374456813821,4.708893729087651e-06,0.5125818987745452
7.757894736842105,34.285714285714285,30,1.3,0.5020776486671223,0.9795071770334929,1.4815848257006152,107.49465184921638,4.56725821725504e-06,0.5125818987745452
7.757894736842105,34.285714285714285,30,1.4,0.5020776486671223,0.9795071770334929,1.4815848257006152,109.68224258275194,4.4418690285238734e-06,0.5125818987745452
7.757894736842105,34.285714285714285,30,1.5,0.5020776486671223,0.9795071770334929,1.4815848257006152,111.74486049387446,4.329790072590244e-06,0.5125818987745452
7.757894736842105,34.285714285714285,40,1.1,0.5020776486671223,0.9795071770334929,1.4815848257006152,102.66664677456191,5.647949964913793e-06,0.5125818987745452
7.757894736842105,34.285714285714285,40,1.2,0.5020776486671223,0.9795071770334929,1.4815848257006152,105.16374456813821,5.431518519957951e-06,0.5125818987745452
7.757894736842105,34.285714285714285,40,1.3,0.5020776486671223,0.9795071770334929,1.4815848257006152,107.49465184921638,5.243942679226683e-06,0.5125818987745452
7.757894736842105,34.285714285714285,40,1.4,0.5020776486671223,0.9795071770334929,1.4815848257006152,109.68224258275194,5.0793153654796455e-06,0.5125818987745452
7.757894736842105,34.285714285714285,40,1.5,0.5020776486671223,0.9795071770334929,1.4815848257006152,111.74486049387446,4.933288364005825e-06,0.5125818987745452
7.757894736842105,37.142857142857146,20,1.1,0.47535518796992476,0.984443062200957,1.4597982501708817,102.66664677456191,4.218550895773902e-06,0.4828671217481639
7.757894736842105,37.142857142857146,20,1.2,0.47535518796992476,0.984443062200957,1.4597982501708817,105.16374456813821,4.094858188421207e-06,0.4828671217481639
7.757894736842105,37.142857142857146,20,1.3,0.47535518796992476,0.984443062200957,1.4597982501708817,107.49465184921638,3.9857688376478315e-06,0.4828671217481639
7.757894736842105,37.142857142857146,20,1.4,0.47535518796992476,0.984443062200957,1.4597982501708817,109.68224258275194,3.888545232125169e-06,0.4828671217481639
7.757894736842105,37.142857142857146,20,1.5,0.47535518796992476,0.984443062200957,1.4597982501708817,111.74486049387446,3.8011225361745124e-06,0.4828671217481639
7.757894736842105,37.142857142857146,30,1.1,0.47535518796992476,0.984443062200957,1.4597982501708817,102.66664677456191,4.799085581633477e-06,0.4828671217481639
7.757894736842105,37.142857142857146,30,1.2,0.47535518796992476,0.984443062200957,1.4597982501708817,105.16374456813821,4.639649857855544e-06,0.4828671217481639
7.757894736842105,37.142857142857146,30,1.3,0.47535518796992476,0.984443062200957,1.4597982501708817,107.49465184921638,4.500097083860623e-06,0.4828671217481639
7.757894736842105,37.142857142857146,30,1.4,0.47535518796992476,0.984443062200957,1.4597982501708817,109.68224258275194,4.376551732204132e-06,0.4828671217481639
7.757894736842105,37.142857142857146,30,1.5,0.47535518796992476,0.984443062200957,1.4597982501708817,111.74486049387446,4.266120887533782e-06,0.4828671217481639
7.757894736842105,37.142857142857146,40,1.1,0.47535518796992476,0.984443062200957,1.4597982501708817,102.66664677456191,5.564897353707031e-06,0.4828671217481639
7.757894736842105,37.142857142857146,40,1.2,0.47535518796992476,0.984443062200957,1.4597982501708817,105.16374456813821,5.351648514256284e-06,0.4828671217481639
7.757894736842105,37.142857142857146,40,1.3,0.47535518796992476,0.984443062200957,1.4597982501708817,107.49465184921638,5.166830959888886e-06,0.4828671217481639
7.757894736842105,37.142857142857146,40,1.4,0.47535518796992476,0.984443062200957,1.4597982501708817,109.68224258275194,5.004624476419663e-06,0.4828671217481639
7.757894736842105,37.142857142857146,40,1.5,0.47535518796992476,0.984443062200957,1.4597982501708817,111.74486049387446,4.860744789255359e-06,0.4828671217481639
7.757894736842105,40.0,20,1.1,0.4486327272727273,0.9893789473684211,1.4380116746411484,102.66664677456191,4.1555916630812715e-06,0.4534488311743581
7.757894736842105,40.0,20,1.2,0.4486327272727273,0.9893789473684211,1.4380116746411484,105.16374456813821,4.033744991994823e-06,0.4534488311743581
7.757894736842105,40.0,20,1.3,0.4486327272727273,0.9893789473684211,1.4380116746411484,107.49465184921638,3.9262837315276485e-06,0.4534488311743581
7.757894736842105,40.0,20,1.4,0.4486327272727273,0.9893789473684211,1.4380116746411484,109.68224258275194,3.83051112748738e-06,0.4534488311743581
7.757894736842105,40.0,20,1.5,0.4486327272727273,0.9893789473684211,1.4380116746411484,111.74486049387446,3.7443931605759026e-06,0.4534488311743581
7.757894736842105,40.0,30,1.1,0.4486327272727273,0.9893789473684211,1.4380116746411484,102.66664677456191,4.727462231978364e-06,0.4534488311743581
7.757894736842105,40.0,30,1.2,0.4486327272727273,0.9893789473684211,1.4380116746411484,105.16374456813821,4.570405986623438e-06,0.4534488311743581
7.757894736842105,40.0,30,1.3,0.4486327272727273,0.9893789473684211,1.4380116746411484,107.49465184921638,4.432935950466207e-06,0.4534488311743581
7.757894736842105,40.0,30,1.4,0.4486327272727273,0.9893789473684211,1.4380116746411484,109.68224258275194,4.311234435884391e-06,0.4534488311743581
7.757894736842105,40.0,30,1.5,0.4486327272727273,0.9893789473684211,1.4380116746411484,111.74486049387446,4.202451702477321e-06,0.4534488311743581
7.757894736842105,40.0,40,1.1,0.4486327272727273,0.9893789473684211,1.4380116746411484,102.66664677456191,5.481844742500271e-06,0.4534488311743581
7.757894736842105,40.0,40,1.2,0.4486327272727273,0.9893789473684211,1.4380116746411484,105.16374456813821,5.271778508554619e-06,0.4534488311743581
7.757894736842105,40.0,40,1.3,0.4486327272727273,0.9893789473684211,1.4380116746411484,107.49465184921638,5.089719240551089e-06,0.4534488311743581
7.757894736842105,40.0,40,1.4,0.4486327272727273,0.9893789473684211,1.4380116746411484,109.68224258275194,4.9299335873596815e-06,0.4534488311743581
7.757894736842105,40.0,40,1.5,0.4486327272727273,0.9893789473684211,1.4380116746411484,111.74486049387446,4.788201214504894e-06,0.4534488311743581
7.842105263157895,0.0,20,1.1,0.830911961722488,0.9388803827751195,1.7697923444976076,102.66664677456191,5.1143773321691695e-06,0.8850030067371297
7.842105263157895,0.0,20,1.2,0.830911961722488,0.9388803827751195,1.7697923444976076,105.16374456813821,4.964417975444803e-06,0.8850030067371297
7.842105263157895,0.0,20,1.3,0.830911961722488,0.9388803827751195,1.7697923444976076,107.49465184921638,4.832163057450255e-06,0.8850030067371297
7.842105263157895,0.0,20,1.4,0.830911961722488,0.9388803827751195,1.7697923444976076,109.68224258275194,4.714293623959482e-06,0.8850030067371297
7.842105263157895,0.0,20,1.5,0.830911961722488,0.9388803827751195,1.7697923444976076,111.74486049387446,4.608306363041267e-06,0.8850030067371297
7.842105263157895,0.0,30,1.1,0.830911961722488,0.9388803827751195,1.7697923444976076,102.66664677456191,5.818190919169518e-06,0.8850030067371297
7.842105263157895,0.0,30,1.2,0.830911961722488,0.9388803827751195,1.7697923444976076,105.16374456813821,5.624898371142015e-06,0.8850030067371297
7.842105263157895,0.0,30,1.3,0.830911961722488,0.9388803827751195,1.7697923444976076,107.49465184921638,5.455710998132966e-06,0.8850030067371297
7.842105263157895,0.0,30,1.4,0.830911961722488,0.9388803827751195,1.7697923444976076,109.68224258275194,5.305930288686077e-06,0.8850030067371297
7.842105263157895,0.0,30,1.5,0.830911961722488,0.9388803827751195,1.7697923444976076,111.74486049387446,5.172049005110685e-06,0.8850030067371297
7.842105263157895,0.0,40,1.1,0.830911961722488,0.9388803827751195,1.7697923444976076,102.66664677456191,6.74662593502412e-06,0.8850030067371297
7.842105263157895,0.0,40,1.2,0.830911961722488,0.9388803827751195,1.7697923444976076,105.16374456813821,6.488092837393161e-06,0.8850030067371297
7.842105263157895,0.0,40,1.3,0.830911961722488,0.9388803827751195,1.7697923444976076,107.49465184921638,6.26402852384168e-06,0.8850030067371297
7.842105263157895,0.0,40,1.4,0.830911961722488,0.9388803827751195,1.7697923444976076,109.68224258275194,6.067376834035842e-06,0.8850030067371297
7.842105263157895,0.0,40,1.5,0.830911961722488,0.9388803827751195,1.7697923444976076,111.74486049387446,5.892943710251588e-06,0.8850030067371297
7.842105263157895,2.857142857142857,20,1.1,0.8036616541353384,0.9439138755980861,1.7475755297334246,102.66664677456191,5.050174786499783e-06,0.8514141754999834
7.842105263157895,2.857142857142857,20,1.2,0.8036616541353384,0.9439138755980861,1.7475755297334246,105.16374456813821,4.902097921391373e-06,0.8514141754999834
7.842105263157895,2.857142857142857,20,1.3,0.8036616541353384,0.9439138755980861,1.7475755297334246,107.49465184921638,4.771503245076518e-06,0.8514141754999834
7.842105263157895,2.857142857142857,20,1.4,0.8036616541353384,0.9439138755980861,1.7475755297334246,109.68224258275194,4.655113467308275e-06,0.8514141754999834
7.842105263157895,2.857142857142857,20,1.5,0.8036616541353384,0.9439138755980861,1.7475755297334246,111.74486049387446,4.550456701094992e-06,0.8514141754999834
7.842105263157895,2.857142857142857,30,1.1,0.8036616541353384,0.9439138755980861,1.7475755297334246,102.66664677456191,5.745153158374742e-06,0.8514141754999834
7.842105263157895,2.857142857142857,30,1.2,0.8036616541353384,0.9439138755980861,1.7475755297334246,105.16374456813821,5.554287078485253e-06,0.8514141754999834
7.842105263157895,2.857142857142857,30,1.3,0.8036616541353384,0.9439138755980861,1.7475755297334246,107.49465184921638,5.387223573023867e-06,0.8514141754999834
7.842105263157895,2.857142857142857,30,1.4,0.8036616541353384,0.9439138755980861,1.7475755297334246,109.68224258275194,5.239323112571939e-06,0.8514141754999834
7.842105263157895,2.857142857142857,30,1.5,0.8036616541353384,0.9439138755980861,1.7475755297334246,111.74486049387446,5.107122487005285e-06,0.8514141754999834
7.842105263157895,2.857142857142857,40,1.1,0.8036616541353384,0.9439138755980861,1.7475755297334246,102.66664677456191,6.661933208700788e-06,0.8514141754999834
7.842105263157895,2.857142857142857,40,1.2,0.8036616541353384,0.9439138755980861,1.7475755297334246,105.16374456813821,6.406645566367642e-06,0.8514141754999834
7.842105263157895,2.857142857142857,40,1.3,0.8036616541353384,0.9439138755980861,1.7475755297334246,107.49465184921638,6.185394009558449e-06,0.8514141754999834
7.842105263157895,2.857142857142857,40,1.4,0.8036616541353384,0.9439138755980861,1.7475755297334246,109.68224258275194,5.9912109563579534e-06,0.8514141754999834
7.842105263157895,2.857142857142857,40,1.5,0.8036616541353384,0.9439138755980861,1.7475755297334246,111.74486049387446,5.81896755184325e-06,0.8514141754999834
7.842105263157895,5.714285714285714,20,1.1,0.7764113465481887,0.9489473684210528,1.7253587149692415,102.66664677456191,4.985972240830396e-06,0.8181816741217739
7.842105263157895,5.714285714285714,20,1.2,0.7764113465481887,0.9489473684210528,1.7253587149692415,105.16374456813821,4.839777867337943e-06,0.8181816741217739
7.842105263157895,5.714285714285714,20,1.3,0.7764113465481887,0.9489473684210528,1.7253587149692415,107.49465184921638,4.710843432702781e-06,0.8181816741217739
7.842105263157895,5.714285714285714,20,1.4,0.7764113465481887,0.9489473684210528,1.7253587149692415,109.68224258275194,4.5959333106570666e-06,0.8181816741217739
7.842105263157895,5.714285714285714,20,1.5,0.7764113465481887,0.9489473684210528,1.7253587149692415,111.74486049387446,4.492607039148716e-06,0.8181816741217739
7.842105263157895,5.714285714285714,30,1.1,0.7764113465481887,0.9489473684210528,1.7253587149692415,102.66664677456191,5.672115397579967e-06,0.8181816741217739
7.842105263157895,5.714285714285714,30,1.2,0.7764113465481887,0.9489473684210528,1.7253587149692415,105.16374456813821,5.483675785828491e-06,0.8181816741217739
7.842105263157895,5.714285714285714,30,1.3,0.7764113465481887,0.9489473684210528,1.7253587149692415,107.49465184921638,5.318736147914769e-06,0.8181816741217739
7.842105263157895,5.714285714285714,30,1.4,0.7764113465481887,0.9489473684210528,1.7253587149692415,109.68224258275194,5.1727159364578e-06,0.8181816741217739
7.842105263157895,5.714285714285714,30,1.5,0.7764113465481887,0.9489473684210528,1.7253587149692415,111.74486049387446,5.042195968899886e-06,0.8181816741217739
7.842105263157895,5.714285714285714,40,1.1,0.7764113465481887,0.9489473684210528,1.7253587149692415,102.66664677456191,6.577240482377456e-06,0.8181816741217739
7.842105263157895,5.714285714285714,40,1.2,0.7764113465481887,0.9489473684210528,1.7253587149692415,105.16374456813821,6.325198295342122e-06,0.8181816741217739
7.842105263157895,5.714285714285714,40,1.3,0.7764113465481887,0.9489473684210528,1.7253587149692415,107.49465184921638,6.106759495275219e-06,0.8181816741217739
7.842105263157895,5.714285714285714,40,1.4,0.7764113465481887,0.9489473684210528,1.7253587149692415,109.68224258275194,5.915045078680064e-06,0.8181816741217739
7.842105263157895,5.714285714285714,40,1.5,0.7764113465481887,0.9489473684210528,1.7253587149692415,111.74486049387446,5.744991393434914e-06,0.8181816741217739
7.842105263157895,8.571428571428571,20,1.1,0.749161038961039,0.9539808612440192,1.703141900205058,102.66664677456191,4.921769695161007e-06,0.785299862288758
7.842105263157895,8.571428571428571,20,1.2,0.749161038961039,0.9539808612440192,1.703141900205058,105.16374456813821,4.777457813284511e-06,0.785299862288758
7.842105263157895,8.571428571428571,20,1.3,0.749161038961039,0.9539808612440192,1.703141900205058,107.49465184921638,4.650183620329043e-06,0.785299862288758
7.842105263157895,8.571428571428571,20,1.4,0.749161038961039,0.9539808612440192,1.703141900205058,109.68224258275194,4.536753154005858e-06,0.785299862288758
7.842105263157895,8.571428571428571,20,1.5,0.749161038961039,0.9539808612440192,1.703141900205058,111.74486049387446,4.4347573772024385e-06,0.785299862288758
7.842105263157895,8.571428571428571,30,1.1,0.749161038961039,0.9539808612440192,1.703141900205058,102.66664677456191,5.59907763678519e-06,0.785299862288758
7.842105263157895,8.571428571428571,30,1.2,0.749161038961039,0.9539808612440192,1.703141900205058,105.16374456813821,5.413064493171728e-06,0.785299862288758
7.842105263157895,8.571428571428571,30,1.3,0.749161038961039,0.9539808612440192,1.703141900205058,107.49465184921638,5.250248722805669e-06,0.785299862288758
7.842105263157895,8.571428571428571,30,1.4,0.749161038961039,0.9539808612440192,1.703141900205058,109.68224258275194,5.10610876034366e-06,0.785299862288758
7.842105263157895,8.571428571428571,30,1.5,0.749161038961039,0.9539808612440192,1.703141900205058,111.74486049387446,4.977269450794485e-06,0.785299862288758
7.842105263157895,8.571428571428571,40,1.1,0.749161038961039,0.9539808612440192,1.703141900205058,102.66664677456191,6.492547756054122e-06,0.785299862288758
7.842105263157895,8.571428571428571,40,1.2,0.749161038961039,0.9539808612440192,1.703141900205058,105.16374456813821,6.243751024316601e-06,0.785299862288758
7.842105263157895,8.571428571428571,40,1.3,0.749161038961039,0.9539808612440192,1.703141900205058,107.49465184921638,6.028124980991986e-06,0.785299862288758
7.842105263157895,8.571428571428571,40,1.4,0.749161038961039,0.9539808612440192,1.703141900205058,109.68224258275194,5.838879201002173e-06,0.785299862288758
7.842105263157895,8.571428571428571,40,1.5,0.749161038961039,0.9539808612440192,1.703141900205058,111.74486049387446,5.6710152350265755e-06,0.785299862288758
7.842105263157895,11.428571428571429,20,1.1,0.7219526999316472,0.9590471633629528,1.6809998632946002,102.66664677456191,4.857783243860674e-06,0.7527812265249599
7.842105263157895,11.428571428571429,20,1.2,0.7219526999316472,0.9590471633629528,1.6809998632946002,105.16374456813821,4.715347517467607e-06,0.7527812265249599
7.842105263157895,11.428571428571429,20,1.3,0.7219526999316472,0.9590471633629528,1.6809998632946002,107.49465184921638,4.589727978113127e-06,0.7527812265249599
7.842105263157895,11.428571428571429,20,1.4,0.7219526999316472,0.9590471633629528,1.6809998632946002,109.68224258275194,4.4777721872540325e-06,0.7527812265249599
7.842105263157895,11.428571428571429,20,1.5,0.7219526999316472,0.9590471633629528,1.6809998632946002,111.74486049387446,4.3771024269466086e-06,0.7527812265249599
7.842105263157895,11.428571428571429,30,1.1,0.7219526999316472,0.9590471633629528,1.6809998632946002,102.66664677456191,5.526285708124818e-06,0.7527812265249599
7.842105263157895,11.428571428571429,30,1.2,0.7219526999316472,0.9590471633629528,1.6809998632946002,105.16374456813821,5.342690865588456e-06,0.7527812265249599
7.842105263157895,11.428571428571429,30,1.3,0.7219526999316472,0.9590471633629528,1.6809998632946002,107.49465184921638,5.181991814209003e-06,0.7527812265249599
7.842105263157895,11.428571428571429,30,1.4,0.7219526999316472,0.9590471633629528,1.6809998632946002,109.68224258275194,5.0397257721576905e-06,0.7527812265249599
7.842105263157895,11.428571428571429,30,1.5,0.7219526999316472,0.9590471633629528,1.6809998632946002,111.74486049387446,4.912561463820811e-06,0.7527812265249599
7.842105263157895,11.428571428571429,40,1.1,0.7219526999316472,0.9590471633629528,1.6809998632946002,102.66664677456191,6.408140090409732e-06,0.7527812265249599
7.842105263157895,11.428571428571429,40,1.2,0.7219526999316472,0.9590471633629528,1.6809998632946002,105.16374456813821,6.1625778903437464e-06,0.7527812265249599
7.842105263157895,11.428571428571429,40,1.3,0.7219526999316472,0.9590471633629528,1.6809998632946002,107.49465184921638,5.949755136521653e-06,0.7527812265249599
7.842105263157895,11.428571428571429,40,1.4,0.7219526999316472,0.9590471633629528,1.6809998632946002,109.68224258275194,5.762969684144694e-06,0.7527812265249599
7.842105263157895,11.428571428571429,40,1.5,0.7219526999316472,0.9590471633629528,1.6809998632946002,111.74486049387446,5.597288067232389e-06,0.7527812265249599
7.842105263157895,14.285714285714286,20,1.1,0.6947863294600137,0.9641462747778539,1.6589326042378676,102.66664677456191,4.794012886929395e-06,0.7206233614501051
7.842105263157895,14.285714285714286,20,1.2,0.6947863294600137,0.9641462747778539,1.6589326042378676,105.16374456813821,4.6534469798872285e-06,0.7206233614501051
7.842105263157895,14.285714285714286,20,1.3,0.6947863294600137,0.9641462747778539,1.6589326042378676,107.49465184921638,4.529476506055032e-06,0.7206233614501051
7.842105263157895,14.285714285714286,20,1.4,0.6947863294600137,0.9641462747778539,1.6589326042378676,109.68224258275194,4.418990410401592e-06,0.7206233614501051
7.842105263157895,14.285714285714286,20,1.5,0.6947863294600137,0.9641462747778539,1.6589326042378676,111.74486049387446,4.319642188381226e-06,0.7206233614501051
7.842105263157895,14.285714285714286,30,1.1,0.6947863294600137,0.9641462747778539,1.6589326042378676,102.66664677456191,5.4537396115988495e-06,0.7206233614501051
7.842105263157895,14.285714285714286,30,1.2,0.6947863294600137,0.9641462747778539,1.6589326042378676,105.16374456813821,5.272554903078674e-06,0.7206233614501051
7.842105263157895,14.285714285714286,30,1.3,0.6947863294600137,0.9641462747778539,1.6589326042378676,107.49465184921638,5.113965422124772e-06,0.7206233614501051
7.842105263157895,14.285714285714286,30,1.4,0.6947863294600137,0.9641462747778539,1.6589326042378676,109.68224258275194,4.973566971899891e-06,0.7206233614501051
7.842105263157895,14.285714285714286,30,1.5,0.6947863294600137,0.9641462747778539,1.6589326042378676,111.74486049387446,4.848072007978865e-06,0.7206233614501051
7.842105263157895,14.285714285714286,40,1.1,0.6947863294600137,0.9641462747778539,1.6589326042378676,102.66664677456191,6.324017485444283e-06,0.7206233614501051
7.842105263157895,14.285714285714286,40,1.2,0.6947863294600137,0.9641462747778539,1.6589326042378676,105.16374456813821,6.081678893423557e-06,0.7206233614501051
7.842105263157895,14.285714285714286,40,1.3,0.6947863294600137,0.9641462747778539,1.6589326042378676,107.49465184921638,5.8716499618642185e-06,0.7206233614501051
7.842105263157895,14.285714285714286,40,1.4,0.6947863294600137,0.9641462747778539,1.6589326042378676,109.68224258275194,5.687316528107625e-06,0.7206233614501051
7.842105263157895,14.285714285714286,40,1.5,0.6947863294600137,0.9641462747778539,1.6589326042378676,111.74486049387446,5.523809890052354e-06,0.7206233614501051
7.842105263157895,17.142857142857142,20,1.1,0.66761995898838,0.9692453861927546,1.6368653451811346,102.66664677456191,4.7302425299981145e-06,0.688803855554913
7.842105263157895,17.142857142857142,20,1.2,0.66761995898838,0.9692453861927546,1.6368653451811346,105.16374456813821,4.591546442306849e-06,0.688803855554913
7.842105263157895,17.142857142857142,20,1.3,0.66761995898838,0.9692453861927546,1.6368653451811346,107.49465184921638,4.469225033996937e-06,0.688803855554913
7.842105263157895,17.142857142857142,20,1.4,0.66761995898838,0.9692453861927546,1.6368653451811346,109.68224258275194,4.36020863354915e-06,0.688803855554913
7.842105263157895,17.142857142857142,20,1.5,0.66761995898838,0.9692453861927546,1.6368653451811346,111.74486049387446,4.262181949815842e-06,0.688803855554913
7.842105263157895,17.142857142857142,30,1.1,0.66761995898838,0.9692453861927546,1.6368653451811346,102.66664677456191,5.38119351507288e-06,0.688803855554913
7.842105263157895,17.142857142857142,30,1.2,0.66761995898838,0.9692453861927546,1.6368653451811346,105.16374456813821,5.202418940568889e-06,0.688803855554913
7.842105263157895,17.142857142857142,30,1.3,0.66761995898838,0.9692453861927546,1.6368653451811346,107.49465184921638,5.045939030040539e-06,0.688803855554913
7.842105263157895,17.142857142857142,30,1.4,0.66761995898838,0.9692453861927546,1.6368653451811346,109.68224258275194,4.907408171642091e-06,0.688803855554913
7.842105263157895,17.142857142857142,30,1.5,0.66761995898838,0.9692453861927546,1.6368653451811346,111.74486049387446,4.7835825521369174e-06,0.688803855554913
7.842105263157895,17.142857142857142,40,1.1,0.66761995898838,0.9692453861927546,1.6368653451811346,102.66664677456191,6.239894880478832e-06,0.688803855554913
7.842105263157895,17.142857142857142,40,1.2,0.66761995898838,0.9692453861927546,1.6368653451811346,105.16374456813821,6.000779896503366e-06,0.688803855554913
7.842105263157895,17.142857142857142,40,1.3,0.66761995898838,0.9692453861927546,1.6368653451811346,107.49465184921638,5.793544787206782e-06,0.688803855554913
7.842105263157895,17.142857142857142,40,1.4,0.66761995898838,0.9692453861927546,1.6368653451811346,109.68224258275194,5.611663372070556e-06,0.688803855554913
7.842105263157895,17.142857142857142,40,1.5,0.66761995898838,0.9692453861927546,1.6368653451811346,111.74486049387446,5.450331712872318e-06,0.688803855554913
7.842105263157895,20.0,20,1.1,0.6404535885167464,0.9743444976076556,1.614798086124402,102.66664677456191,4.666472173066835e-06,0.6573173965566347
7.842105263157895,20.0,20,1.2,0.6404535885167464,0.9743444976076556,1.614798086124402,105.16374456813821,4.529645904726471e-06,0.6573173965566347
7.842105263157895,20.0,20,1.3,0.6404535885167464,0.9743444976076556,1.614798086124402,107.49465184921638,4.408973561938842e-06,0.6573173965566347
7.842105263157895,20.0,20,1.4,0.6404535885167464,0.9743444976076556,1.614798086124402,109.68224258275194,4.301426856696709e-06,0.6573173965566347
7.842105263157895,20.0,20,1.5,0.6404535885167464,0.9743444976076556,1.614798086124402,111.74486049387446,4.2047217112504594e-06,0.6573173965566347
7.842105263157895,20.0,30,1.1,0.6404535885167464,0.9743444976076556,1.614798086124402,102.66664677456191,5.308647418546912e-06,0.6573173965566347
7.842105263157895,20.0,30,1.2,0.6404535885167464,0.9743444976076556,1.614798086124402,105.16374456813821,5.1322829780591075e-06,0.6573173965566347
7.842105263157895,20.0,30,1.3,0.6404535885167464,0.9743444976076556,1.614798086124402,107.49465184921638,4.977912637956308e-06,0.6573173965566347
7.842105263157895,20.0,30,1.4,0.6404535885167464,0.9743444976076556,1.614798086124402,109.68224258275194,4.841249371384291e-06,0.6573173965566347
7.842105263157895,20.0,30,1.5,0.6404535885167464,0.9743444976076556,1.614798086124402,111.74486049387446,4.7190930962949705e-06,0.6573173965566347
7.842105263157895,20.0,40,1.1,0.6404535885167464,0.9743444976076556,1.614798086124402,102.66664677456191,6.155772275513383e-06,0.6573173965566347
7.842105263157895,20.0,40,1.2,0.6404535885167464,0.9743444976076556,1.614798086124402,105.16374456813821,5.919880899583178e-06,0.6573173965566347
7.842105263157895,20.0,40,1.3,0.6404535885167464,0.9743444976076556,1.614798086124402,107.49465184921638,5.715439612549347e-06,0.6573173965566347
7.842105263157895,20.0,40,1.4,0.6404535885167464,0.9743444976076556,1.614798086124402,109.68224258275194,5.536010216033487e-06,0.6573173965566347
7.842105263157895,20.0,40,1.5,0.6404535885167464,0.9743444976076556,1.614798086124402,111.74486049387446,5.376853535692282e-06,0.6573173965566347
7.842105263157895,22.857142857142858,20,1.1,0.6134228298017771,0.9794217361585782,1.5928445659603554,102.66664677456191,4.603030500806584e-06,0.6263112274878672
7.842105263157895,22.857142857142858,20,1.2,0.6134228298017771,0.9794217361585782,1.5928445659603554,105.16374456813821,4.4680644144089606e-06,0.6263112274878672
7.842105263157895,22.857142857142858,20,1.3,0.6134228298017771,0.9794217361585782,1.5928445659603554,107.49465184921638,4.349032637543099e-06,0.6263112274878672
7.842105263157895,22.857142857142858,20,1.4,0.6134228298017771,0.9794217361585782,1.5928445659603554,109.68224258275194,4.242948052415176e-06,0.6263112274878672
7.842105263157895,22.857142857142858,20,1.5,0.6134228298017771,0.9794217361585782,1.5928445659603554,111.74486049387446,4.147557633793762e-06,0.6263112274878672
7.842105263157895,22.857142857142858,30,1.1,0.6134228298017771,0.9794217361585782,1.5928445659603554,102.66664677456191,5.2364752385398166e-06,0.6263112274878672
7.842105263157895,22.857142857142858,30,1.2,0.6134228298017771,0.9794217361585782,1.5928445659603554,105.16374456813821,5.0625085097744495e-06,0.6263112274878672
7.842105263157895,22.857142857142858,30,1.3,0.6134228298017771,0.9794217361585782,1.5928445659603554,107.49465184921638,4.910236866965942e-06,0.6263112274878672
7.842105263157895,22.857142857142858,30,1.4,0.6134228298017771,0.9794217361585782,1.5928445659603554,109.68224258275194,4.7754315662932864e-06,0.6263112274878672
7.842105263157895,22.857142857142858,30,1.5,0.6134228298017771,0.9794217361585782,1.5928445659603554,111.74486049387446,4.654936031497989e-06,0.6263112274878672
7.842105263157895,22.857142857142858,40,1.1,0.6134228298017771,0.9794217361585782,1.5928445659603554,102.66664677456191,6.0720832546153545e-06,0.6263112274878672
7.842105263157895,22.857142857142858,40,1.2,0.6134228298017771,0.9794217361585782,1.5928445659603554,105.16374456813821,5.839398871635232e-06,0.6263112274878672
7.842105263157895,22.857142857142858,40,1.3,0.6134228298017771,0.9794217361585782,1.5928445659603554,107.49465184921638,5.637737006967472e-06,0.6263112274878672
7.842105263157895,22.857142857142858,40,1.4,0.6134228298017771,0.9794217361585782,1.5928445659603554,109.68224258275194,5.460746990896932e-06,0.6263112274878672
7.842105263157895,22.857142857142858,40,1.5,0.6134228298017771,0.9794217361585782,1.5928445659603554,111.74486049387446,5.30375407915388e-06,0.6263112274878672
7.842105263157895,25.714285714285715,20,1.1,0.5863920710868079,0.9844989747095011,1.570891045796309,102.66664677456191,4.539588828546333e-06,0.5956248672171917
7.842105263157895,25.714285714285715,20,1.2,0.5863920710868079,0.9844989747095011,1.570891045796309,105.16374456813821,4.406482924091451e-06,0.5956248672171917
7.842105263157895,25.714285714285715,20,1.3,0.5863920710868079,0.9844989747095011,1.570891045796309,107.49465184921638,4.289091713147357e-06,0.5956248672171917
7.842105263157895,25.714285714285715,20,1.4,0.5863920710868079,0.9844989747095011,1.570891045796309,109.68224258275194,4.184469248133644e-06,0.5956248672171917
7.842105263157895,25.714285714285715,20,1.5,0.5863920710868079,0.9844989747095011,1.570891045796309,111.74486049387446,4.0903935563370655e-06,0.5956248672171917
7.842105263157895,25.714285714285715,30,1.1,0.5863920710868079,0.9844989747095011,1.570891045796309,102.66664677456191,5.1643030585327224e-06,0.5956248672171917
7.842105263157895,25.714285714285715,30,1.2,0.5863920710868079,0.9844989747095011,1.570891045796309,105.16374456813821,4.9927340414897915e-06,0.5956248672171917
7.842105263157895,25.714285714285715,30,1.3,0.5863920710868079,0.9844989747095011,1.570891045796309,107.49465184921638,4.842561095975576e-06,0.5956248672171917
7.842105263157895,25.714285714285715,30,1.4,0.5863920710868079,0.9844989747095011,1.570891045796309,109.68224258275194,4.7096137612022825e-06,0.5956248672171917
7.842105263157895,25.714285714285715,30,1.5,0.5863920710868079,0.9844989747095011,1.570891045796309,111.74486049387446,4.590778966701009e-06,0.5956248672171917
7.842105263157895,25.714285714285715,40,1.1,0.5863920710868079,0.9844989747095011,1.570891045796309,102.66664677456191,5.988394233717327e-06,0.5956248672171917
7.842105263157895,25.714285714285715,40,1.2,0.5863920710868079,0.9844989747095011,1.570891045796309,105.16374456813821,5.758916843687287e-06,0.5956248672171917
7.842105263157895,25.714285714285715,40,1.3,0.5863920710868079,0.9844989747095011,1.570891045796309,107.49465184921638,5.560034401385596e-06,0.5956248672171917
7.842105263157895,25.714285714285715,40,1.4,0.5863920710868079,0.9844989747095011,1.570891045796309,109.68224258275194,5.385483765760378e-06,0.5956248672171917
7.842105263157895,25.714285714285715,40,1.5,0.5863920710868079,0.9844989747095011,1.570891045796309,111.74486049387446,5.230654622615479e-06,0.5956248672171917
7.842105263157895,28.571428571428573,20,1.1,0.5593613123718387,0.9895762132604238,1.5489375256322626,102.66664677456191,4.476147156286083e-06,0.5652533931963392
7.842105263157895,28.571428571428573,20,1.2,0.5593613123718387,0.9895762132604238,1.5489375256322626,105.16374456813821,4.344901433773941e-06,0.5652533931963392
7.842105263157895,28.571428571428573,20,1.3,0.5593613123718387,0.9895762132604238,1.5489375256322626,107.49465184921638,4.2291507887516146e-06,0.5652533931963392
7.842105263157895,28.571428571428573,20,1.4,0.5593613123718387,0.9895762132604238,1.5489375256322626,109.68224258275194,4.125990443852111e-06,0.5652533931963392
7.842105263157895,28.571428571428573,20,1.5,0.5593613123718387,0.9895762132604238,1.5489375256322626,111.74486049387446,4.033229478880369e-06,0.5652533931963392
7.842105263157895,28.571428571428573,30,1.1,0.5593613123718387,0.9895762132604238,1.5489375256322626,102.66664677456191,5.0921308785256275e-06,0.5652533931963392
7.842105263157895,28.571428571428573,30,1.2,0.5593613123718387,0.9895762132604238,1.5489375256322626,105.16374456813821,4.922959573205134e-06,0.5652533931963392
7.842105263157895,28.571428571428573,30,1.3,0.5593613123718387,0.9895762132604238,1.5489375256322626,107.49465184921638,4.7748853249852115e-06,0.5652533931963392
7.842105263157895,28.571428571428573,30,1.4,0.5593613123718387,0.9895762132604238,1.5489375256322626,109.68224258275194,4.643795956111279e-06,0.5652533931963392
7.842105263157895,28.571428571428573,30,1.5,0.5593613123718387,0.9895762132604238,1.5489375256322626,111.74486049387446,4.526621901904028e-06,0.5652533931963392
7.842105263157895,28.571428571428573,40,1.1,0.5593613123718387,0.9895762132604238,1.5489375256322626,102.66664677456191,5.904705212819298e-06,0.5652533931963392
7.842105263157895,28.571428571428573,40,1.2,0.5593613123718387,0.9895762132604238,1.5489375256322626,105.16374456813821,5.6784348157393415e-06,0.5652533931963392
7.842105263157895,28.571428571428573,40,1.3,0.5593613123718387,0.9895762132604238,1.5489375256322626,107.49465184921638,5.482331795803721e-06,0.5652533931963392
7.842105263157895,28.571428571428573,40,1.4,0.5593613123718387,0.9895762132604238,1.5489375256322626,109.68224258275194,5.310220540623823e-06,0.5652533931963392
7.842105263157895,28.571428571428573,40,1.5,0.5593613123718387,0.9895762132604238,1.5489375256322626,111.74486049387446,5.157555166077077e-06,0.5652533931963392
7.842105263157895,31.42857142857143,20,1.1,0.5324445659603555,0.994587149692413,1.5270317156527686,102.66664677456191,4.412843357764041e-06,0.5353422936592533
7.842105263157895,31.42857142857143,20,1.2,0.5324445659603555,0.994587149692413,1.5270317156527686,105.16374456813821,4.283453774579919e-06,0.5353422936592533
7.842105263157895,31.42857142857143,20,1.3,0.5324445659603555,0.994587149692413,1.5270317156527686,107.49465184921638,4.169340130142124e-06,0.5353422936592533
7.842105263157895,31.42857142857143,20,1.4,0.5324445659603555,0.994587149692413,1.5270317156527686,109.68224258275194,4.067638727824482e-06,0.5353422936592533
7.842105263157895,31.42857142857143,20,1.5,0.5324445659603555,0.994587149692413,1.5270317156527686,111.74486049387446,3.976189632465658e-06,0.5353422936592533
7.842105263157895,31.42857142857143,30,1.1,0.5324445659603555,0.994587149692413,1.5270317156527686,102.66664677456191,5.020115545712147e-06,0.5353422936592533
7.842105263157895,31.42857142857143,30,1.2,0.5324445659603555,0.994587149692413,1.5270317156527686,105.16374456813821,4.853336741320199e-06,0.5353422936592533
7.842105263157895,31.42857142857143,30,1.3,0.5324445659603555,0.994587149692413,1.5270317156527686,107.49465184921638,4.707356629429653e-06,0.5353422936592533
7.842105263157895,31.42857142857143,30,1.4,0.5324445659603555,0.994587149692413,1.5270317156527686,109.68224258275194,4.578121188656347e-06,0.5353422936592533
7.842105263157895,31.42857142857143,30,1.5,0.5324445659603555,0.994587149692413,1.5270317156527686,111.74486049387446,4.462604265562208e-06,0.5353422936592533
7.842105263157895,31.42857142857143,40,1.1,0.5324445659603555,0.994587149692413,1.5270317156527686,102.66664677456191,5.821198067930321e-06,0.5353422936592533
7.842105263157895,31.42857142857143,40,1.2,0.5324445659603555,0.994587149692413,1.5270317156527686,105.16374456813821,5.598127694247302e-06,0.5353422936592533
7.842105263157895,31.42857142857143,40,1.3,0.5324445659603555,0.994587149692413,1.5270317156527686,107.49465184921638,5.404798056336474e-06,0.5353422936592533
7.842105263157895,31.42857142857143,40,1.4,0.5324445659603555,0.994587149692413,1.5270317156527686,109.68224258275194,5.235120880252028e-06,0.5353422936592533
7.842105263157895,31.42857142857143,40,1.5,0.5324445659603555,0.994587149692413,1.5270317156527686,111.74486049387446,5.0846145719232075e-06,0.5353422936592533
7.842105263157895,34.285714285714285,20,1.1,0.5056418318523582,0.9995317840054682,1.5051736158578264,102.66664677456191,4.349677432980205e-06,0.5058786923474081
7.842105263157895,34.285714285714285,20,1.2,0.5056418318523582,0.9995317840054682,1.5051736158578264,105.16374456813821,4.222139946509383e-06,0.5058786923474081
7.842105263157895,34.285714285714285,20,1.3,0.5056418318523582,0.9995317840054682,1.5051736158578264,107.49465184921638,4.109659737318884e-06,0.5058786923474081
7.842105263157895,34.285714285714285,20,1.4,0.5056418318523582,0.9995317840054682,1.5051736158578264,109.68224258275194,4.009414100050754e-06,0.5058786923474081
7.842105263157895,34.285714285714285,20,1.5,0.5056418318523582,0.9995317840054682,1.5051736158578264,111.74486049387446,3.9192740170929305e-06,0.5058786923474081
7.842105263157895,34.285714285714285,30,1.1,0.5056418318523582,0.9995317840054682,1.5051736158578264,102.66664677456191,4.9482570600922785e-06,0.5058786923474081
7.842105263157895,34.285714285714285,30,1.2,0.5056418318523582,0.9995317840054682,1.5051736158578264,105.16374456813821,4.783865545834984e-06,0.5058786923474081
7.842105263157895,34.285714285714285,30,1.3,0.5056418318523582,0.9995317840054682,1.5051736158578264,107.49465184921638,4.6399750093089e-06,0.5058786923474081
7.842105263157895,34.285714285714285,30,1.4,0.5056418318523582,0.9995317840054682,1.5051736158578264,109.68224258275194,4.5125894588374855e-06,0.5058786923474081
7.842105263157895,34.285714285714285,30,1.5,0.5056418318523582,0.9995317840054682,1.5051736158578264,111.74486049387446,4.398726057675546e-06,0.5058786923474081
7.842105263157895,34.285714285714285,40,1.1,0.5056418318523582,0.9995317840054682,1.5051736158578264,102.66664677456191,5.737872799050392e-06,0.5058786923474081
7.842105263157895,34.285714285714285,40,1.2,0.5056418318523582,0.9995317840054682,1.5051736158578264,105.16374456813821,5.517995479211166e-06,0.5058786923474081
7.842105263157895,34.285714285714285,40,1.3,0.5056418318523582,0.9995317840054682,1.5051736158578264,107.49465184921638,5.327433182983852e-06,0.5058786923474081
7.842105263157895,34.285714285714285,40,1.4,0.5056418318523582,0.9995317840054682,1.5051736158578264,109.68224258275194,5.16018478464499e-06,0.5058786923474081
7.842105263157895,34.285714285714285,40,1.5,0.5056418318523582,0.9995317840054682,1.5051736158578264,111.74486049387446,5.0118328401538675e-06,0.5058786923474081
7.842105263157895,37.142857142857146,20,1.1,0.4788390977443609,1.0044764183185237,1.4833155160628846,102.66664677456191,4.28651150819637e-06,0.47670516600671353
7.842105263157895,37.142857142857146,20,1.2,0.4788390977443609,1.0044764183185237,1.4833155160628846,105.16374456813821,4.160826118438848e-06,0.47670516600671353
7.842105263157895,37.142857142857146,20,1.3,0.4788390977443609,1.0044764183185237,1.4833155160628846,107.49465184921638,4.0499793444956445e-06,0.47670516600671353
7.842105263157895,37.142857142857146,20,1.4,0.4788390977443609,1.0044764183185237,1.4833155160628846,109.68224258275194,3.9511894722770275e-06,0.47670516600671353
7.842105263157895,37.142857142857146,20,1.5,0.4788390977443609,1.0044764183185237,1.4833155160628846,111.74486049387446,3.862358401720204e-06,0.47670516600671353
7.842105263157895,37.142857142857146,30,1.1,0.4788390977443609,1.0044764183185237,1.4833155160628846,102.66664677456191,4.876398574472412e-06,0.47670516600671353
7.842105263157895,37.142857142857146,30,1.2,0.4788390977443609,1.0044764183185237,1.4833155160628846,105.16374456813821,4.7143943503497706e-06,0.47670516600671353
7.842105263157895,37.142857142857146,30,1.3,0.4788390977443609,1.0044764183185237,1.4833155160628846,107.49465184921638,4.572593389188149e-06,0.47670516600671353
7.842105263157895,37.142857142857146,30,1.4,0.4788390977443609,1.0044764183185237,1.4833155160628846,109.68224258275194,4.447057729018625e-06,0.47670516600671353
7.842105263157895,37.142857142857146,30,1.5,0.4788390977443609,1.0044764183185237,1.4833155160628846,111.74486049387446,4.334847849788885e-06,0.47670516600671353
7.842105263157895,37.142857142857146,40,1.1,0.4788390977443609,1.0044764183185237,1.4833155160628846,102.66664677456191,5.6545475301704655e-06,0.47670516600671353
7.842105263157895,37.142857142857146,40,1.2,0.4788390977443609,1.0044764183185237,1.4833155160628846,105.16374456813821,5.4378632641750315e-06,0.47670516600671353
7.842105263157895,37.142857142857146,40,1.3,0.4788390977443609,1.0044764183185237,1.4833155160628846,107.49465184921638,5.250068309631233e-06,0.47670516600671353
7.842105263157895,37.142857142857146,40,1.4,0.4788390977443609,1.0044764183185237,1.4833155160628846,109.68224258275194,5.085248689037955e-06,0.47670516600671353
7.842105263157895,37.142857142857146,40,1.5,0.4788390977443609,1.0044764183185237,1.4833155160628846,111.74486049387446,4.939051108384529e-06,0.47670516600671353
7.842105263157895,40.0,20,1.1,0.4520363636363636,1.009421052631579,1.4614574162679426,102.66664677456191,4.223345583412535e-06,0.44781745185311583
7.842105263157895,40.0,20,1.2,0.4520363636363636,1.009421052631579,1.4614574162679426,105.16374456813821,4.099512290368313e-06,0.44781745185311583
7.842105263157895,40.0,20,1.3,0.4520363636363636,1.009421052631579,1.4614574162679426,107.49465184921638,3.990298951672405e-06,0.44781745185311583
7.842105263157895,40.0,20,1.4,0.4520363636363636,1.009421052631579,1.4614574162679426,109.68224258275194,3.892964844503301e-06,0.44781745185311583
7.842105263157895,40.0,20,1.5,0.4520363636363636,1.009421052631579,1.4614574162679426,111.74486049387446,3.805442786347477e-06,0.44781745185311583
7.842105263157895,40.0,30,1.1,0.4520363636363636,1.009421052631579,1.4614574162679426,102.66664677456191,4.804540088852545e-06,0.44781745185311583
7.842105263157895,40.0,30,1.2,0.4520363636363636,1.009421052631579,1.4614574162679426,105.16374456813821,4.6449231548645565e-06,0.44781745185311583
7.842105263157895,40.0,30,1.3,0.4520363636363636,1.009421052631579,1.4614574162679426,107.49465184921638,4.505211769067397e-06,0.44781745185311583
7.842105263157895,40.0,30,1.4,0.4520363636363636,1.009421052631579,1.4614574162679426,109.68224258275194,4.381525999199764e-06,0.44781745185311583
7.842105263157895,40.0,30,1.5,0.4520363636363636,1.009421052631579,1.4614574162679426,111.74486049387446,4.270969641902224e-06,0.44781745185311583
7.842105263157895,40.0,40,1.1,0.4520363636363636,1.009421052631579,1.4614574162679426,102.66664677456191,5.571222261290537e-06,0.44781745185311583
7.842105263157895,40.0,40,1.2,0.4520363636363636,1.009421052631579,1.4614574162679426,105.16374456813821,5.357731049138896e-06,0.44781745185311583
7.842105263157895,40.0,40,1.3,0.4520363636363636,1.009421052631579,1.4614574162679426,107.49465184921638,5.172703436278612e-06,0.44781745185311583
7.842105263157895,40.0,40,1.4,0.4520363636363636,1.009421052631579,1.4614574162679426,109.68224258275194,5.010312593430917e-06,0.44781745185311583
7.842105263157895,40.0,40,1.5,0.4520363636363636,1.009421052631579,1.4614574162679426,111.74486049387446,4.86626937661519e-06,0.44781745185311583
7.9263157894736835,0.0,20,1.1,0.8353031578947369,0.9589684210526314,1.7942715789473682,102.66664677456191,5.185117858405455e-06,0.8710434458079956
7.9263157894736835,0.0,20,1.2,0.8353031578947369,0.9589684210526314,1.7942715789473682,105.16374456813821,5.033084309043402e-06,0.8710434458079956
7.9263157894736835,0.0,20,1.3,0.8353031578947369,0.9589684210526314,1.7942715789473682,107.49465184921638,4.899000080873121e-06,0.8710434458079956
7.9263157894736835,0.0,20,1.4,0.8353031578947369,0.9589684210526314,1.7942715789473682,109.68224258275194,4.779500312893757e-06,0.8710434458079956
7.9263157894736835,0.0,20,1.5,0.8353031578947369,0.9589684210526314,1.7942715789473682,111.74486049387446,4.672047068117735e-06,0.8710434458079956
7.9263157894736835,0.0,30,1.1,0.8353031578947369,0.9589684210526314,1.7942715789473682,102.66664677456191,5.898666382873848e-06,0.8710434458079956
7.9263157894736835,0.0,30,1.2,0.8353031578947369,0.9589684210526314,1.7942715789473682,105.16374456813821,5.702700270563356e-06,0.8710434458079956
7.9263157894736835,0.0,30,1.3,0.8353031578947369,0.9589684210526314,1.7942715789473682,107.49465184921638,5.531172748788999e-06,0.8710434458079956
7.9263157894736835,0.0,30,1.4,0.8353031578947369,0.9589684210526314,1.7942715789473682,109.68224258275194,5.379320317699737e-06,0.8710434458079956
7.9263157894736835,0.0,30,1.5,0.8353031578947369,0.9589684210526314,1.7942715789473682,111.74486049387446,5.243587228549941e-06,0.8710434458079956
7.9263157894736835,0.0,40,1.1,0.8353031578947369,0.9589684210526314,1.7942715789473682,102.66664677456191,6.839943232119319e-06,0.8710434458079956
7.9263157894736835,0.0,40,1.2,0.8353031578947369,0.9589684210526314,1.7942715789473682,105.16374456813821,6.577834182581003e-06,0.8710434458079956
7.9263157894736835,0.0,40,1.3,0.8353031578947369,0.9589684210526314,1.7942715789473682,107.49465184921638,6.350670678957701e-06,0.8710434458079956
7.9263157894736835,0.0,40,1.4,0.8353031578947369,0.9589684210526314,1.7942715789473682,109.68224258275194,6.151298962231946e-06,0.8710434458079956
7.9263157894736835,0.0,40,1.5,0.8353031578947369,0.9589684210526314,1.7942715789473682,111.74486049387446,5.974453132038266e-06,0.8710434458079956
7.9263157894736835,2.857142857142857,20,1.1,0.8079563909774435,0.963990977443609,1.7719473684210525,102.66664677456191,5.120604958556308e-06,0.8381368808243923
7.9263157894736835,2.857142857142857,20,1.2,0.8079563909774435,0.963990977443609,1.7719473684210525,105.16374456813821,4.970463000747532e-06,0.8381368808243923
7.9263157894736835,2.857142857142857,20,1.3,0.8079563909774435,0.963990977443609,1.7719473684210525,107.49465184921638,4.838047039841278e-06,0.8381368808243923
7.9263157894736835,2.857142857142857,20,1.4,0.8079563909774435,0.963990977443609,1.7719473684210525,109.68224258275194,4.720034080218864e-06,0.8381368808243923
7.9263157894736835,2.857142857142857,20,1.5,0.8079563909774435,0.963990977443609,1.7719473684210525,111.74486049387446,4.613917761739987e-06,0.8381368808243923
7.9263157894736835,2.857142857142857,30,1.1,0.8079563909774435,0.963990977443609,1.7719473684210525,102.66664677456191,5.825275558596828e-06,0.8381368808243923
7.9263157894736835,2.857142857142857,30,1.2,0.8079563909774435,0.963990977443609,1.7719473684210525,105.16374456813821,5.631747643936331e-06,0.8381368808243923
7.9263157894736835,2.857142857142857,30,1.3,0.8079563909774435,0.963990977443609,1.7719473684210525,107.49465184921638,5.46235425645473e-06,0.8381368808243923
7.9263157894736835,2.857142857142857,30,1.4,0.8079563909774435,0.963990977443609,1.7719473684210525,109.68224258275194,5.312391163456951e-06,0.8381368808243923
7.9263157894736835,2.857142857142857,30,1.5,0.8079563909774435,0.963990977443609,1.7719473684210525,111.74486049387446,5.178346856592468e-06,0.8381368808243923
7.9263157894736835,2.857142857142857,40,1.1,0.8079563909774435,0.963990977443609,1.7719473684210525,102.66664677456191,6.754841102378479e-06,0.8381368808243923
7.9263157894736835,2.857142857142857,40,1.2,0.8079563909774435,0.963990977443609,1.7719473684210525,105.16374456813821,6.495993196622076e-06,0.8381368808243923
7.9263157894736835,2.857142857142857,40,1.3,0.8079563909774435,0.963990977443609,1.7719473684210525,107.49465184921638,6.271656046566586e-06,0.8381368808243923
7.9263157894736835,2.857142857142857,40,1.4,0.8079563909774435,0.963990977443609,1.7719473684210525,109.68224258275194,6.074764899799916e-06,0.8381368808243923
7.9263157894736835,2.857142857142857,40,1.5,0.8079563909774435,0.963990977443609,1.7719473684210525,111.74486049387446,5.900119373947156e-06,0.8381368808243923
7.9263157894736835,5.714285714285714,20,1.1,0.7806096240601503,0.9690135338345863,1.7496231578947365,102.66664677456191,5.05609205870716e-06,0.8055714361089644
7.9263157894736835,5.714285714285714,20,1.2,0.7806096240601503,0.9690135338345863,1.7496231578947365,105.16374456813821,4.907841692451661e-06,0.8055714361089644
7.9263157894736835,5.714285714285714,20,1.3,0.7806096240601503,0.9690135338345863,1.7496231578947365,107.49465184921638,4.777093998809434e-06,0.8055714361089644
7.9263157894736835,5.714285714285714,20,1.4,0.7806096240601503,0.9690135338345863,1.7496231578947365,109.68224258275194,4.6605678475439695e-06,0.8055714361089644
7.9263157894736835,5.714285714285714,20,1.5,0.7806096240601503,0.9690135338345863,1.7496231578947365,111.74486049387446,4.5557884553622385e-06,0.8055714361089644
7.9263157894736835,5.714285714285714,30,1.1,0.7806096240601503,0.9690135338345863,1.7496231578947365,102.66664677456191,5.751884734319807e-06,0.8055714361089644
7.9263157894736835,5.714285714285714,30,1.2,0.7806096240601503,0.9690135338345863,1.7496231578947365,105.16374456813821,5.560795017309306e-06,0.8055714361089644
7.9263157894736835,5.714285714285714,30,1.3,0.7806096240601503,0.9690135338345863,1.7496231578947365,107.49465184921638,5.393535764120461e-06,0.8055714361089644
7.9263157894736835,5.714285714285714,30,1.4,0.7806096240601503,0.9690135338345863,1.7496231578947365,109.68224258275194,5.2454620092141635e-06,0.8055714361089644
7.9263157894736835,5.714285714285714,30,1.5,0.7806096240601503,0.9690135338345863,1.7496231578947365,111.74486049387446,5.113106484634994e-06,0.8055714361089644
7.9263157894736835,5.714285714285714,40,1.1,0.7806096240601503,0.9690135338345863,1.7496231578947365,102.66664677456191,6.669738972637638e-06,0.8055714361089644
7.9263157894736835,5.714285714285714,40,1.2,0.7806096240601503,0.9690135338345863,1.7496231578947365,105.16374456813821,6.414152210663148e-06,0.8055714361089644
7.9263157894736835,5.714285714285714,40,1.3,0.7806096240601503,0.9690135338345863,1.7496231578947365,107.49465184921638,6.19264141417547e-06,0.8055714361089644
7.9263157894736835,5.714285714285714,40,1.4,0.7806096240601503,0.9690135338345863,1.7496231578947365,109.68224258275194,5.998230837367886e-06,0.8055714361089644
7.9263157894736835,5.714285714285714,40,1.5,0.7806096240601503,0.9690135338345863,1.7496231578947365,111.74486049387446,5.825785615856045e-06,0.8055714361089644
7.9263157894736835,8.571428571428571,20,1.1,0.7532628571428571,0.9740360902255638,1.7272989473684208,102.66664677456191,4.991579158858013e-06,0.7733418347655057
7.9263157894736835,8.571428571428571,20,1.2,0.7532628571428571,0.9740360902255638,1.7272989473684208,105.16374456813821,4.8452203841557906e-06,0.7733418347655057
7.9263157894736835,8.571428571428571,20,1.3,0.7532628571428571,0.9740360902255638,1.7272989473684208,107.49465184921638,4.7161409577775905e-06,0.7733418347655057
7.9263157894736835,8.571428571428571,20,1.4,0.7532628571428571,0.9740360902255638,1.7272989473684208,109.68224258275194,4.601101614869077e-06,0.7733418347655057
7.9263157894736835,8.571428571428571,20,1.5,0.7532628571428571,0.9740360902255638,1.7272989473684208,111.74486049387446,4.497659148984491e-06,0.7733418347655057
7.9263157894736835,8.571428571428571,30,1.1,0.7532628571428571,0.9740360902255638,1.7272989473684208,102.66664677456191,5.678493910042788e-06,0.7733418347655057
7.9263157894736835,8.571428571428571,30,1.2,0.7532628571428571,0.9740360902255638,1.7272989473684208,105.16374456813821,5.489842390682282e-06,0.7733418347655057
7.9263157894736835,8.571428571428571,30,1.3,0.7532628571428571,0.9740360902255638,1.7272989473684208,107.49465184921638,5.324717271786191e-06,0.7733418347655057
7.9263157894736835,8.571428571428571,30,1.4,0.7532628571428571,0.9740360902255638,1.7272989473684208,109.68224258275194,5.178532854971377e-06,0.7733418347655057
7.9263157894736835,8.571428571428571,30,1.5,0.7532628571428571,0.9740360902255638,1.7272989473684208,111.74486049387446,5.04786611267752e-06,0.7733418347655057
7.9263157894736835,8.571428571428571,40,1.1,0.7532628571428571,0.9740360902255638,1.7272989473684208,102.66664677456191,6.584636842896799e-06,0.7733418347655057
7.9263157894736835,8.571428571428571,40,1.2,0.7532628571428571,0.9740360902255638,1.7272989473684208,105.16374456813821,6.33231122470422e-06,0.7733418347655057
7.9263157894736835,8.571428571428571,40,1.3,0.7532628571428571,0.9740360902255638,1.7272989473684208,107.49465184921638,6.113626781784355e-06,0.7733418347655057
7.9263157894736835,8.571428571428571,40,1.4,0.7532628571428571,0.9740360902255638,1.7272989473684208,109.68224258275194,5.921696774935857e-06,0.7733418347655057
7.9263157894736835,8.571428571428571,40,1.5,0.7532628571428571,0.9740360902255638,1.7272989473684208,111.74486049387446,5.751451857764934e-06,0.7733418347655057
7.9263157894736835,11.428571428571429,20,1.1,0.7259765413533834,0.9790947368421051,1.7050712781954886,102.66664677456191,4.9273452459255495e-06,0.741477319850468
7.9263157894736835,11.428571428571429,20,1.2,0.7259765413533834,0.9790947368421051,1.7050712781954886,105.16374456813821,4.782869882563092e-06,0.741477319850468
7.9263157894736835,11.428571428571429,20,1.3,0.7259765413533834,0.9790947368421051,1.7050712781954886,107.49465184921638,4.655451509004346e-06,0.741477319850468
7.9263157894736835,11.428571428571429,20,1.4,0.7259765413533834,0.9790947368421051,1.7050712781954886,109.68224258275194,4.541892544729731e-06,0.741477319850468
7.9263157894736835,11.428571428571429,20,1.5,0.7259765413533834,0.9790947368421051,1.7050712781954886,111.74486049387446,4.4397812235862565e-06,0.741477319850468
7.9263157894736835,11.428571428571429,30,1.1,0.7259765413533834,0.9790947368421051,1.7050712781954886,102.66664677456191,5.605420465387918e-06,0.741477319850468
7.9263157894736835,11.428571428571429,30,1.2,0.7259765413533834,0.9790947368421051,1.7050712781954886,105.16374456813821,5.419196599658363e-06,0.741477319850468
7.9263157894736835,11.428571428571429,30,1.3,0.7259765413533834,0.9790947368421051,1.7050712781954886,107.49465184921638,5.256196385962125e-06,0.741477319850468
7.9263157894736835,11.428571428571429,30,1.4,0.7259765413533834,0.9790947368421051,1.7050712781954886,109.68224258275194,5.111893136770407e-06,0.741477319850468
7.9263157894736835,11.428571428571429,30,1.5,0.7259765413533834,0.9790947368421051,1.7050712781954886,111.74486049387446,4.982907873599801e-06,0.741477319850468
7.9263157894736835,11.428571428571429,40,1.1,0.7259765413533834,0.9790947368421051,1.7050712781954886,102.66664677456191,6.499902738478571e-06,0.741477319850468
7.9263157894736835,11.428571428571429,40,1.2,0.7259765413533834,0.9790947368421051,1.7050712781954886,105.16374456813821,6.25082416120707e-06,0.741477319850468
7.9263157894736835,11.428571428571429,40,1.3,0.7259765413533834,0.9790947368421051,1.7050712781954886,107.49465184921638,6.034953849250404e-06,0.741477319850468
7.9263157894736835,11.428571428571429,40,1.4,0.7259765413533834,0.9790947368421051,1.7050712781954886,109.68224258275194,5.845493685102318e-06,0.741477319850468
7.9263157894736835,11.428571428571429,40,1.5,0.7259765413533834,0.9790947368421051,1.7050712781954886,111.74486049387446,5.677439557026134e-06,0.741477319850468
7.9263157894736835,14.285714285714286,20,1.1,0.6987506766917293,0.9841894736842105,1.6829401503759398,102.66664677456191,4.863390319909769e-06,0.7099757672433024
7.9263157894736835,14.285714285714286,20,1.2,0.6987506766917293,0.9841894736842105,1.6829401503759398,105.16374456813821,4.720790187673563e-06,0.7099757672433024
7.9263157894736835,14.285714285714286,20,1.3,0.6987506766917293,0.9841894736842105,1.6829401503759398,107.49465184921638,4.595025652489698e-06,0.7099757672433024
7.9263157894736835,14.285714285714286,20,1.4,0.6987506766917293,0.9841894736842105,1.6829401503759398,109.68224258275194,4.482940637125934e-06,0.7099757672433024
7.9263157894736835,14.285714285714286,20,1.5,0.6987506766917293,0.9841894736842105,1.6829401503759398,111.74486049387446,4.3821546791675336e-06,0.7099757672433024
7.9263157894736835,14.285714285714286,30,1.1,0.6987506766917293,0.9841894736842105,1.6829401503759398,102.66664677456191,5.532664400355197e-06,0.7099757672433024
7.9263157894736835,14.285714285714286,30,1.2,0.6987506766917293,0.9841894736842105,1.6829401503759398,105.16374456813821,5.3488576442375485e-06,0.7099757672433024
7.9263157894736835,14.285714285714286,30,1.3,0.6987506766917293,0.9841894736842105,1.6829401503759398,107.49465184921638,5.187973106648261e-06,0.7099757672433024
7.9263157894736835,14.285714285714286,30,1.4,0.6987506766917293,0.9841894736842105,1.6829401503759398,109.68224258275194,5.045542854611253e-06,0.7099757672433024
7.9263157894736835,14.285714285714286,30,1.5,0.6987506766917293,0.9841894736842105,1.6829401503759398,111.74486049387446,4.9182317674018345e-06,0.7099757672433024
7.9263157894736835,14.285714285714286,40,1.1,0.6987506766917293,0.9841894736842105,1.6829401503759398,102.66664677456191,6.4155366593829545e-06,0.7099757672433024
7.9263157894736835,14.285714285714286,40,1.2,0.6987506766917293,0.9841894736842105,1.6829401503759398,105.16374456813821,6.169691020171697e-06,0.7099757672433024
7.9263157894736835,14.285714285714286,40,1.3,0.6987506766917293,0.9841894736842105,1.6829401503759398,107.49465184921638,5.9566226165736155e-06,0.7099757672433024
7.9263157894736835,14.285714285714286,40,1.4,0.6987506766917293,0.9841894736842105,1.6829401503759398,109.68224258275194,5.7696215678672675e-06,0.7099757672433024
7.9263157894736835,14.285714285714286,40,1.5,0.6987506766917293,0.9841894736842105,1.6829401503759398,111.74486049387446,5.603748713639642e-06,0.7099757672433024
7.9263157894736835,17.142857142857142,20,1.1,0.6715248120300752,0.9892842105263157,1.660809022556391,102.66664677456191,4.799435393893988e-06,0.6787986757342592
7.9263157894736835,17.142857142857142,20,1.2,0.6715248120300752,0.9892842105263157,1.660809022556391,105.16374456813821,4.658710492784034e-06,0.6787986757342592
7.9263157894736835,17.142857142857142,20,1.3,0.6715248120300752,0.9892842105263157,1.660809022556391,107.49465184921638,4.534599795975051e-06,0.6787986757342592
7.9263157894736835,17.142857142857142,20,1.4,0.6715248120300752,0.9892842105263157,1.660809022556391,109.68224258275194,4.423988729522136e-06,0.6787986757342592
7.9263157894736835,17.142857142857142,20,1.5,0.6715248120300752,0.9892842105263157,1.660809022556391,111.74486049387446,4.3245281347488115e-06,0.6787986757342592
7.9263157894736835,17.142857142857142,30,1.1,0.6715248120300752,0.9892842105263157,1.660809022556391,102.66664677456191,5.459908335322477e-06,0.6787986757342592
7.9263157894736835,17.142857142857142,30,1.2,0.6715248120300752,0.9892842105263157,1.660809022556391,105.16374456813821,5.278518688816733e-06,0.6787986757342592
7.9263157894736835,17.142857142857142,30,1.3,0.6715248120300752,0.9892842105263157,1.660809022556391,107.49465184921638,5.119749827334397e-06,0.6787986757342592
7.9263157894736835,17.142857142857142,30,1.4,0.6715248120300752,0.9892842105263157,1.660809022556391,109.68224258275194,4.979192572452098e-06,0.6787986757342592
7.9263157894736835,17.142857142857142,30,1.5,0.6715248120300752,0.9892842105263157,1.660809022556391,111.74486049387446,4.8535556612038685e-06,0.6787986757342592
7.9263157894736835,17.142857142857142,40,1.1,0.6715248120300752,0.9892842105263157,1.660809022556391,102.66664677456191,6.331170580287338e-06,0.6787986757342592
7.9263157894736835,17.142857142857142,40,1.2,0.6715248120300752,0.9892842105263157,1.660809022556391,105.16374456813821,6.088557879136325e-06,0.6787986757342592
7.9263157894736835,17.142857142857142,40,1.3,0.6715248120300752,0.9892842105263157,1.660809022556391,107.49465184921638,5.878291383896827e-06,0.6787986757342592
7.9263157894736835,17.142857142857142,40,1.4,0.6715248120300752,0.9892842105263157,1.660809022556391,109.68224258275194,5.693749450632218e-06,0.6787986757342592
7.9263157894736835,17.142857142857142,40,1.5,0.6715248120300752,0.9892842105263157,1.660809022556391,111.74486049387446,5.530057870253151e-06,0.6787986757342592
7.9263157894736835,20.0,20,1.1,0.6442989473684211,0.994378947368421,1.6386778947368421,102.66664677456191,4.735480467878208e-06,0.6479410581584909
7.9263157894736835,20.0,20,1.2,0.6442989473684211,0.994378947368421,1.6386778947368421,105.16374456813821,4.596630797894506e-06,0.6479410581584909
7.9263157894736835,20.0,20,1.3,0.6442989473684211,0.994378947368421,1.6386778947368421,107.49465184921638,4.474173939460404e-06,0.6479410581584909
7.9263157894736835,20.0,20,1.4,0.6442989473684211,0.994378947368421,1.6386778947368421,109.68224258275194,4.365036821918338e-06,0.6479410581584909
7.9263157894736835,20.0,20,1.5,0.6442989473684211,0.994378947368421,1.6386778947368421,111.74486049387446,4.2669015903300885e-06,0.6479410581584909
7.9263157894736835,20.0,30,1.1,0.6442989473684211,0.994378947368421,1.6386778947368421,102.66664677456191,5.387152270289756e-06,0.6479410581584909
7.9263157894736835,20.0,30,1.2,0.6442989473684211,0.994378947368421,1.6386778947368421,105.16374456813821,5.208179733395919e-06,0.6479410581584909
7.9263157894736835,20.0,30,1.3,0.6442989473684211,0.994378947368421,1.6386778947368421,107.49465184921638,5.051526548020532e-06,0.6479410581584909
7.9263157894736835,20.0,30,1.4,0.6442989473684211,0.994378947368421,1.6386778947368421,109.68224258275194,4.912842290292944e-06,0.6479410581584909
7.9263157894736835,20.0,30,1.5,0.6442989473684211,0.994378947368421,1.6386778947368421,111.74486049387446,4.788879555005902e-06,0.6479410581584909
7.9263157894736835,20.0,40,1.1,0.6442989473684211,0.994378947368421,1.6386778947368421,102.66664677456191,6.246804501191721e-06,0.6479410581584909
7.9263157894736835,20.0,40,1.2,0.6442989473684211,0.994378947368421,1.6386778947368421,105.16374456813821,6.007424738100952e-06,0.6479410581584909
7.9263157894736835,20.0,40,1.3,0.6442989473684211,0.994378947368421,1.6386778947368421,107.49465184921638,5.79996015122004e-06,0.6479410581584909
7.9263157894736835,20.0,40,1.4,0.6442989473684211,0.994378947368421,1.6386778947368421,109.68224258275194,5.617877333397168e-06,0.6479410581584909
7.9263157894736835,20.0,40,1.5,0.6442989473684211,0.994378947368421,1.6386778947368421,111.74486049387446,5.45636702686666e-06,0.6479410581584909
7.9263157894736835,22.857142857142858,20,1.1,0.6172222556390977,0.9994496240601501,1.6166718796992479,102.66664677456191,4.671887095000559e-06,0.617562146986161
7.9263157894736835,22.857142857142858,20,1.2,0.6172222556390977,0.9994496240601501,1.6166718796992479,105.16374456813821,4.5349020549941325e-06,0.617562146986161
7.9263157894736835,22.857142857142858,20,1.3,0.6172222556390977,0.9994496240601501,1.6166718796992479,107.49465184921638,4.414089685374344e-06,0.617562146986161
7.9263157894736835,22.857142857142858,20,1.4,0.6172222556390977,0.9994496240601501,1.6166718796992479,109.68224258275194,4.306418184142539e-06,0.617562146986161
7.9263157894736835,22.857142857142858,20,1.5,0.6172222556390977,0.9994496240601501,1.6166718796992479,111.74486049387446,4.20960082313092e-06,0.617562146986161
7.9263157894736835,22.857142857142858,30,1.1,0.6172222556390977,0.9994496240601501,1.6166718796992479,102.66664677456191,5.314807513427796e-06,0.617562146986161
7.9263157894736835,22.857142857142858,30,1.2,0.6172222556390977,0.9994496240601501,1.6166718796992479,105.16374456813821,5.138238421622742e-06,0.617562146986161
7.9263157894736835,22.857142857142858,30,1.3,0.6172222556390977,0.9994496240601501,1.6166718796992479,107.49465184921638,4.98368895190992e-06,0.617562146986161
7.9263157894736835,22.857142857142858,30,1.4,0.6172222556390977,0.9994496240601501,1.6166718796992479,109.68224258275194,4.846867102817264e-06,0.617562146986161
7.9263157894736835,22.857142857142858,30,1.5,0.6172222556390977,0.9994496240601501,1.6166718796992479,111.74486049387446,4.7245690789573974e-06,0.617562146986161
7.9263157894736835,22.857142857142858,40,1.1,0.6172222556390977,0.9994496240601501,1.6166718796992479,102.66664677456191,6.162915364570267e-06,0.617562146986161
7.9263157894736835,22.857142857142858,40,1.2,0.6172222556390977,0.9994496240601501,1.6166718796992479,105.16374456813821,5.926750262935047e-06,0.617562146986161
7.9263157894736835,22.857142857142858,40,1.3,0.6172222556390977,0.9994496240601501,1.6166718796992479,107.49465184921638,5.722071744526366e-06,0.617562146986161
7.9263157894736835,22.857142857142858,40,1.4,0.6172222556390977,0.9994496240601501,1.6166718796992479,109.68224258275194,5.542434140152682e-06,0.617562146986161
7.9263157894736835,22.857142857142858,40,1.5,0.6172222556390977,0.9994496240601501,1.6166718796992479,111.74486049387446,5.383092776185965e-06,0.617562146986161
7.9263157894736835,25.714285714285715,20,1.1,0.5901455639097744,1.0045203007518797,1.594665864661654,102.66664677456191,4.608293722122911e-06,0.587489932725155
7.9263157894736835,25.714285714285715,20,1.2,0.5901455639097744,1.0045203007518797,1.594665864661654,105.16374456813821,4.473173312093761e-06,0.587489932725155
7.9263157894736835,25.714285714285715,20,1.3,0.5901455639097744,1.0045203007518797,1.594665864661654,107.49465184921638,4.354005431288286e-06,0.587489932725155
7.9263157894736835,25.714285714285715,20,1.4,0.5901455639097744,1.0045203007518797,1.594665864661654,109.68224258275194,4.247799546366742e-06,0.587489932725155
7.9263157894736835,25.714285714285715,20,1.5,0.5901455639097744,1.0045203007518797,1.594665864661654,111.74486049387446,4.152300055931753e-06,0.587489932725155
7.9263157894736835,25.714285714285715,30,1.1,0.5901455639097744,1.0045203007518797,1.594665864661654,102.66664677456191,5.242462756565837e-06,0.587489932725155
7.9263157894736835,25.714285714285715,30,1.2,0.5901455639097744,1.0045203007518797,1.594665864661654,105.16374456813821,5.0682971098495645e-06,0.587489932725155
7.9263157894736835,25.714285714285715,30,1.3,0.5901455639097744,1.0045203007518797,1.594665864661654,107.49465184921638,4.915851355799309e-06,0.587489932725155
7.9263157894736835,25.714285714285715,30,1.4,0.5901455639097744,1.0045203007518797,1.594665864661654,109.68224258275194,4.780891915341586e-06,0.587489932725155
7.9263157894736835,25.714285714285715,30,1.5,0.5901455639097744,1.0045203007518797,1.594665864661654,111.74486049387446,4.660258602908894e-06,0.587489932725155
7.9263157894736835,25.714285714285715,40,1.1,0.5901455639097744,1.0045203007518797,1.594665864661654,102.66664677456191,6.079026227948813e-06,0.587489932725155
7.9263157894736835,25.714285714285715,40,1.2,0.5901455639097744,1.0045203007518797,1.594665864661654,105.16374456813821,5.846075787769143e-06,0.587489932725155
7.9263157894736835,25.714285714285715,40,1.3,0.5901455639097744,1.0045203007518797,1.594665864661654,107.49465184921638,5.6441833378326945e-06,0.587489932725155
7.9263157894736835,25.714285714285715,40,1.4,0.5901455639097744,1.0045203007518797,1.594665864661654,109.68224258275194,5.466990946908198e-06,0.587489932725155
7.9263157894736835,25.714285714285715,40,1.5,0.5901455639097744,1.0045203007518797,1.594665864661654,111.74486049387446,5.309818525505271e-06,0.587489932725155
7.9263157894736835,28.571428571428573,20,1.1,0.5630688721804511,1.009590977443609,1.57265984962406,102.66664677456191,4.544700349245261e-06,0.5577197942142876
7.9263157894736835,28.571428571428573,20,1.2,0.5630688721804511,1.009590977443609,1.57265984962406,105.16374456813821,4.411444569193388e-06,0.5577197942142876
7.9263157894736835,28.571428571428573,20,1.3,0.5630688721804511,1.009590977443609,1.57265984962406,107.49465184921638,4.293921177202226e-06,0.5577197942142876
7.9263157894736835,28.571428571428573,20,1.4,0.5630688721804511,1.009590977443609,1.57265984962406,109.68224258275194,4.189180908590944e-06,0.5577197942142876
7.9263157894736835,28.571428571428573,20,1.5,0.5630688721804511,1.009590977443609,1.57265984962406,111.74486049387446,4.094999288732586e-06,0.5577197942142876
7.9263157894736835,28.571428571428573,30,1.1,0.5630688721804511,1.009590977443609,1.57265984962406,102.66664677456191,5.170117999703876e-06,0.5577197942142876
7.9263157894736835,28.571428571428573,30,1.2,0.5630688721804511,1.009590977443609,1.57265984962406,105.16374456813821,4.998355798076387e-06,0.5577197942142876
7.9263157894736835,28.571428571428573,30,1.3,0.5630688721804511,1.009590977443609,1.57265984962406,107.49465184921638,4.8480137596886975e-06,0.5577197942142876
7.9263157894736835,28.571428571428573,30,1.4,0.5630688721804511,1.009590977443609,1.57265984962406,109.68224258275194,4.714916727865907e-06,0.5577197942142876
7.9263157894736835,28.571428571428573,30,1.5,0.5630688721804511,1.009590977443609,1.57265984962406,111.74486049387446,4.5959481268603904e-06,0.5577197942142876
7.9263157894736835,28.571428571428573,40,1.1,0.5630688721804511,1.009590977443609,1.57265984962406,102.66664677456191,5.99513709132736e-06,0.5577197942142876
7.9263157894736835,28.571428571428573,40,1.2,0.5630688721804511,1.009590977443609,1.57265984962406,105.16374456813821,5.765401312603239e-06,0.5577197942142876
7.9263157894736835,28.571428571428573,40,1.3,0.5630688721804511,1.009590977443609,1.57265984962406,107.49465184921638,5.566294931139022e-06,0.5577197942142876
7.9263157894736835,28.571428571428573,40,1.4,0.5630688721804511,1.009590977443609,1.57265984962406,109.68224258275194,5.391547753663714e-06,0.5577197942142876
7.9263157894736835,28.571428571428573,40,1.5,0.5630688721804511,1.009590977443609,1.57265984962406,111.74486049387446,5.2365442748245765e-06,0.5577197942142876
7.9263157894736835,31.42857142857143,20,1.1,0.536089022556391,1.0146030075187968,1.5506920300751879,102.66664677456191,4.481217354368917e-06,0.5283731849636364
7.9263157894736835,31.42857142857143,20,1.2,0.536089022556391,1.0146030075187968,1.5506920300751879,105.16374456813821,4.349822967885859e-06,0.5283731849636364
7.9263157894736835,31.42857142857143,20,1.3,0.536089022556391,1.0146030075187968,1.5506920300751879,107.49465184921638,4.233941210396049e-06,0.5283731849636364
7.9263157894736835,31.42857142857143,20,1.4,0.536089022556391,1.0146030075187968,1.5506920300751879,109.68224258275194,4.130664014248213e-06,0.5283731849636364
7.9263157894736835,31.42857142857143,20,1.5,0.536089022556391,1.0146030075187968,1.5506920300751879,111.74486049387446,4.037797977559581e-06,0.5283731849636364
7.9263157894736835,31.42857142857143,30,1.1,0.536089022556391,1.0146030075187968,1.5506920300751879,102.66664677456191,5.097898810480587e-06,0.5283731849636364
7.9263157894736835,31.42857142857143,30,1.2,0.536089022556391,1.0146030075187968,1.5506920300751879,105.16374456813821,4.928535882320638e-06,0.5283731849636364
7.9263157894736835,31.42857142857143,30,1.3,0.536089022556391,1.0146030075187968,1.5506920300751879,107.49465184921638,4.780293908209848e-06,0.5283731849636364
7.9263157894736835,31.42857142857143,30,1.4,0.536089022556391,1.0146030075187968,1.5506920300751879,109.68224258275194,4.649056052469077e-06,0.5283731849636364
7.9263157894736835,31.42857142857143,30,1.5,0.536089022556391,1.0146030075187968,1.5506920300751879,111.74486049387446,4.5317492734777084e-06,0.5283731849636364
7.9263157894736835,31.42857142857143,40,1.1,0.536089022556391,1.0146030075187968,1.5506920300751879,102.66664677456191,5.9113935597400865e-06,0.5283731849636364
7.9263157894736835,31.42857142857143,40,1.2,0.536089022556391,1.0146030075187968,1.5506920300751879,105.16374456813821,5.684866862834985e-06,0.5283731849636364
7.9263157894736835,31.42857142857143,40,1.3,0.536089022556391,1.0146030075187968,1.5506920300751879,107.49465184921638,5.488541714108464e-06,0.5283731849636364
7.9263157894736835,31.42857142857143,40,1.4,0.536089022556391,1.0146030075187968,1.5506920300751879,109.68224258275194,5.316235505964426e-06,0.5283731849636364
7.9263157894736835,31.42857142857143,40,1.5,0.536089022556391,1.0146030075187968,1.5506920300751879,111.74486049387446,5.163397205090123e-06,0.5283731849636364
7.9263157894736835,34.285714285714285,20,1.1,0.509206015037594,1.0195563909774434,1.5287624060150375,102.66664677456191,4.417844737493878e-06,0.49943879469915425
7.9263157894736835,34.285714285714285,20,1.2,0.509206015037594,1.0195563909774434,1.5287624060150375,105.16374456813821,4.2883085081711735e-06,0.49943879469915425
7.9263157894736835,34.285714285714285,20,1.3,0.509206015037594,1.0195563909774434,1.5287624060150375,107.49465184921638,4.1740655308697534e-06,0.49943879469915425
7.9263157894736835,34.285714285714285,20,1.4,0.509206015037594,1.0195563909774434,1.5287624060150375,109.68224258275194,4.072248863338549e-06,0.49943879469915425
7.9263157894736835,34.285714285714285,20,1.5,0.509206015037594,1.0195563909774434,1.5287624060150375,111.74486049387446,3.980696122412738e-06,0.49943879469915425
7.9263157894736835,34.285714285714285,30,1.1,0.509206015037594,1.0195563909774434,1.5287624060150375,102.66664677456191,5.025805188895967e-06,0.49943879469915425
7.9263157894736835,34.285714285714285,30,1.2,0.509206015037594,1.0195563909774434,1.5287624060150375,105.16374456813821,4.858837362582317e-06,0.49943879469915425
7.9263157894736835,34.285714285714285,30,1.3,0.509206015037594,1.0195563909774434,1.5287624060150375,107.49465184921638,4.712691801362761e-06,0.49943879469915425
7.9263157894736835,34.285714285714285,30,1.4,0.509206015037594,1.0195563909774434,1.5287624060150375,109.68224258275194,4.5833098891510975e-06,0.49943879469915425
7.9263157894736835,34.285714285714285,30,1.5,0.509206015037594,1.0195563909774434,1.5287624060150375,111.74486049387446,4.467662042760847e-06,0.49943879469915425
7.9263157894736835,34.285714285714285,40,1.1,0.509206015037594,1.0195563909774434,1.5287624060150375,102.66664677456191,5.827795633186992e-06,0.49943879469915425
7.9263157894736835,34.285714285714285,40,1.2,0.509206015037594,1.0195563909774434,1.5287624060150375,105.16374456813821,5.604472438464381e-06,0.49943879469915425
7.9263157894736835,34.285714285714285,40,1.3,0.509206015037594,1.0195563909774434,1.5287624060150375,107.49465184921638,5.410923686741022e-06,0.49943879469915425
7.9263157894736835,34.285714285714285,40,1.4,0.509206015037594,1.0195563909774434,1.5287624060150375,109.68224258275194,5.241054203810336e-06,0.49943879469915425
7.9263157894736835,34.285714285714285,40,1.5,0.509206015037594,1.0195563909774434,1.5287624060150375,111.74486049387446,5.090377316301911e-06,0.49943879469915425
7.9263157894736835,37.142857142857146,20,1.1,0.4823230075187969,1.02450977443609,1.506832781954887,102.66664677456191,4.354472120618838e-06,0.47078419313693404
7.9263157894736835,37.142857142857146,20,1.2,0.4823230075187969,1.02450977443609,1.506832781954887,105.16374456813821,4.226794048456488e-06,0.47078419313693404
7.9263157894736835,37.142857142857146,20,1.3,0.4823230075187969,1.02450977443609,1.506832781954887,107.49465184921638,4.114189851343457e-06,0.47078419313693404
7.9263157894736835,37.142857142857146,20,1.4,0.4823230075187969,1.02450977443609,1.506832781954887,109.68224258275194,4.013833712428885e-06,0.47078419313693404
7.9263157894736835,37.142857142857146,20,1.5,0.4823230075187969,1.02450977443609,1.506832781954887,111.74486049387446,3.923594267265895e-06,0.47078419313693404
7.9263157894736835,37.142857142857146,30,1.1,0.4823230075187969,1.02450977443609,1.506832781954887,102.66664677456191,4.953711567311346e-06,0.47078419313693404
7.9263157894736835,37.142857142857146,30,1.2,0.4823230075187969,1.02450977443609,1.506832781954887,105.16374456813821,4.789138842843995e-06,0.47078419313693404
7.9263157894736835,37.142857142857146,30,1.3,0.4823230075187969,1.02450977443609,1.506832781954887,107.49465184921638,4.6450896945156735e-06,0.47078419313693404
7.9263157894736835,37.142857142857146,30,1.4,0.4823230075187969,1.02450977443609,1.506832781954887,109.68224258275194,4.517563725833116e-06,0.47078419313693404
7.9263157894736835,37.142857142857146,30,1.5,0.4823230075187969,1.02450977443609,1.506832781954887,111.74486049387446,4.403574812043987e-06,0.47078419313693404
7.9263157894736835,37.142857142857146,40,1.1,0.4823230075187969,1.02450977443609,1.506832781954887,102.66664677456191,5.744197706633897e-06,0.47078419313693404
7.9263157894736835,37.142857142857146,40,1.2,0.4823230075187969,1.02450977443609,1.506832781954887,105.16374456813821,5.524078014093777e-06,0.47078419313693404
7.9263157894736835,37.142857142857146,40,1.3,0.4823230075187969,1.02450977443609,1.506832781954887,107.49465184921638,5.333305659373578e-06,0.47078419313693404
7.9263157894736835,37.142857142857146,40,1.4,0.4823230075187969,1.02450977443609,1.506832781954887,109.68224258275194,5.1658729016562445e-06,0.47078419313693404
7.9263157894736835,37.142857142857146,40,1.5,0.4823230075187969,1.02450977443609,1.506832781954887,111.74486049387446,5.017357427513698e-06,0.47078419313693404
7.9263157894736835,40.0,20,1.1,0.45543999999999996,1.0294631578947366,1.4849031578947365,102.66664677456191,4.291099503743798e-06,0.4424053415679097
7.9263157894736835,40.0,20,1.2,0.45543999999999996,1.0294631578947366,1.4849031578947365,105.16374456813821,4.165279588741801e-06,0.4424053415679097
7.9263157894736835,40.0,20,1.3,0.45543999999999996,1.0294631578947366,1.4849031578947365,107.49465184921638,4.05431417181716e-06,0.4424053415679097
7.9263157894736835,40.0,20,1.4,0.45543999999999996,1.0294631578947366,1.4849031578947365,109.68224258275194,3.955418561519221e-06,0.4424053415679097
7.9263157894736835,40.0,20,1.5,0.45543999999999996,1.0294631578947366,1.4849031578947365,111.74486049387446,3.8664924121190515e-06,0.4424053415679097
7.9263157894736835,40.0,30,1.1,0.45543999999999996,1.0294631578947366,1.4849031578947365,102.66664677456191,4.881617945726726e-06,0.4424053415679097
7.9263157894736835,40.0,30,1.2,0.45543999999999996,1.0294631578947366,1.4849031578947365,105.16374456813821,4.719440323105673e-06,0.4424053415679097
7.9263157894736835,40.0,30,1.3,0.45543999999999996,1.0294631578947366,1.4849031578947365,107.49465184921638,4.577487587668587e-06,0.4424053415679097
7.9263157894736835,40.0,30,1.4,0.45543999999999996,1.0294631578947366,1.4849031578947365,109.68224258275194,4.451817562515136e-06,0.4424053415679097
7.9263157894736835,40.0,30,1.5,0.45543999999999996,1.0294631578947366,1.4849031578947365,111.74486049387446,4.339487581327125e-06,0.4424053415679097
7.9263157894736835,40.0,40,1.1,0.45543999999999996,1.0294631578947366,1.4849031578947365,102.66664677456191,5.660599780080803e-06,0.4424053415679097
7.9263157894736835,40.0,40,1.2,0.45543999999999996,1.0294631578947366,1.4849031578947365,105.16374456813821,5.443683589723173e-06,0.4424053415679097
7.9263157894736835,40.0,40,1.3,0.45543999999999996,1.0294631578947366,1.4849031578947365,107.49465184921638,5.255687632006134e-06,0.4424053415679097
7.9263157894736835,40.0,40,1.4,0.45543999999999996,1.0294631578947366,1.4849031578947365,109.68224258275194,5.090691599502152e-06,0.4424053415679097
7.9263157894736835,40.0,40,1.5,0.45543999999999996,1.0294631578947366,1.4849031578947365,111.74486049387446,4.944337538725485e-06,0.4424053415679097
8.010526315789473,0.0,20,1.1,0.8396943540669857,0.9790564593301434,1.818750813397129,102.66664677456191,5.2558583846417416e-06,0.8576567225157706
8.010526315789473,0.0,20,1.2,0.8396943540669857,0.9790564593301434,1.818750813397129,105.16374456813821,5.101750642642002e-06,0.8576567225157706
8.010526315789473,0.0,20,1.3,0.8396943540669857,0.9790564593301434,1.818750813397129,107.49465184921638,4.965837104295989e-06,0.8576567225157706
8.010526315789473,0.0,20,1.4,0.8396943540669857,0.9790564593301434,1.818750813397129,109.68224258275194,4.844707001828032e-06,0.8576567225157706
8.010526315789473,0.0,20,1.5,0.8396943540669857,0.9790564593301434,1.818750813397129,111.74486049387446,4.735787773194202e-06,0.8576567225157706
8.010526315789473,0.0,30,1.1,0.8396943540669857,0.9790564593301434,1.818750813397129,102.66664677456191,5.979141846578179e-06,0.8576567225157706
8.010526315789473,0.0,30,1.2,0.8396943540669857,0.9790564593301434,1.818750813397129,105.16374456813821,5.780502169984697e-06,0.8576567225157706
8.010526315789473,0.0,30,1.3,0.8396943540669857,0.9790564593301434,1.818750813397129,107.49465184921638,5.6066344994450325e-06,0.8576567225157706
8.010526315789473,0.0,30,1.4,0.8396943540669857,0.9790564593301434,1.818750813397129,109.68224258275194,5.452710346713398e-06,0.8576567225157706
8.010526315789473,0.0,30,1.5,0.8396943540669857,0.9790564593301434,1.818750813397129,111.74486049387446,5.315125451989198e-06,0.8576567225157706
8.010526315789473,0.0,40,1.1,0.8396943540669857,0.9790564593301434,1.818750813397129,102.66664677456191,6.9332605292145175e-06,0.8576567225157706
8.010526315789473,0.0,40,1.2,0.8396943540669857,0.9790564593301434,1.818750813397129,105.16374456813821,6.667575527768846e-06,0.8576567225157706
8.010526315789473,0.0,40,1.3,0.8396943540669857,0.9790564593301434,1.818750813397129,107.49465184921638,6.437312834073723e-06,0.8576567225157706
8.010526315789473,0.0,40,1.4,0.8396943540669857,0.9790564593301434,1.818750813397129,109.68224258275194,6.235221090428049e-06,0.8576567225157706
8.010526315789473,0.0,40,1.5,0.8396943540669857,0.9790564593301434,1.818750813397129,111.74486049387446,6.055962553824946e-06,0.8576567225157706
8.010526315789473,2.857142857142857,20,1.1,0.8122511278195488,0.9840680792891319,1.7963192071086806,102.66664677456191,5.1910351306128335e-06,0.8254013567905792
8.010526315789473,2.857142857142857,20,1.2,0.8122511278195488,0.9840680792891319,1.7963192071086806,105.16374456813821,5.038828080103691e-06,0.8254013567905792
8.010526315789473,2.857142857142857,20,1.3,0.8122511278195488,0.9840680792891319,1.7963192071086806,107.49465184921638,4.9045908346060385e-06,0.8254013567905792
8.010526315789473,2.857142857142857,20,1.4,0.8122511278195488,0.9840680792891319,1.7963192071086806,109.68224258275194,4.7849546931294535e-06,0.8254013567905792
8.010526315789473,2.857142857142857,20,1.5,0.8122511278195488,0.9840680792891319,1.7963192071086806,111.74486049387446,4.677378822384983e-06,0.8254013567905792
8.010526315789473,2.857142857142857,30,1.1,0.8122511278195488,0.9840680792891319,1.7963192071086806,102.66664677456191,5.905397958818915e-06,0.8254013567905792
8.010526315789473,2.857142857142857,30,1.2,0.8122511278195488,0.9840680792891319,1.7963192071086806,105.16374456813821,5.70920820938741e-06,0.8254013567905792
8.010526315789473,2.857142857142857,30,1.3,0.8122511278195488,0.9840680792891319,1.7963192071086806,107.49465184921638,5.537484939885594e-06,0.8254013567905792
8.010526315789473,2.857142857142857,30,1.4,0.8122511278195488,0.9840680792891319,1.7963192071086806,109.68224258275194,5.385459214341963e-06,0.8254013567905792
8.010526315789473,2.857142857142857,30,1.5,0.8122511278195488,0.9840680792891319,1.7963192071086806,111.74486049387446,5.249571226179651e-06,0.8254013567905792
8.010526315789473,2.857142857142857,40,1.1,0.8122511278195488,0.9840680792891319,1.7963192071086806,102.66664677456191,6.847748996056171e-06,0.8254013567905792
8.010526315789473,2.857142857142857,40,1.2,0.8122511278195488,0.9840680792891319,1.7963192071086806,105.16374456813821,6.585340826876511e-06,0.8254013567905792
8.010526315789473,2.857142857142857,40,1.3,0.8122511278195488,0.9840680792891319,1.7963192071086806,107.49465184921638,6.357918083574723e-06,0.8254013567905792
8.010526315789473,2.857142857142857,40,1.4,0.8122511278195488,0.9840680792891319,1.7963192071086806,109.68224258275194,6.15831884324188e-06,0.8254013567905792
8.010526315789473,2.857142857142857,40,1.5,0.8122511278195488,0.9840680792891319,1.7963192071086806,111.74486049387446,5.981271196051062e-06,0.8254013567905792
8.010526315789473,5.714285714285714,20,1.1,0.7848079015721121,0.9890796992481203,1.7738876008202324,102.66664677456191,5.126211876583927e-06,0.7934728638841827
8.010526315789473,5.714285714285714,20,1.2,0.7848079015721121,0.9890796992481203,1.7738876008202324,105.16374456813821,4.9759055175653814e-06,0.7934728638841827
8.010526315789473,5.714285714285714,20,1.3,0.7848079015721121,0.9890796992481203,1.7738876008202324,107.49465184921638,4.843344564916089e-06,0.7934728638841827
8.010526315789473,5.714285714285714,20,1.4,0.7848079015721121,0.9890796992481203,1.7738876008202324,109.68224258275194,4.725202384430876e-06,0.7934728638841827
8.010526315789473,5.714285714285714,20,1.5,0.7848079015721121,0.9890796992481203,1.7738876008202324,111.74486049387446,4.6189698715757645e-06,0.7934728638841827
8.010526315789473,5.714285714285714,30,1.1,0.7848079015721121,0.9890796992481203,1.7738876008202324,102.66664677456191,5.831654071059652e-06,0.7934728638841827
8.010526315789473,5.714285714285714,30,1.2,0.7848079015721121,0.9890796992481203,1.7738876008202324,105.16374456813821,5.637914248790124e-06,0.7934728638841827
8.010526315789473,5.714285714285714,30,1.3,0.7848079015721121,0.9890796992481203,1.7738876008202324,107.49465184921638,5.468335380326155e-06,0.7934728638841827
8.010526315789473,5.714285714285714,30,1.4,0.7848079015721121,0.9890796992481203,1.7738876008202324,109.68224258275194,5.31820808197053e-06,0.7934728638841827
8.010526315789473,5.714285714285714,30,1.5,0.7848079015721121,0.9890796992481203,1.7738876008202324,111.74486049387446,5.184017000370104e-06,0.7934728638841827
8.010526315789473,5.714285714285714,40,1.1,0.7848079015721121,0.9890796992481203,1.7738876008202324,102.66664677456191,6.762237462897824e-06,0.7934728638841827
8.010526315789473,5.714285714285714,40,1.2,0.7848079015721121,0.9890796992481203,1.7738876008202324,105.16374456813821,6.503106125984177e-06,0.7934728638841827
8.010526315789473,5.714285714285714,40,1.3,0.7848079015721121,0.9890796992481203,1.7738876008202324,107.49465184921638,6.278523333075724e-06,0.7934728638841827
8.010526315789473,5.714285714285714,40,1.4,0.7848079015721121,0.9890796992481203,1.7738876008202324,109.68224258275194,6.0814165960557115e-06,0.7934728638841827
8.010526315789473,5.714285714285714,40,1.5,0.7848079015721121,0.9890796992481203,1.7738876008202324,111.74486049387446,5.906579838277178e-06,0.7934728638841827
8.010526315789473,8.571428571428571,20,1.1,0.7573646753246753,0.9940913192071087,1.751455994531784,102.66664677456191,5.06138862255502e-06,0.7618663000988204
8.010526315789473,8.571428571428571,20,1.2,0.7573646753246753,0.9940913192071087,1.751455994531784,105.16374456813821,4.912982955027071e-06,0.7618663000988204
8.010526315789473,8.571428571428571,20,1.3,0.7573646753246753,0.9940913192071087,1.751455994531784,107.49465184921638,4.78209829522614e-06,0.7618663000988204
8.010526315789473,8.571428571428571,20,1.4,0.7573646753246753,0.9940913192071087,1.751455994531784,109.68224258275194,4.665450075732297e-06,0.7618663000988204
8.010526315789473,8.571428571428571,20,1.5,0.7573646753246753,0.9940913192071087,1.751455994531784,111.74486049387446,4.560560920766545e-06,0.7618663000988204
8.010526315789473,8.571428571428571,30,1.1,0.7573646753246753,0.9940913192071087,1.751455994531784,102.66664677456191,5.757910183300387e-06,0.7618663000988204
8.010526315789473,8.571428571428571,30,1.2,0.7573646753246753,0.9940913192071087,1.751455994531784,105.16374456813821,5.566620288192837e-06,0.7618663000988204
8.010526315789473,8.571428571428571,30,1.3,0.7573646753246753,0.9940913192071087,1.751455994531784,107.49465184921638,5.399185820766716e-06,0.7618663000988204
8.010526315789473,8.571428571428571,30,1.4,0.7573646753246753,0.9940913192071087,1.751455994531784,109.68224258275194,5.250956949599095e-06,0.7618663000988204
8.010526315789473,8.571428571428571,30,1.5,0.7573646753246753,0.9940913192071087,1.751455994531784,111.74486049387446,5.118462774560557e-06,0.7618663000988204
8.010526315789473,8.571428571428571,40,1.1,0.7573646753246753,0.9940913192071087,1.751455994531784,102.66664677456191,6.676725929739477e-06,0.7618663000988204
8.010526315789473,8.571428571428571,40,1.2,0.7573646753246753,0.9940913192071087,1.751455994531784,105.16374456813821,6.420871425091841e-06,0.7618663000988204
8.010526315789473,8.571428571428571,40,1.3,0.7573646753246753,0.9940913192071087,1.751455994531784,107.49465184921638,6.199128582576725e-06,0.7618663000988204
8.010526315789473,8.571428571428571,40,1.4,0.7573646753246753,0.9940913192071087,1.751455994531784,109.68224258275194,6.004514348869543e-06,0.7618663000988204
8.010526315789473,8.571428571428571,40,1.5,0.7573646753246753,0.9940913192071087,1.751455994531784,111.74486049387446,5.831888480503294e-06,0.7618663000988204
8.010526315789473,11.428571428571429,20,1.1,0.7300003827751196,0.9991423103212577,1.7291426930963771,102.66664677456191,4.996907247990425e-06,0.7306270340412269
8.010526315789473,11.428571428571429,20,1.2,0.7300003827751196,0.9991423103212577,1.7291426930963771,105.16374456813821,4.8503922476585754e-06,0.7306270340412269
8.010526315789473,11.428571428571429,20,1.3,0.7300003827751196,0.9991423103212577,1.7291426930963771,107.49465184921638,4.721175039895564e-06,0.7306270340412269
8.010526315789473,11.428571428571429,20,1.4,0.7300003827751196,0.9991423103212577,1.7291426930963771,109.68224258275194,4.60601290220543e-06,0.7306270340412269
8.010526315789473,11.428571428571429,20,1.5,0.7300003827751196,0.9991423103212577,1.7291426930963771,111.74486049387446,4.5024600202259044e-06,0.7306270340412269
8.010526315789473,11.428571428571429,30,1.1,0.7300003827751196,0.9991423103212577,1.7291426930963771,102.66664677456191,5.684555222651019e-06,0.7306270340412269
8.010526315789473,11.428571428571429,30,1.2,0.7300003827751196,0.9991423103212577,1.7291426930963771,105.16374456813821,5.49570233372827e-06,0.7306270340412269
8.010526315789473,11.428571428571429,30,1.3,0.7300003827751196,0.9991423103212577,1.7291426930963771,107.49465184921638,5.330400957715247e-06,0.7306270340412269
8.010526315789473,11.428571428571429,30,1.4,0.7300003827751196,0.9991423103212577,1.7291426930963771,109.68224258275194,5.184060501383124e-06,0.7306270340412269
8.010526315789473,11.428571428571429,30,1.5,0.7300003827751196,0.9991423103212577,1.7291426930963771,111.74486049387446,5.05325428337879e-06,0.7306270340412269
8.010526315789473,11.428571428571429,40,1.1,0.7300003827751196,0.9991423103212577,1.7291426930963771,102.66664677456191,6.591665386547411e-06,0.7306270340412269
8.010526315789473,11.428571428571429,40,1.2,0.7300003827751196,0.9991423103212577,1.7291426930963771,105.16374456813821,6.339070432070395e-06,0.7306270340412269
8.010526315789473,11.428571428571429,40,1.3,0.7300003827751196,0.9991423103212577,1.7291426930963771,107.49465184921638,6.120152561979154e-06,0.7306270340412269
8.010526315789473,11.428571428571429,40,1.4,0.7300003827751196,0.9991423103212577,1.7291426930963771,109.68224258275194,5.928017686059942e-06,0.7306270340412269
8.010526315789473,11.428571428571429,40,1.5,0.7300003827751196,0.9991423103212577,1.7291426930963771,111.74486049387446,5.7575910468198776e-06,0.7306270340412269
8.010526315789473,14.285714285714286,20,1.1,0.702715023923445,1.0042326725905675,1.7069476965140125,102.66664677456191,4.932767752890145e-06,0.6997531977431954
8.010526315789473,14.285714285714286,20,1.2,0.702715023923445,1.0042326725905675,1.7069476965140125,105.16374456813821,4.788133395459898e-06,0.6997531977431954
8.010526315789473,14.285714285714286,20,1.3,0.702715023923445,1.0042326725905675,1.7069476965140125,107.49465184921638,4.660574798924366e-06,0.6997531977431954
8.010526315789473,14.285714285714286,20,1.4,0.702715023923445,1.0042326725905675,1.7069476965140125,109.68224258275194,4.546890863850277e-06,0.6997531977431954
8.010526315789473,14.285714285714286,20,1.5,0.702715023923445,1.0042326725905675,1.7069476965140125,111.74486049387446,4.444667169953843e-06,0.6997531977431954
8.010526315789473,14.285714285714286,30,1.1,0.702715023923445,1.0042326725905675,1.7069476965140125,102.66664677456191,5.611589189111547e-06,0.6997531977431954
8.010526315789473,14.285714285714286,30,1.2,0.702715023923445,1.0042326725905675,1.7069476965140125,105.16374456813821,5.425160385396424e-06,0.6997531977431954
8.010526315789473,14.285714285714286,30,1.3,0.702715023923445,1.0042326725905675,1.7069476965140125,107.49465184921638,5.261980791171751e-06,0.6997531977431954
8.010526315789473,14.285714285714286,30,1.4,0.702715023923445,1.0042326725905675,1.7069476965140125,109.68224258275194,5.117518737322616e-06,0.6997531977431954
8.010526315789473,14.285714285714286,30,1.5,0.702715023923445,1.0042326725905675,1.7069476965140125,111.74486049387446,4.9883915268248055e-06,0.6997531977431954
8.010526315789473,14.285714285714286,40,1.1,0.702715023923445,1.0042326725905675,1.7069476965140125,102.66664677456191,6.507055833321628e-06,0.6997531977431954
8.010526315789473,14.285714285714286,40,1.2,0.702715023923445,1.0042326725905675,1.7069476965140125,105.16374456813821,6.25770314691984e-06,0.6997531977431954
8.010526315789473,14.285714285714286,40,1.3,0.702715023923445,1.0042326725905675,1.7069476965140125,107.49465184921638,6.041595271283014e-06,0.6997531977431954
8.010526315789473,14.285714285714286,40,1.4,0.702715023923445,1.0042326725905675,1.7069476965140125,109.68224258275194,5.851926607626911e-06,0.6997531977431954
8.010526315789473,14.285714285714286,40,1.5,0.702715023923445,1.0042326725905675,1.7069476965140125,111.74486049387446,5.683687537226932e-06,0.6997531977431954
8.010526315789473,17.142857142857142,20,1.1,0.6754296650717703,1.009323034859877,1.6847526999316473,102.66664677456191,4.868628257789863e-06,0.6691907761379282
8.010526315789473,17.142857142857142,20,1.2,0.6754296650717703,1.009323034859877,1.6847526999316473,105.16374456813821,4.7258745432612195e-06,0.6691907761379282
8.010526315789473,17.142857142857142,20,1.3,0.6754296650717703,1.009323034859877,1.6847526999316473,107.49465184921638,4.599974557953166e-06,0.6691907761379282
8.010526315789473,17.142857142857142,20,1.4,0.6754296650717703,1.009323034859877,1.6847526999316473,109.68224258275194,4.4877688254951225e-06,0.6691907761379282
8.010526315789473,17.142857142857142,20,1.5,0.6754296650717703,1.009323034859877,1.6847526999316473,111.74486049387446,4.38687431968178e-06,0.6691907761379282
8.010526315789473,17.142857142857142,30,1.1,0.6754296650717703,1.009323034859877,1.6847526999316473,102.66664677456191,5.538623155572073e-06,0.6691907761379282
8.010526315789473,17.142857142857142,30,1.2,0.6754296650717703,1.009323034859877,1.6847526999316473,105.16374456813821,5.354618437064578e-06,0.6691907761379282
8.010526315789473,17.142857142857142,30,1.3,0.6754296650717703,1.009323034859877,1.6847526999316473,107.49465184921638,5.193560624628254e-06,0.6691907761379282
8.010526315789473,17.142857142857142,30,1.4,0.6754296650717703,1.009323034859877,1.6847526999316473,109.68224258275194,5.0509769732621065e-06,0.6691907761379282
8.010526315789473,17.142857142857142,30,1.5,0.6754296650717703,1.009323034859877,1.6847526999316473,111.74486049387446,4.92352877027082e-06,0.6691907761379282
8.010526315789473,17.142857142857142,40,1.1,0.6754296650717703,1.009323034859877,1.6847526999316473,102.66664677456191,6.422446280095843e-06,0.6691907761379282
8.010526315789473,17.142857142857142,40,1.2,0.6754296650717703,1.009323034859877,1.6847526999316473,105.16374456813821,6.176335861769283e-06,0.6691907761379282
8.010526315789473,17.142857142857142,40,1.3,0.6754296650717703,1.009323034859877,1.6847526999316473,107.49465184921638,5.963037980586873e-06,0.6691907761379282
8.010526315789473,17.142857142857142,40,1.4,0.6754296650717703,1.009323034859877,1.6847526999316473,109.68224258275194,5.775835529193879e-06,0.6691907761379282
8.010526315789473,17.142857142857142,40,1.5,0.6754296650717703,1.009323034859877,1.6847526999316473,111.74486049387446,5.6097840276339845e-06,0.6691907761379282
8.010526315789473,20.0,20,1.1,0.6481443062200957,1.0144133971291867,1.6625577033492824,102.66664677456191,4.804488762689581e-06,0.6389350811556305
8.010526315789473,20.0,20,1.2,0.6481443062200957,1.0144133971291867,1.6625577033492824,105.16374456813821,4.663615691062542e-06,0.6389350811556305
8.010526315789473,20.0,20,1.3,0.6481443062200957,1.0144133971291867,1.6625577033492824,107.49465184921638,4.5393743169819675e-06,0.6389350811556305
8.010526315789473,20.0,20,1.4,0.6481443062200957,1.0144133971291867,1.6625577033492824,109.68224258275194,4.428646787139969e-06,0.6389350811556305
8.010526315789473,20.0,20,1.5,0.6481443062200957,1.0144133971291867,1.6625577033492824,111.74486049387446,4.3290814694097185e-06,0.6389350811556305
8.010526315789473,20.0,30,1.1,0.6481443062200957,1.0144133971291867,1.6625577033492824,102.66664677456191,5.465657122032601e-06,0.6389350811556305
8.010526315789473,20.0,30,1.2,0.6481443062200957,1.0144133971291867,1.6625577033492824,105.16374456813821,5.284076488732732e-06,0.6389350811556305
8.010526315789473,20.0,30,1.3,0.6481443062200957,1.0144133971291867,1.6625577033492824,107.49465184921638,5.125140458084757e-06,0.6389350811556305
8.010526315789473,20.0,30,1.4,0.6481443062200957,1.0144133971291867,1.6625577033492824,109.68224258275194,4.984435209201598e-06,0.6389350811556305
8.010526315789473,20.0,30,1.5,0.6481443062200957,1.0144133971291867,1.6625577033492824,111.74486049387446,4.858666013716834e-06,0.6389350811556305
8.010526315789473,20.0,40,1.1,0.6481443062200957,1.0144133971291867,1.6625577033492824,102.66664677456191,6.33783672687006e-06,0.6389350811556305
8.010526315789473,20.0,40,1.2,0.6481443062200957,1.0144133971291867,1.6625577033492824,105.16374456813821,6.0949685766187275e-06,0.6389350811556305
8.010526315789473,20.0,40,1.3,0.6481443062200957,1.0144133971291867,1.6625577033492824,107.49465184921638,5.884480689890733e-06,0.6389350811556305
8.010526315789473,20.0,40,1.4,0.6481443062200957,1.0144133971291867,1.6625577033492824,109.68224258275194,5.699744450760848e-06,0.6389350811556305
8.010526315789473,20.0,40,1.5,0.6481443062200957,1.0144133971291867,1.6625577033492824,111.74486049387446,5.5358805180410375e-06,0.6389350811556305
8.010526315789473,22.857142857142858,20,1.1,0.6210216814764182,1.0194775119617223,1.6404991934381405,102.66664677456191,4.740743689194534e-06,0.6091568221857309
8.010526315789473,22.857142857142858,20,1.2,0.6210216814764182,1.0194775119617223,1.6404991934381405,105.16374456813821,4.601739695579305e-06,0.6091568221857309
8.010526315789473,22.857142857142858,20,1.3,0.6210216814764182,1.0194775119617223,1.6404991934381405,107.49465184921638,4.47914673320559e-06,0.6091568221857309
8.010526315789473,22.857142857142858,20,1.4,0.6210216814764182,1.0194775119617223,1.6404991934381405,109.68224258275194,4.369888315869904e-06,0.6091568221857309
8.010526315789473,22.857142857142858,20,1.5,0.6210216814764182,1.0194775119617223,1.6404991934381405,111.74486049387446,4.27164401246808e-06,0.6091568221857309
8.010526315789473,22.857142857142858,30,1.1,0.6210216814764182,1.0194775119617223,1.6404991934381405,102.66664677456191,5.3931397883157756e-06,0.6091568221857309
8.010526315789473,22.857142857142858,30,1.2,0.6210216814764182,1.0194775119617223,1.6404991934381405,105.16374456813821,5.213968333471034e-06,0.6091568221857309
8.010526315789473,22.857142857142858,30,1.3,0.6210216814764182,1.0194775119617223,1.6404991934381405,107.49465184921638,5.057141036853899e-06,0.6091568221857309
8.010526315789473,22.857142857142858,30,1.4,0.6210216814764182,1.0194775119617223,1.6404991934381405,109.68224258275194,4.918302639341243e-06,0.6091568221857309
8.010526315789473,22.857142857142858,30,1.5,0.6210216814764182,1.0194775119617223,1.6404991934381405,111.74486049387446,4.794202126416806e-06,0.6091568221857309
8.010526315789473,22.857142857142858,40,1.1,0.6210216814764182,1.0194775119617223,1.6404991934381405,102.66664677456191,6.25374747452518e-06,0.6091568221857309
8.010526315789473,22.857142857142858,40,1.2,0.6210216814764182,1.0194775119617223,1.6404991934381405,105.16374456813821,6.014101654234863e-06,0.6091568221857309
8.010526315789473,22.857142857142858,40,1.3,0.6210216814764182,1.0194775119617223,1.6404991934381405,107.49465184921638,5.806406482085262e-06,0.6091568221857309
8.010526315789473,22.857142857142858,40,1.4,0.6210216814764182,1.0194775119617223,1.6404991934381405,109.68224258275194,5.624121289408433e-06,0.6091568221857309
8.010526315789473,22.857142857142858,40,1.5,0.6210216814764182,1.0194775119617223,1.6404991934381405,111.74486049387446,5.46243147321805e-06,0.6091568221857309
8.010526315789473,25.714285714285715,20,1.1,0.5938990567327409,1.0245416267942584,1.6184406835269993,102.66664677456191,4.676998615699488e-06,0.5796729397818833
8.010526315789473,25.714285714285715,20,1.2,0.5938990567327409,1.0245416267942584,1.6184406835269993,105.16374456813821,4.539863700096071e-06,0.5796729397818833
8.010526315789473,25.714285714285715,20,1.3,0.5938990567327409,1.0245416267942584,1.6184406835269993,107.49465184921638,4.418919149429215e-06,0.5796729397818833
8.010526315789473,25.714285714285715,20,1.4,0.5938990567327409,1.0245416267942584,1.6184406835269993,109.68224258275194,4.311129844599841e-06,0.5796729397818833
8.010526315789473,25.714285714285715,20,1.5,0.5938990567327409,1.0245416267942584,1.6184406835269993,111.74486049387446,4.214206555526442e-06,0.5796729397818833
8.010526315789473,25.714285714285715,30,1.1,0.5938990567327409,1.0245416267942584,1.6184406835269993,102.66664677456191,5.320622454598952e-06,0.5796729397818833
8.010526315789473,25.714285714285715,30,1.2,0.5938990567327409,1.0245416267942584,1.6184406835269993,105.16374456813821,5.1438601782093384e-06,0.5796729397818833
8.010526315789473,25.714285714285715,30,1.3,0.5938990567327409,1.0245416267942584,1.6184406835269993,107.49465184921638,4.989141615623042e-06,0.5796729397818833
8.010526315789473,25.714285714285715,30,1.4,0.5938990567327409,1.0245416267942584,1.6184406835269993,109.68224258275194,4.85217006948089e-06,0.5796729397818833
8.010526315789473,25.714285714285715,30,1.5,0.5938990567327409,1.0245416267942584,1.6184406835269993,111.74486049387446,4.7297382391167806e-06,0.5796729397818833
8.010526315789473,25.714285714285715,40,1.1,0.5938990567327409,1.0245416267942584,1.6184406835269993,102.66664677456191,6.169658222180302e-06,0.5796729397818833
8.010526315789473,25.714285714285715,40,1.2,0.5938990567327409,1.0245416267942584,1.6184406835269993,105.16374456813821,5.9332347318510005e-06,0.5796729397818833
8.010526315789473,25.714285714285715,40,1.3,0.5938990567327409,1.0245416267942584,1.6184406835269993,107.49465184921638,5.7283322742797934e-06,0.5796729397818833
8.010526315789473,25.714285714285715,40,1.4,0.5938990567327409,1.0245416267942584,1.6184406835269993,109.68224258275194,5.54849812805602e-06,0.5796729397818833
8.010526315789473,25.714285714285715,40,1.5,0.5938990567327409,1.0245416267942584,1.6184406835269993,111.74486049387446,5.3889824283950636e-06,0.5796729397818833
8.010526315789473,28.571428571428573,20,1.1,0.5667764319890636,1.0296057416267943,1.5963821736158579,102.66664677456191,4.613253542204441e-06,0.5504790902715319
8.010526315789473,28.571428571428573,20,1.2,0.5667764319890636,1.0296057416267943,1.5963821736158579,105.16374456813821,4.477987704612836e-06,0.5504790902715319
8.010526315789473,28.571428571428573,20,1.3,0.5667764319890636,1.0296057416267943,1.5963821736158579,107.49465184921638,4.35869156565284e-06,0.5504790902715319
8.010526315789473,28.571428571428573,20,1.4,0.5667764319890636,1.0296057416267943,1.5963821736158579,109.68224258275194,4.252371373329777e-06,0.5504790902715319
8.010526315789473,28.571428571428573,20,1.5,0.5667764319890636,1.0296057416267943,1.5963821736158579,111.74486049387446,4.156769098584804e-06,0.5504790902715319
8.010526315789473,28.571428571428573,30,1.1,0.5667764319890636,1.0296057416267943,1.5963821736158579,102.66664677456191,5.248105120882128e-06,0.5504790902715319
8.010526315789473,28.571428571428573,30,1.2,0.5667764319890636,1.0296057416267943,1.5963821736158579,105.16374456813821,5.073752022947642e-06,0.5504790902715319
8.010526315789473,28.571428571428573,30,1.3,0.5667764319890636,1.0296057416267943,1.5963821736158579,107.49465184921638,4.9211421943921845e-06,0.5504790902715319
8.010526315789473,28.571428571428573,30,1.4,0.5667764319890636,1.0296057416267943,1.5963821736158579,109.68224258275194,4.786037499620536e-06,0.5504790902715319
8.010526315789473,28.571428571428573,30,1.5,0.5667764319890636,1.0296057416267943,1.5963821736158579,111.74486049387446,4.665274351816754e-06,0.5504790902715319
8.010526315789473,28.571428571428573,40,1.1,0.5667764319890636,1.0296057416267943,1.5963821736158579,102.66664677456191,6.085568969835424e-06,0.5504790902715319
8.010526315789473,28.571428571428573,40,1.2,0.5667764319890636,1.0296057416267943,1.5963821736158579,105.16374456813821,5.8523678094671375e-06,0.5504790902715319
8.010526315789473,28.571428571428573,40,1.3,0.5667764319890636,1.0296057416267943,1.5963821736158579,107.49465184921638,5.650258066474325e-06,0.5504790902715319
8.010526315789473,28.571428571428573,40,1.4,0.5667764319890636,1.0296057416267943,1.5963821736158579,109.68224258275194,5.4728749667036055e-06,0.5504790902715319
8.010526315789473,28.571428571428573,40,1.5,0.5667764319890636,1.0296057416267943,1.5963821736158579,111.74486049387446,5.315533383572077e-06,0.5504790902715319
8.010526315789473,31.42857142857143,20,1.1,0.5397334791524265,1.034618865345181,1.5743523444976075,102.66664677456191,4.5495913509737954e-06,0.5216737266552303
8.010526315789473,31.42857142857143,20,1.2,0.5397334791524265,1.034618865345181,1.5743523444976075,105.16374456813821,4.4161921611918e-06,0.5216737266552303
8.010526315789473,31.42857142857143,20,1.3,0.5397334791524265,1.034618865345181,1.5743523444976075,107.49465184921638,4.298542290649975e-06,0.5216737266552303
8.010526315789473,31.42857142857143,20,1.4,0.5397334791524265,1.034618865345181,1.5743523444976075,109.68224258275194,4.193689300671944e-06,0.5216737266552303
8.010526315789473,31.42857142857143,20,1.5,0.5397334791524265,1.034618865345181,1.5743523444976075,111.74486049387446,4.099406322653505e-06,0.5216737266552303
8.010526315789473,31.42857142857143,30,1.1,0.5397334791524265,1.034618865345181,1.5743523444976075,102.66664677456191,5.175682075249027e-06,0.5216737266552303
8.010526315789473,31.42857142857143,30,1.2,0.5397334791524265,1.034618865345181,1.5743523444976075,105.16374456813821,5.003735023321079e-06,0.5216737266552303
8.010526315789473,31.42857142857143,30,1.3,0.5397334791524265,1.034618865345181,1.5743523444976075,107.49465184921638,4.853231186990044e-06,0.5216737266552303
8.010526315789473,31.42857142857143,30,1.4,0.5397334791524265,1.034618865345181,1.5743523444976075,109.68224258275194,4.719990916281809e-06,0.5216737266552303
8.010526315789473,31.42857142857143,30,1.5,0.5397334791524265,1.034618865345181,1.5743523444976075,111.74486049387446,4.60089428139321e-06,0.5216737266552303
8.010526315789473,31.42857142857143,40,1.1,0.5397334791524265,1.034618865345181,1.5743523444976075,102.66664677456191,6.001589051549853e-06,0.5216737266552303
8.010526315789473,31.42857142857143,40,1.2,0.5397334791524265,1.034618865345181,1.5743523444976075,105.16374456813821,5.771606031422669e-06,0.5216737266552303
8.010526315789473,31.42857142857143,40,1.3,0.5397334791524265,1.034618865345181,1.5743523444976075,107.49465184921638,5.572285371880456e-06,0.5216737266552303
8.010526315789473,31.42857142857143,40,1.4,0.5397334791524265,1.034618865345181,1.5743523444976075,109.68224258275194,5.397350131676826e-06,0.5216737266552303
8.010526315789473,31.42857142857143,40,1.5,0.5397334791524265,1.034618865345181,1.5743523444976075,111.74486049387446,5.24217983825704e-06,0.5216737266552303
8.010526315789473,34.285714285714285,20,1.1,0.5127701982228299,1.0395809979494188,1.5523511961722487,102.66664677456191,4.4860120420075515e-06,0.4932469901183966
8.010526315789473,34.285714285714285,20,1.2,0.5127701982228299,1.0395809979494188,1.5523511961722487,105.16374456813821,4.354477069832964e-06,0.4932469901183966
8.010526315789473,34.285714285714285,20,1.3,0.5127701982228299,1.0395809979494188,1.5523511961722487,107.49465184921638,4.238471324420622e-06,0.4932469901183966
8.010526315789473,34.285714285714285,20,1.4,0.5127701982228299,1.0395809979494188,1.5523511961722487,109.68224258275194,4.1350836266263446e-06,0.4932469901183966
8.010526315789473,34.285714285714285,20,1.5,0.5127701982228299,1.0395809979494188,1.5523511961722487,111.74486049387446,4.042118227732545e-06,0.4932469901183966
8.010526315789473,34.285714285714285,30,1.1,0.5127701982228299,1.0395809979494188,1.5523511961722487,102.66664677456191,5.103353317699654e-06,0.4932469901183966
8.010526315789473,34.285714285714285,30,1.2,0.5127701982228299,1.0395809979494188,1.5523511961722487,105.16374456813821,4.9338091793296504e-06,0.4932469901183966
8.010526315789473,34.285714285714285,30,1.3,0.5127701982228299,1.0395809979494188,1.5523511961722487,107.49465184921638,4.785408593416623e-06,0.4932469901183966
8.010526315789473,34.285714285714285,30,1.4,0.5127701982228299,1.0395809979494188,1.5523511961722487,109.68224258275194,4.654030319464709e-06,0.4932469901183966
8.010526315789473,34.285714285714285,30,1.5,0.5127701982228299,1.0395809979494188,1.5523511961722487,111.74486049387446,4.536598027846149e-06,0.4932469901183966
8.010526315789473,34.285714285714285,40,1.1,0.5127701982228299,1.0395809979494188,1.5523511961722487,102.66664677456191,5.917718467323592e-06,0.4932469901183966
8.010526315789473,34.285714285714285,40,1.2,0.5127701982228299,1.0395809979494188,1.5523511961722487,105.16374456813821,5.6909493977175965e-06,0.4932469901183966
8.010526315789473,34.285714285714285,40,1.3,0.5127701982228299,1.0395809979494188,1.5523511961722487,107.49465184921638,5.49441419049819e-06,0.4932469901183966
8.010526315789473,34.285714285714285,40,1.4,0.5127701982228299,1.0395809979494188,1.5523511961722487,109.68224258275194,5.3219236229756805e-06,0.4932469901183966
8.010526315789473,34.285714285714285,40,1.5,0.5127701982228299,1.0395809979494188,1.5523511961722487,111.74486049387446,5.168921792449954e-06,0.4932469901183966
8.010526315789473,37.142857142857146,20,1.1,0.48580691729323305,1.0445431305536568,1.5303500478468899,102.66664677456191,4.4224327330413075e-06,0.4650903376634459
8.010526315789473,37.142857142857146,20,1.2,0.48580691729323305,1.0445431305536568,1.5303500478468899,105.16374456813821,4.292761978474127e-06,0.4650903376634459
8.010526315789473,37.142857142857146,20,1.3,0.48580691729323305,1.0445431305536568,1.5303500478468899,107.49465184921638,4.17840035819127e-06,0.4650903376634459
8.010526315789473,37.142857142857146,20,1.4,0.48580691729323305,1.0445431305536568,1.5303500478468899,109.68224258275194,4.076477952580744e-06,0.4650903376634459
8.010526315789473,37.142857142857146,20,1.5,0.48580691729323305,1.0445431305536568,1.5303500478468899,111.74486049387446,3.984830132811586e-06,0.4650903376634459
8.010526315789473,37.142857142857146,30,1.1,0.48580691729323305,1.0445431305536568,1.5303500478468899,102.66664677456191,5.031024560150281e-06,0.4650903376634459
8.010526315789473,37.142857142857146,30,1.2,0.48580691729323305,1.0445431305536568,1.5303500478468899,105.16374456813821,4.8638833353382215e-06,0.4650903376634459
8.010526315789473,37.142857142857146,30,1.3,0.48580691729323305,1.0445431305536568,1.5303500478468899,107.49465184921638,4.7175859998432e-06,0.4650903376634459
8.010526315789473,37.142857142857146,30,1.4,0.48580691729323305,1.0445431305536568,1.5303500478468899,109.68224258275194,4.5880697226476094e-06,0.4650903376634459
8.010526315789473,37.142857142857146,30,1.5,0.48580691729323305,1.0445431305536568,1.5303500478468899,111.74486049387446,4.472301774299089e-06,0.4650903376634459
8.010526315789473,37.142857142857146,40,1.1,0.48580691729323305,1.0445431305536568,1.5303500478468899,102.66664677456191,5.833847883097331e-06,0.4650903376634459
8.010526315789473,37.142857142857146,40,1.2,0.48580691729323305,1.0445431305536568,1.5303500478468899,105.16374456813821,5.610292764012524e-06,0.4650903376634459
8.010526315789473,37.142857142857146,40,1.3,0.48580691729323305,1.0445431305536568,1.5303500478468899,107.49465184921638,5.416543009115924e-06,0.4650903376634459
8.010526315789473,37.142857142857146,40,1.4,0.48580691729323305,1.0445431305536568,1.5303500478468899,109.68224258275194,5.246497114274535e-06,0.4650903376634459
8.010526315789473,37.142857142857146,40,1.5,0.48580691729323305,1.0445431305536568,1.5303500478468899,111.74486049387446,5.095663746642869e-06,0.4650903376634459
8.010526315789473,40.0,20,1.1,0.45884363636363634,1.0495052631578947,1.508348899521531,102.66664677456191,4.3588534240750636e-06,0.43719993836239085
8.010526315789473,40.0,20,1.2,0.45884363636363634,1.0495052631578947,1.508348899521531,105.16374456813821,4.2310468871152915e-06,0.43719993836239085
8.010526315789473,40.0,20,1.3,0.45884363636363634,1.0495052631578947,1.508348899521531,107.49465184921638,4.118329391961917e-06,0.43719993836239085
8.010526315789473,40.0,20,1.4,0.45884363636363634,1.0495052631578947,1.508348899521531,109.68224258275194,4.017872278535143e-06,0.43719993836239085
8.010526315789473,40.0,20,1.5,0.45884363636363634,1.0495052631578947,1.508348899521531,111.74486049387446,3.927542037890627e-06,0.43719993836239085
8.010526315789473,40.0,30,1.1,0.45884363636363634,1.0495052631578947,1.508348899521531,102.66664677456191,4.958695802600908e-06,0.43719993836239085
8.010526315789473,40.0,30,1.2,0.45884363636363634,1.0495052631578947,1.508348899521531,105.16374456813821,4.793957491346793e-06,0.43719993836239085
8.010526315789473,40.0,30,1.3,0.45884363636363634,1.0495052631578947,1.508348899521531,107.49465184921638,4.649763406269779e-06,0.43719993836239085
8.010526315789473,40.0,30,1.4,0.45884363636363634,1.0495052631578947,1.508348899521531,109.68224258275194,4.522109125830509e-06,0.43719993836239085
8.010526315789473,40.0,30,1.5,0.45884363636363634,1.0495052631578947,1.508348899521531,111.74486049387446,4.4080055207520286e-06,0.43719993836239085
8.010526315789473,40.0,40,1.1,0.45884363636363634,1.0495052631578947,1.508348899521531,102.66664677456191,5.7499772988710705e-06,0.43719993836239085
8.010526315789473,40.0,40,1.2,0.45884363636363634,1.0495052631578947,1.508348899521531,105.16374456813821,5.529636130307452e-06,0.43719993836239085
8.010526315789473,40.0,40,1.3,0.45884363636363634,1.0495052631578947,1.508348899521531,107.49465184921638,5.338671827733658e-06,0.43719993836239085
8.010526315789473,40.0,40,1.4,0.45884363636363634,1.0495052631578947,1.508348899521531,109.68224258275194,5.171070605573391e-06,0.43719993836239085
8.010526315789473,40.0,40,1.5,0.45884363636363634,1.0495052631578947,1.508348899521531,111.74486049387446,5.022405700835783e-06,0.43719993836239085
8.094736842105263,0.0,20,1.1,0.8440855502392345,0.9991444976076554,1.84323004784689,102.66664677456191,5.326598910878027e-06,0.8448082857487651
8.094736842105263,0.0,20,1.2,0.8440855502392345,0.9991444976076554,1.84323004784689,105.16374456813821,5.170416976240602e-06,0.8448082857487651
8.094736842105263,0.0,20,1.3,0.8440855502392345,0.9991444976076554,1.84323004784689,107.49465184921638,5.0326741277188565e-06,0.8448082857487651
8.094736842105263,0.0,20,1.4,0.8440855502392345,0.9991444976076554,1.84323004784689,109.68224258275194,4.9099136907623065e-06,0.8448082857487651
8.094736842105263,0.0,20,1.5,0.8440855502392345,0.9991444976076554,1.84323004784689,111.74486049387446,4.799528478270669e-06,0.8448082857487651
8.094736842105263,0.0,30,1.1,0.8440855502392345,0.9991444976076554,1.84323004784689,102.66664677456191,6.05961731028251e-06,0.8448082857487651
8.094736842105263,0.0,30,1.2,0.8440855502392345,0.9991444976076554,1.84323004784689,105.16374456813821,5.8583040694060385e-06,0.8448082857487651
8.094736842105263,0.0,30,1.3,0.8440855502392345,0.9991444976076554,1.84323004784689,107.49465184921638,5.682096250101066e-06,0.8448082857487651
8.094736842105263,0.0,30,1.4,0.8440855502392345,0.9991444976076554,1.84323004784689,109.68224258275194,5.526100375727058e-06,0.8448082857487651
8.094736842105263,0.0,30,1.5,0.8440855502392345,0.9991444976076554,1.84323004784689,111.74486049387446,5.386663675428456e-06,0.8448082857487651
8.094736842105263,0.0,40,1.1,0.8440855502392345,0.9991444976076554,1.84323004784689,102.66664677456191,7.026577826309717e-06,0.8448082857487651
8.094736842105263,0.0,40,1.2,0.8440855502392345,0.9991444976076554,1.84323004784689,105.16374456813821,6.757316872956689e-06,0.8448082857487651
8.094736842105263,0.0,40,1.3,0.8440855502392345,0.9991444976076554,1.84323004784689,107.49465184921638,6.5239549891897445e-06,0.8448082857487651
8.094736842105263,0.0,40,1.4,0.8440855502392345,0.9991444976076554,1.84323004784689,109.68224258275194,6.319143218624153e-06,0.8448082857487651
8.094736842105263,0.0,40,1.5,0.8440855502392345,0.9991444976076554,1.84323004784689,111.74486049387446,6.137471975611625e-06,0.8448082857487651
8.094736842105263,2.857142857142857,20,1.1,0.8165458646616541,1.004145181134655,1.820691045796309,102.66664677456191,5.26146530266936e-06,0.8131751065508087
8.094736842105263,2.857142857142857,20,1.2,0.8165458646616541,1.004145181134655,1.820691045796309,105.16374456813821,5.107193159459851e-06,0.8131751065508087
8.094736842105263,2.857142857142857,20,1.3,0.8165458646616541,1.004145181134655,1.820691045796309,107.49465184921638,4.9711346293708e-06,0.8131751065508087
8.094736842105263,2.857142857142857,20,1.4,0.8165458646616541,1.004145181134655,1.820691045796309,109.68224258275194,4.849875306040043e-06,0.8131751065508087
8.094736842105263,2.857142857142857,20,1.5,0.8165458646616541,1.004145181134655,1.820691045796309,111.74486049387446,4.740839883029979e-06,0.8131751065508087
8.094736842105263,2.857142857142857,30,1.1,0.8165458646616541,1.004145181134655,1.820691045796309,102.66664677456191,5.985520359041002e-06,0.8131751065508087
8.094736842105263,2.857142857142857,30,1.2,0.8165458646616541,1.004145181134655,1.820691045796309,105.16374456813821,5.78666877483849e-06,0.8131751065508087
8.094736842105263,2.857142857142857,30,1.3,0.8165458646616541,1.004145181134655,1.820691045796309,107.49465184921638,5.612615623316457e-06,0.8131751065508087
8.094736842105263,2.857142857142857,30,1.4,0.8165458646616541,1.004145181134655,1.820691045796309,109.68224258275194,5.458527265226977e-06,0.8131751065508087
8.094736842105263,2.857142857142857,30,1.5,0.8165458646616541,1.004145181134655,1.820691045796309,111.74486049387446,5.320795595766835e-06,0.8131751065508087
8.094736842105263,2.857142857142857,40,1.1,0.8165458646616541,1.004145181134655,1.820691045796309,102.66664677456191,6.940656889733863e-06,0.8131751065508087
8.094736842105263,2.857142857142857,40,1.2,0.8165458646616541,1.004145181134655,1.820691045796309,105.16374456813821,6.674688457130947e-06,0.8131751065508087
8.094736842105263,2.857142857142857,40,1.3,0.8165458646616541,1.004145181134655,1.820691045796309,107.49465184921638,6.444180120582861e-06,0.8131751065508087
8.094736842105263,2.857142857142857,40,1.4,0.8165458646616541,1.004145181134655,1.820691045796309,109.68224258275194,6.241872786683845e-06,0.8131751065508087
8.094736842105263,2.857142857142857,40,1.5,0.8165458646616541,1.004145181134655,1.820691045796309,111.74486049387446,6.062423018154969e-06,0.8131751065508087
8.094736842105263,5.714285714285714,20,1.1,0.7890061790840739,1.009145864661654,1.798152043745728,102.66664677456191,5.196331694460693e-06,0.7818554350897643
8.094736842105263,5.714285714285714,20,1.2,0.7890061790840739,1.009145864661654,1.798152043745728,105.16374456813821,5.0439693426791005e-06,0.7818554350897643
8.094736842105263,5.714285714285714,20,1.3,0.7890061790840739,1.009145864661654,1.798152043745728,107.49465184921638,4.9095951310227435e-06,0.7818554350897643
8.094736842105263,5.714285714285714,20,1.4,0.7890061790840739,1.009145864661654,1.798152043745728,109.68224258275194,4.78983692131778e-06,0.7818554350897643
8.094736842105263,5.714285714285714,20,1.5,0.7890061790840739,1.009145864661654,1.798152043745728,111.74486049387446,4.682151287789289e-06,0.7818554350897643
8.094736842105263,5.714285714285714,30,1.1,0.7890061790840739,1.009145864661654,1.798152043745728,102.66664677456191,5.911423407799494e-06,0.7818554350897643
8.094736842105263,5.714285714285714,30,1.2,0.7890061790840739,1.009145864661654,1.798152043745728,105.16374456813821,5.71503348027094e-06,0.7818554350897643
8.094736842105263,5.714285714285714,30,1.3,0.7890061790840739,1.009145864661654,1.798152043745728,107.49465184921638,5.543134996531848e-06,0.7818554350897643
8.094736842105263,5.714285714285714,30,1.4,0.7890061790840739,1.009145864661654,1.798152043745728,109.68224258275194,5.390954154726895e-06,0.7818554350897643
8.094736842105263,5.714285714285714,30,1.5,0.7890061790840739,1.009145864661654,1.798152043745728,111.74486049387446,5.254927516105214e-06,0.7818554350897643
8.094736842105263,5.714285714285714,40,1.1,0.7890061790840739,1.009145864661654,1.798152043745728,102.66664677456191,6.854735953158008e-06,0.7818554350897643
8.094736842105263,5.714285714285714,40,1.2,0.7890061790840739,1.009145864661654,1.798152043745728,105.16374456813821,6.592060041305204e-06,0.7818554350897643
8.094736842105263,5.714285714285714,40,1.3,0.7890061790840739,1.009145864661654,1.798152043745728,107.49465184921638,6.364405251975977e-06,0.7818554350897643
8.094736842105263,5.714285714285714,40,1.4,0.7890061790840739,1.009145864661654,1.798152043745728,109.68224258275194,6.164602354743536e-06,0.7818554350897643
8.094736842105263,5.714285714285714,40,1.5,0.7890061790840739,1.009145864661654,1.798152043745728,111.74486049387446,5.987374060698311e-06,0.7818554350897643
8.094736842105263,8.571428571428571,20,1.1,0.7614664935064934,1.0141465481886534,1.7756130416951468,102.66664677456191,5.1311980862520255e-06,0.750844633713474
8.094736842105263,8.571428571428571,20,1.2,0.7614664935064934,1.0141465481886534,1.7756130416951468,105.16374456813821,4.98074552589835e-06,0.750844633713474
8.094736842105263,8.571428571428571,20,1.3,0.7614664935064934,1.0141465481886534,1.7756130416951468,107.49465184921638,4.848055632674687e-06,0.750844633713474
8.094736842105263,8.571428571428571,20,1.4,0.7614664935064934,1.0141465481886534,1.7756130416951468,109.68224258275194,4.7297985365955165e-06,0.750844633713474
8.094736842105263,8.571428571428571,20,1.5,0.7614664935064934,1.0141465481886534,1.7756130416951468,111.74486049387446,4.6234626925485975e-06,0.750844633713474
8.094736842105263,8.571428571428571,30,1.1,0.7614664935064934,1.0141465481886534,1.7756130416951468,102.66664677456191,5.837326456557985e-06,0.750844633713474
8.094736842105263,8.571428571428571,30,1.2,0.7614664935064934,1.0141465481886534,1.7756130416951468,105.16374456813821,5.643398185703391e-06,0.750844633713474
8.094736842105263,8.571428571428571,30,1.3,0.7614664935064934,1.0141465481886534,1.7756130416951468,107.49465184921638,5.473654369747239e-06,0.750844633713474
8.094736842105263,8.571428571428571,30,1.4,0.7614664935064934,1.0141465481886534,1.7756130416951468,109.68224258275194,5.3233810442268125e-06,0.750844633713474
8.094736842105263,8.571428571428571,30,1.5,0.7614664935064934,1.0141465481886534,1.7756130416951468,111.74486049387446,5.189059436443593e-06,0.750844633713474
8.094736842105263,8.571428571428571,40,1.1,0.7614664935064934,1.0141465481886534,1.7756130416951468,102.66664677456191,6.768815016582154e-06,0.750844633713474
8.094736842105263,8.571428571428571,40,1.2,0.7614664935064934,1.0141465481886534,1.7756130416951468,105.16374456813821,6.50943162547946e-06,0.750844633713474
8.094736842105263,8.571428571428571,40,1.3,0.7614664935064934,1.0141465481886534,1.7756130416951468,107.49465184921638,6.284630383369093e-06,0.750844633713474
8.094736842105263,8.571428571428571,40,1.4,0.7614664935064934,1.0141465481886534,1.7756130416951468,109.68224258275194,6.087331922803227e-06,0.750844633713474
8.094736842105263,8.571428571428571,40,1.5,0.7614664935064934,1.0141465481886534,1.7756130416951468,111.74486049387446,5.912325103241653e-06,0.750844633713474
8.094736842105263,11.428571428571429,20,1.1,0.7340242241968558,1.01918988380041,1.7532141079972658,102.66664677456191,5.066469250055301e-06,0.7202036007851518
8.094736842105263,11.428571428571429,20,1.2,0.7340242241968558,1.01918988380041,1.7532141079972658,105.16374456813821,4.917914612754061e-06,0.7202036007851518
8.094736842105263,11.428571428571429,20,1.3,0.7340242241968558,1.01918988380041,1.7532141079972658,107.49465184921638,4.786898570786784e-06,0.7202036007851518
8.094736842105263,11.428571428571429,20,1.4,0.7340242241968558,1.01918988380041,1.7532141079972658,109.68224258275194,4.67013325968113e-06,0.7202036007851518
8.094736842105263,11.428571428571429,20,1.5,0.7340242241968558,1.01918988380041,1.7532141079972658,111.74486049387446,4.565138816865552e-06,0.7202036007851518
8.094736842105263,11.428571428571429,30,1.1,0.7340242241968558,1.01918988380041,1.7532141079972658,102.66664677456191,5.763689979914119e-06,0.7202036007851518
8.094736842105263,11.428571428571429,30,1.2,0.7340242241968558,1.01918988380041,1.7532141079972658,105.16374456813821,5.572208067798177e-06,0.7202036007851518
8.094736842105263,11.428571428571429,30,1.3,0.7340242241968558,1.01918988380041,1.7532141079972658,107.49465184921638,5.40460552946837e-06,0.7202036007851518
8.094736842105263,11.428571428571429,30,1.4,0.7340242241968558,1.01918988380041,1.7532141079972658,109.68224258275194,5.256227865995841e-06,0.7202036007851518
8.094736842105263,11.428571428571429,30,1.5,0.7340242241968558,1.01918988380041,1.7532141079972658,111.74486049387446,5.12360069315778e-06,0.7202036007851518
8.094736842105263,11.428571428571429,40,1.1,0.7340242241968558,1.01918988380041,1.7532141079972658,102.66664677456191,6.683428034616251e-06,0.7202036007851518
8.094736842105263,11.428571428571429,40,1.2,0.7340242241968558,1.01918988380041,1.7532141079972658,105.16374456813821,6.42731670293372e-06,0.7202036007851518
8.094736842105263,11.428571428571429,40,1.3,0.7340242241968558,1.01918988380041,1.7532141079972658,107.49465184921638,6.205351274707904e-06,0.7202036007851518
8.094736842105263,11.428571428571429,40,1.4,0.7340242241968558,1.01918988380041,1.7532141079972658,109.68224258275194,6.010541687017566e-06,0.7202036007851518
8.094736842105263,11.428571428571429,40,1.5,0.7340242241968558,1.01918988380041,1.7532141079972658,111.74486049387446,5.837742536613623e-06,0.7202036007851518
8.094736842105263,14.285714285714286,20,1.1,0.7066793711551607,1.0242758714969242,1.730955242652085,102.66664677456191,5.002145185870519e-06,0.6899307020894544
8.094736842105263,14.285714285714286,20,1.2,0.7066793711551607,1.0242758714969242,1.730955242652085,105.16374456813821,4.855476603246234e-06,0.6899307020894544
8.094736842105263,14.285714285714286,20,1.3,0.7066793711551607,1.0242758714969242,1.730955242652085,107.49465184921638,4.726123945359033e-06,0.6899307020894544
8.094736842105263,14.285714285714286,20,1.4,0.7066793711551607,1.0242758714969242,1.730955242652085,109.68224258275194,4.61084109057462e-06,0.6899307020894544
8.094736842105263,14.285714285714286,20,1.5,0.7066793711551607,1.0242758714969242,1.730955242652085,111.74486049387446,4.507179660740151e-06,0.6899307020894544
8.094736842105263,14.285714285714286,30,1.1,0.7066793711551607,1.0242758714969242,1.730955242652085,102.66664677456191,5.690513977867895e-06,0.6899307020894544
8.094736842105263,14.285714285714286,30,1.2,0.7066793711551607,1.0242758714969242,1.730955242652085,105.16374456813821,5.5014631265553e-06,0.6899307020894544
8.094736842105263,14.285714285714286,30,1.3,0.7066793711551607,1.0242758714969242,1.730955242652085,107.49465184921638,5.335988475695241e-06,0.6899307020894544
8.094736842105263,14.285714285714286,30,1.4,0.7066793711551607,1.0242758714969242,1.730955242652085,109.68224258275194,5.189494620033978e-06,0.6899307020894544
8.094736842105263,14.285714285714286,30,1.5,0.7066793711551607,1.0242758714969242,1.730955242652085,111.74486049387446,5.058551286247776e-06,0.6899307020894544
8.094736842105263,14.285714285714286,40,1.1,0.7066793711551607,1.0242758714969242,1.730955242652085,102.66664677456191,6.5985750072603e-06,0.6899307020894544
8.094736842105263,14.285714285714286,40,1.2,0.7066793711551607,1.0242758714969242,1.730955242652085,105.16374456813821,6.345715273667981e-06,0.6899307020894544
8.094736842105263,14.285714285714286,40,1.3,0.7066793711551607,1.0242758714969242,1.730955242652085,107.49465184921638,6.126567925992412e-06,0.6899307020894544
8.094736842105263,14.285714285714286,40,1.4,0.7066793711551607,1.0242758714969242,1.730955242652085,109.68224258275194,5.9342316473865545e-06,0.6899307020894544
8.094736842105263,14.285714285714286,40,1.5,0.7066793711551607,1.0242758714969242,1.730955242652085,111.74486049387446,5.763626360814221e-06,0.6899307020894544
8.094736842105263,17.142857142857142,20,1.1,0.6793345181134655,1.0293618591934384,1.7086963773069037,102.66664677456191,4.937821121685737e-06,0.6599569549291067
8.094736842105263,17.142857142857142,20,1.2,0.6793345181134655,1.0293618591934384,1.7086963773069037,105.16374456813821,4.7930385937384054e-06,0.6599569549291067
8.094736842105263,17.142857142857142,20,1.3,0.6793345181134655,1.0293618591934384,1.7086963773069037,107.49465184921638,4.665349319931281e-06,0.6599569549291067
8.094736842105263,17.142857142857142,20,1.4,0.6793345181134655,1.0293618591934384,1.7086963773069037,109.68224258275194,4.551548921468109e-06,0.6599569549291067
8.094736842105263,17.142857142857142,20,1.5,0.6793345181134655,1.0293618591934384,1.7086963773069037,111.74486049387446,4.44922050461475e-06,0.6599569549291067
8.094736842105263,17.142857142857142,30,1.1,0.6793345181134655,1.0293618591934384,1.7086963773069037,102.66664677456191,5.61733797582167e-06,0.6599569549291067
8.094736842105263,17.142857142857142,30,1.2,0.6793345181134655,1.0293618591934384,1.7086963773069037,105.16374456813821,5.430718185312422e-06,0.6599569549291067
8.094736842105263,17.142857142857142,30,1.3,0.6793345181134655,1.0293618591934384,1.7086963773069037,107.49465184921638,5.2673714219221116e-06,0.6599569549291067
8.094736842105263,17.142857142857142,30,1.4,0.6793345181134655,1.0293618591934384,1.7086963773069037,109.68224258275194,5.122761374072115e-06,0.6599569549291067
8.094736842105263,17.142857142857142,30,1.5,0.6793345181134655,1.0293618591934384,1.7086963773069037,111.74486049387446,4.99350187933777e-06,0.6599569549291067
8.094736842105263,17.142857142857142,40,1.1,0.6793345181134655,1.0293618591934384,1.7086963773069037,102.66664677456191,6.513721979904349e-06,0.6599569549291067
8.094736842105263,17.142857142857142,40,1.2,0.6793345181134655,1.0293618591934384,1.7086963773069037,105.16374456813821,6.264113844402241e-06,0.6599569549291067
8.094736842105263,17.142857142857142,40,1.3,0.6793345181134655,1.0293618591934384,1.7086963773069037,107.49465184921638,6.047784577276918e-06,0.6599569549291067
8.094736842105263,17.142857142857142,40,1.4,0.6793345181134655,1.0293618591934384,1.7086963773069037,109.68224258275194,5.857921607755542e-06,0.6599569549291067
8.094736842105263,17.142857142857142,40,1.5,0.6793345181134655,1.0293618591934384,1.7086963773069037,111.74486049387446,5.6895101850148175e-06,0.6599569549291067
8.094736842105263,20.0,20,1.1,0.6519896650717703,1.0344478468899523,1.6864375119617225,102.66664677456191,4.873497057500955e-06,0.6302779468602161
8.094736842105263,20.0,20,1.2,0.6519896650717703,1.0344478468899523,1.6864375119617225,105.16374456813821,4.730600584230577e-06,0.6302779468602161
8.094736842105263,20.0,20,1.3,0.6519896650717703,1.0344478468899523,1.6864375119617225,107.49465184921638,4.6045746945035296e-06,0.6302779468602161
8.094736842105263,20.0,20,1.4,0.6519896650717703,1.0344478468899523,1.6864375119617225,109.68224258275194,4.492256752361598e-06,0.6302779468602161
8.094736842105263,20.0,20,1.5,0.6519896650717703,1.0344478468899523,1.6864375119617225,111.74486049387446,4.3912613484893485e-06,0.6302779468602161
8.094736842105263,20.0,30,1.1,0.6519896650717703,1.0344478468899523,1.6864375119617225,102.66664677456191,5.544161973775445e-06,0.6302779468602161
8.094736842105263,20.0,30,1.2,0.6519896650717703,1.0344478468899523,1.6864375119617225,105.16374456813821,5.359973244069543e-06,0.6302779468602161
8.094736842105263,20.0,30,1.3,0.6519896650717703,1.0344478468899523,1.6864375119617225,107.49465184921638,5.198754368148982e-06,0.6302779468602161
8.094736842105263,20.0,30,1.4,0.6519896650717703,1.0344478468899523,1.6864375119617225,109.68224258275194,5.0560281281102514e-06,0.6302779468602161
8.094736842105263,20.0,30,1.5,0.6519896650717703,1.0344478468899523,1.6864375119617225,111.74486049387446,4.928452472427765e-06,0.6302779468602161
8.094736842105263,20.0,40,1.1,0.6519896650717703,1.0344478468899523,1.6864375119617225,102.66664677456191,6.4288689525483975e-06,0.6302779468602161
8.094736842105263,20.0,40,1.2,0.6519896650717703,1.0344478468899523,1.6864375119617225,105.16374456813821,6.182512415136502e-06,0.6302779468602161
8.094736842105263,20.0,40,1.3,0.6519896650717703,1.0344478468899523,1.6864375119617225,107.49465184921638,5.969001228561425e-06,0.6302779468602161
8.094736842105263,20.0,40,1.4,0.6519896650717703,1.0344478468899523,1.6864375119617225,109.68224258275194,5.7816115681245285e-06,0.6302779468602161
8.094736842105263,20.0,40,1.5,0.6519896650717703,1.0344478468899523,1.6864375119617225,111.74486049387446,5.615394009215414e-06,0.6302779468602161
8.094736842105263,22.857142857142858,20,1.1,0.6248211073137389,1.0395053998632946,1.6643265071770335,102.66664677456191,4.809600283388509e-06,0.6010753839238441
8.094736842105263,22.857142857142858,20,1.2,0.6248211073137389,1.0395053998632946,1.6643265071770335,105.16374456813821,4.668577336164479e-06,0.6010753839238441
8.094736842105263,22.857142857142858,20,1.3,0.6248211073137389,1.0395053998632946,1.6643265071770335,107.49465184921638,4.544203781036837e-06,0.6010753839238441
8.094736842105263,22.857142857142858,20,1.4,0.6248211073137389,1.0395053998632946,1.6643265071770335,109.68224258275194,4.433358447597269e-06,0.6010753839238441
8.094736842105263,22.857142857142858,20,1.5,0.6248211073137389,1.0395053998632946,1.6643265071770335,111.74486049387446,4.33368720180524e-06,0.6010753839238441
8.094736842105263,22.857142857142858,30,1.1,0.6248211073137389,1.0395053998632946,1.6643265071770335,102.66664677456191,5.4714720632037555e-06,0.6010753839238441
8.094736842105263,22.857142857142858,30,1.2,0.6248211073137389,1.0395053998632946,1.6643265071770335,105.16374456813821,5.289698245319328e-06,0.6010753839238441
8.094736842105263,22.857142857142858,30,1.3,0.6248211073137389,1.0395053998632946,1.6643265071770335,107.49465184921638,5.130593121797878e-06,0.6010753839238441
8.094736842105263,22.857142857142858,30,1.4,0.6248211073137389,1.0395053998632946,1.6643265071770335,109.68224258275194,4.989738175865222e-06,0.6010753839238441
8.094736842105263,22.857142857142858,30,1.5,0.6248211073137389,1.0395053998632946,1.6643265071770335,111.74486049387446,4.863835173876215e-06,0.6010753839238441
8.094736842105263,22.857142857142858,40,1.1,0.6248211073137389,1.0395053998632946,1.6643265071770335,102.66664677456191,6.344579584480093e-06,0.6010753839238441
8.094736842105263,22.857142857142858,40,1.2,0.6248211073137389,1.0395053998632946,1.6643265071770335,105.16374456813821,6.10145304553468e-06,0.6010753839238441
8.094736842105263,22.857142857142858,40,1.3,0.6248211073137389,1.0395053998632946,1.6643265071770335,107.49465184921638,5.890741219644158e-06,0.6010753839238441
8.094736842105263,22.857142857142858,40,1.4,0.6248211073137389,1.0395053998632946,1.6643265071770335,109.68224258275194,5.705808438664185e-06,0.6010753839238441
8.094736842105263,22.857142857142858,40,1.5,0.6248211073137389,1.0395053998632946,1.6643265071770335,111.74486049387446,5.541770170250135e-06,0.6010753839238441
8.094736842105263,25.714285714285715,20,1.1,0.5976525495557075,1.0445629528366371,1.6422155023923446,102.66664677456191,4.745703509276065e-06,0.5721556062587799
8.094736842105263,25.714285714285715,20,1.2,0.5976525495557075,1.0445629528366371,1.6422155023923446,105.16374456813821,4.606554088098382e-06,0.5721556062587799
8.094736842105263,25.714285714285715,20,1.3,0.5976525495557075,1.0445629528366371,1.6422155023923446,107.49465184921638,4.483832867570145e-06,0.5721556062587799
8.094736842105263,25.714285714285715,20,1.4,0.5976525495557075,1.0445629528366371,1.6422155023923446,109.68224258275194,4.37446014283294e-06,0.5721556062587799
8.094736842105263,25.714285714285715,20,1.5,0.5976525495557075,1.0445629528366371,1.6422155023923446,111.74486049387446,4.276113055121131e-06,0.5721556062587799
8.094736842105263,25.714285714285715,30,1.1,0.5976525495557075,1.0445629528366371,1.6422155023923446,102.66664677456191,5.3987821526320665e-06,0.5721556062587799
8.094736842105263,25.714285714285715,30,1.2,0.5976525495557075,1.0445629528366371,1.6422155023923446,105.16374456813821,5.219423246569112e-06,0.5721556062587799
8.094736842105263,25.714285714285715,30,1.3,0.5976525495557075,1.0445629528366371,1.6422155023923446,107.49465184921638,5.062431875446775e-06,0.5721556062587799
8.094736842105263,25.714285714285715,30,1.4,0.5976525495557075,1.0445629528366371,1.6422155023923446,109.68224258275194,4.9234482236201936e-06,0.5721556062587799
8.094736842105263,25.714285714285715,30,1.5,0.5976525495557075,1.0445629528366371,1.6422155023923446,111.74486049387446,4.799217875324666e-06,0.5721556062587799
8.094736842105263,25.714285714285715,40,1.1,0.5976525495557075,1.0445629528366371,1.6422155023923446,102.66664677456191,6.26029021641179e-06,0.5721556062587799
8.094736842105263,25.714285714285715,40,1.2,0.5976525495557075,1.0445629528366371,1.6422155023923446,105.16374456813821,6.020393675932859e-06,0.5721556062587799
8.094736842105263,25.714285714285715,40,1.3,0.5976525495557075,1.0445629528366371,1.6422155023923446,107.49465184921638,5.812481210726893e-06,0.5721556062587799
8.094736842105263,25.714285714285715,40,1.4,0.5976525495557075,1.0445629528366371,1.6422155023923446,109.68224258275194,5.630005309203841e-06,0.5721556062587799
8.094736842105263,25.714285714285715,40,1.5,0.5976525495557075,1.0445629528366371,1.6422155023923446,111.74486049387446,5.468146331284856e-06,0.5721556062587799
8.094736842105263,28.571428571428573,20,1.1,0.570483991797676,1.0496205058099795,1.6201044976076555,102.66664677456191,4.681806735163621e-06,0.5435145260976398
8.094736842105263,28.571428571428573,20,1.2,0.570483991797676,1.0496205058099795,1.6201044976076555,105.16374456813821,4.544530840032283e-06,0.5435145260976398
8.094736842105263,28.571428571428573,20,1.3,0.570483991797676,1.0496205058099795,1.6201044976076555,107.49465184921638,4.423461954103452e-06,0.5435145260976398
8.094736842105263,28.571428571428573,20,1.4,0.570483991797676,1.0496205058099795,1.6201044976076555,109.68224258275194,4.31556183806861e-06,0.5435145260976398
8.094736842105263,28.571428571428573,20,1.5,0.570483991797676,1.0496205058099795,1.6201044976076555,111.74486049387446,4.218538908437022e-06,0.5435145260976398
8.094736842105263,28.571428571428573,30,1.1,0.570483991797676,1.0496205058099795,1.6201044976076555,102.66664677456191,5.3260922420603775e-06,0.5435145260976398
8.094736842105263,28.571428571428573,30,1.2,0.570483991797676,1.0496205058099795,1.6201044976076555,105.16374456813821,5.149148247818897e-06,0.5435145260976398
8.094736842105263,28.571428571428573,30,1.3,0.570483991797676,1.0496205058099795,1.6201044976076555,107.49465184921638,4.994270629095671e-06,0.5435145260976398
8.094736842105263,28.571428571428573,30,1.4,0.570483991797676,1.0496205058099795,1.6201044976076555,109.68224258275194,4.857158271375165e-06,0.5435145260976398
8.094736842105263,28.571428571428573,30,1.5,0.570483991797676,1.0496205058099795,1.6201044976076555,111.74486049387446,4.734600576773117e-06,0.5435145260976398
8.094736842105263,28.571428571428573,40,1.1,0.570483991797676,1.0496205058099795,1.6201044976076555,102.66664677456191,6.176000848343486e-06,0.5435145260976398
8.094736842105263,28.571428571428573,40,1.2,0.570483991797676,1.0496205058099795,1.6201044976076555,105.16374456813821,5.939334306331036e-06,0.5435145260976398
8.094736842105263,28.571428571428573,40,1.3,0.570483991797676,1.0496205058099795,1.6201044976076555,107.49465184921638,5.7342212018096265e-06,0.5435145260976398
8.094736842105263,28.571428571428573,40,1.4,0.570483991797676,1.0496205058099795,1.6201044976076555,109.68224258275194,5.554202179743497e-06,0.5435145260976398
8.094736842105263,28.571428571428573,40,1.5,0.570483991797676,1.0496205058099795,1.6201044976076555,111.74486049387446,5.394522492319577e-06,0.5435145260976398
8.094736842105263,31.42857142857143,20,1.1,0.543377935748462,1.0546347231715654,1.5980126589200274,102.66664677456191,4.617965347578674e-06,0.5152285656918074
8.094736842105263,31.42857142857143,20,1.2,0.543377935748462,1.0546347231715654,1.5980126589200274,105.16374456813821,4.482561354497741e-06,0.5152285656918074
8.094736842105263,31.42857142857143,20,1.3,0.543377935748462,1.0546347231715654,1.5980126589200274,107.49465184921638,4.363143370903901e-06,0.5152285656918074
8.094736842105263,31.42857142857143,20,1.4,0.543377935748462,1.0546347231715654,1.5980126589200274,109.68224258275194,4.256714587095677e-06,0.5152285656918074
8.094736842105263,31.42857142857143,20,1.5,0.543377935748462,1.0546347231715654,1.5980126589200274,111.74486049387446,4.16101466774743e-06,0.5152285656918074
8.094736842105263,31.42857142857143,30,1.1,0.543377935748462,1.0546347231715654,1.5980126589200274,102.66664677456191,5.25346534001747e-06,0.5152285656918074
8.094736842105263,31.42857142857143,30,1.2,0.543377935748462,1.0546347231715654,1.5980126589200274,105.16374456813821,5.078934164321521e-06,0.5152285656918074
8.094736842105263,31.42857142857143,30,1.3,0.543377935748462,1.0546347231715654,1.5980126589200274,107.49465184921638,4.926168465770241e-06,0.5152285656918074
8.094736842105263,31.42857142857143,30,1.4,0.543377935748462,1.0546347231715654,1.5980126589200274,109.68224258275194,4.790925780094541e-06,0.5152285656918074
8.094736842105263,31.42857142857143,30,1.5,0.543377935748462,1.0546347231715654,1.5980126589200274,111.74486049387446,4.670039289308712e-06,0.5152285656918074
8.094736842105263,31.42857142857143,40,1.1,0.543377935748462,1.0546347231715654,1.5980126589200274,102.66664677456191,6.091784543359621e-06,0.5152285656918074
8.094736842105263,31.42857142857143,40,1.2,0.543377935748462,1.0546347231715654,1.5980126589200274,105.16374456813821,5.858345200010355e-06,0.5152285656918074
8.094736842105263,31.42857142857143,40,1.3,0.543377935748462,1.0546347231715654,1.5980126589200274,107.49465184921638,5.65602902965245e-06,0.5152285656918074
8.094736842105263,31.42857142857143,40,1.4,0.543377935748462,1.0546347231715654,1.5980126589200274,109.68224258275194,5.478464757389225e-06,0.5152285656918074
8.094736842105263,31.42857142857143,40,1.5,0.543377935748462,1.0546347231715654,1.5980126589200274,111.74486049387446,5.320962471423958e-06,0.5152285656918074
8.094736842105263,34.285714285714285,20,1.1,0.5163343814080656,1.0596056049213944,1.57593998632946,102.66664677456191,4.554179346521225e-06,0.4872892130901566
8.094736842105263,34.285714285714285,20,1.2,0.5163343814080656,1.0596056049213944,1.57593998632946,105.16374456813821,4.420645631494755e-06,0.4872892130901566
8.094736842105263,34.285714285714285,20,1.3,0.5163343814080656,1.0596056049213944,1.57593998632946,107.49465184921638,4.302877117971492e-06,0.4872892130901566
8.094736842105263,34.285714285714285,20,1.4,0.5163343814080656,1.0596056049213944,1.57593998632946,109.68224258275194,4.19791838991414e-06,0.4872892130901566
8.094736842105263,34.285714285714285,20,1.5,0.5163343814080656,1.0596056049213944,1.57593998632946,111.74486049387446,4.103540333052354e-06,0.4872892130901566
8.094736842105263,34.285714285714285,30,1.1,0.5163343814080656,1.0596056049213944,1.57593998632946,102.66664677456191,5.180901446503344e-06,0.4872892130901566
8.094736842105263,34.285714285714285,30,1.2,0.5163343814080656,1.0596056049213944,1.57593998632946,105.16374456813821,5.008780996076985e-06,0.4872892130901566
8.094736842105263,34.285714285714285,30,1.3,0.5163343814080656,1.0596056049213944,1.57593998632946,107.49465184921638,4.858125385470484e-06,0.4872892130901566
8.094736842105263,34.285714285714285,30,1.4,0.5163343814080656,1.0596056049213944,1.57593998632946,109.68224258275194,4.724750749778322e-06,0.4872892130901566
8.094736842105263,34.285714285714285,30,1.5,0.5163343814080656,1.0596056049213944,1.57593998632946,111.74486049387446,4.605534012931452e-06,0.4872892130901566
8.094736842105263,34.285714285714285,40,1.1,0.5163343814080656,1.0596056049213944,1.57593998632946,102.66664677456191,6.007641301460193e-06,0.4872892130901566
8.094736842105263,34.285714285714285,40,1.2,0.5163343814080656,1.0596056049213944,1.57593998632946,105.16374456813821,5.777426356970813e-06,0.4872892130901566
8.094736842105263,34.285714285714285,40,1.3,0.5163343814080656,1.0596056049213944,1.57593998632946,107.49465184921638,5.57790469425536e-06,0.4872892130901566
8.094736842105263,34.285714285714285,40,1.4,0.5163343814080656,1.0596056049213944,1.57593998632946,109.68224258275194,5.402793042141026e-06,0.4872892130901566
8.094736842105263,34.285714285714285,40,1.5,0.5163343814080656,1.0596056049213944,1.57593998632946,111.74486049387446,5.247466268597999e-06,0.4872892130901566
8.094736842105263,37.142857142857146,20,1.1,0.48929082706766913,1.0645764866712235,1.5538673137388925,102.66664677456191,4.490393345463775e-06,0.45961077780104903
8.094736842105263,37.142857142857146,20,1.2,0.48929082706766913,1.0645764866712235,1.5538673137388925,105.16374456813821,4.358729908491768e-06,0.45961077780104903
8.094736842105263,37.142857142857146,20,1.3,0.48929082706766913,1.0645764866712235,1.5538673137388925,107.49465184921638,4.242610865039083e-06,0.45961077780104903
8.094736842105263,37.142857142857146,20,1.4,0.48929082706766913,1.0645764866712235,1.5538673137388925,109.68224258275194,4.139122192732601e-06,0.45961077780104903
8.094736842105263,37.142857142857146,20,1.5,0.48929082706766913,1.0645764866712235,1.5538673137388925,111.74486049387446,4.0460659983572774e-06,0.45961077780104903
8.094736842105263,37.142857142857146,30,1.1,0.48929082706766913,1.0645764866712235,1.5538673137388925,102.66664677456191,5.108337552989216e-06,0.45961077780104903
8.094736842105263,37.142857142857146,30,1.2,0.48929082706766913,1.0645764866712235,1.5538673137388925,105.16374456813821,4.938627827832448e-06,0.45961077780104903
8.094736842105263,37.142857142857146,30,1.3,0.48929082706766913,1.0645764866712235,1.5538673137388925,107.49465184921638,4.790082305170726e-06,0.45961077780104903
8.094736842105263,37.142857142857146,30,1.4,0.48929082706766913,1.0645764866712235,1.5538673137388925,109.68224258275194,4.658575719462102e-06,0.45961077780104903
8.094736842105263,37.142857142857146,30,1.5,0.48929082706766913,1.0645764866712235,1.5538673137388925,111.74486049387446,4.541028736554191e-06,0.45961077780104903
8.094736842105263,37.142857142857146,40,1.1,0.48929082706766913,1.0645764866712235,1.5538673137388925,102.66664677456191,5.923498059560764e-06,0.45961077780104903
8.094736842105263,37.142857142857146,40,1.2,0.48929082706766913,1.0645764866712235,1.5538673137388925,105.16374456813821,5.6965075139312704e-06,0.45961077780104903
8.094736842105263,37.142857142857146,40,1.3,0.48929082706766913,1.0645764866712235,1.5538673137388925,107.49465184921638,5.49978035885827e-06,0.45961077780104903
8.094736842105263,37.142857142857146,40,1.4,0.48929082706766913,1.0645764866712235,1.5538673137388925,109.68224258275194,5.327121326892826e-06,0.45961077780104903
8.094736842105263,37.142857142857146,40,1.5,0.48929082706766913,1.0645764866712235,1.5538673137388925,111.74486049387446,5.173970065772038e-06,0.45961077780104903
8.094736842105263,40.0,20,1.1,0.4622472727272727,1.0695473684210526,1.5317946411483252,102.66664677456191,4.4266073444063264e-06,0.4321896218674984
8.094736842105263,40.0,20,1.2,0.4622472727272727,1.0695473684210526,1.5317946411483252,105.16374456813821,4.2968141854887806e-06,0.4321896218674984
8.094736842105263,40.0,20,1.3,0.4622472727272727,1.0695473684210526,1.5317946411483252,107.49465184921638,4.182344612106673e-06,0.4321896218674984
8.094736842105263,40.0,20,1.4,0.4622472727272727,1.0695473684210526,1.5317946411483252,109.68224258275194,4.0803259955510645e-06,0.4321896218674984
8.094736842105263,40.0,20,1.5,0.4622472727272727,1.0695473684210526,1.5317946411483252,111.74486049387446,3.988591663662202e-06,0.4321896218674984
8.094736842105263,40.0,30,1.1,0.4622472727272727,1.0695473684210526,1.5317946411483252,102.66664677456191,5.035773659475089e-06,0.4321896218674984
8.094736842105263,40.0,30,1.2,0.4622472727272727,1.0695473684210526,1.5317946411483252,105.16374456813821,4.868474659587911e-06,0.4321896218674984
8.094736842105263,40.0,30,1.3,0.4622472727272727,1.0695473684210526,1.5317946411483252,107.49465184921638,4.722039224870969e-06,0.4321896218674984
8.094736842105263,40.0,30,1.4,0.4622472727272727,1.0695473684210526,1.5317946411483252,109.68224258275194,4.592400689145882e-06,0.4321896218674984
8.094736842105263,40.0,30,1.5,0.4622472727272727,1.0695473684210526,1.5317946411483252,111.74486049387446,4.476523460176931e-06,0.4321896218674984
8.094736842105263,40.0,40,1.1,0.4622472727272727,1.0695473684210526,1.5317946411483252,102.66664677456191,5.8393548176613365e-06,0.4321896218674984
8.094736842105263,40.0,40,1.2,0.4622472727272727,1.0695473684210526,1.5317946411483252,105.16374456813821,5.615588670891729e-06,0.4321896218674984
8.094736842105263,40.0,40,1.3,0.4622472727272727,1.0695473684210526,1.5317946411483252,107.49465184921638,5.421656023461181e-06,0.4321896218674984
8.094736842105263,40.0,40,1.4,0.4622472727272727,1.0695473684210526,1.5317946411483252,109.68224258275194,5.251449611644627e-06,0.4321896218674984
8.094736842105263,40.0,40,1.5,0.4622472727272727,1.0695473684210526,1.5317946411483252,111.74486049387446,5.100473862946079e-06,0.4321896218674984
8.178947368421053,0.0,20,1.1,0.8475968421052632,1.0211236842105262,1.8687205263157893,102.66664677456191,5.400261748031102e-06,0.830062856450711
8.178947368421053,0.0,20,1.2,0.8475968421052632,1.0211236842105262,1.8687205263157893,105.16374456813821,5.2419199352782145e-06,0.830062856450711
8.178947368421053,0.0,20,1.3,0.8475968421052632,1.0211236842105262,1.8687205263157893,107.49465184921638,5.10227220726593e-06,0.830062856450711
8.178947368421053,0.0,20,1.4,0.8475968421052632,1.0211236842105262,1.8687205263157893,109.68224258275194,4.977814086247248e-06,0.830062856450711
8.178947368421053,0.0,20,1.5,0.8475968421052632,1.0211236842105262,1.8687205263157893,111.74486049387446,4.86590232969477e-06,0.830062856450711
8.178947368421053,0.0,30,1.1,0.8475968421052632,1.0211236842105262,1.8687205263157893,102.66664677456191,6.143417237892174e-06,0.830062856450711
8.178947368421053,0.0,30,1.2,0.8475968421052632,1.0211236842105262,1.8687205263157893,105.16374456813821,5.939319987044695e-06,0.830062856450711
8.178947368421053,0.0,30,1.3,0.8475968421052632,1.0211236842105262,1.8687205263157893,107.49465184921638,5.76067534677465e-06,0.830062856450711
8.178947368421053,0.0,30,1.4,0.8475968421052632,1.0211236842105262,1.8687205263157893,109.68224258275194,5.602522167358001e-06,0.830062856450711
8.178947368421053,0.0,30,1.5,0.8475968421052632,1.0211236842105262,1.8687205263157893,111.74486049387446,5.461157162878979e-06,0.830062856450711
8.178947368421053,0.0,40,1.1,0.8475968421052632,1.0211236842105262,1.8687205263157893,102.66664677456191,7.123750087038006e-06,0.830062856450711
8.178947368421053,0.0,40,1.2,0.8475968421052632,1.0211236842105262,1.8687205263157893,105.16374456813821,6.850765458204547e-06,0.830062856450711
8.178947368421053,0.0,40,1.3,0.8475968421052632,1.0211236842105262,1.8687205263157893,107.49465184921638,6.6141763559574285e-06,0.830062856450711
8.178947368421053,0.0,40,1.4,0.8475968421052632,1.0211236842105262,1.8687205263157893,109.68224258275194,6.406532193399379e-06,0.830062856450711
8.178947368421053,0.0,40,1.5,0.8475968421052632,1.0211236842105262,1.8687205263157893,111.74486049387446,6.222348574401099e-06,0.830062856450711
8.178947368421053,2.857142857142857,20,1.1,0.8200048872180451,1.0261011278195489,1.846106015037594,102.66664677456191,5.334909931916134e-06,0.7991462683220556
8.178947368421053,2.857142857142857,20,1.2,0.8200048872180451,1.0261011278195489,1.846106015037594,105.16374456813821,5.178484308695006e-06,0.7991462683220556
8.178947368421053,2.857142857142857,20,1.3,0.8200048872180451,1.0261011278195489,1.846106015037594,107.49465184921638,5.040526541849004e-06,0.7991462683220556
8.178947368421053,2.857142857142857,20,1.4,0.8200048872180451,1.0261011278195489,1.846106015037594,109.68224258275194,4.917574563424575e-06,0.7991462683220556
8.178947368421053,2.857142857142857,20,1.5,0.8200048872180451,1.0261011278195489,1.846106015037594,111.74486049387446,4.807017118362274e-06,0.7991462683220556
8.178947368421053,2.857142857142857,30,1.1,0.8200048872180451,1.0261011278195489,1.846106015037594,102.66664677456191,6.069072050125186e-06,0.7991462683220556
8.178947368421053,2.857142857142857,30,1.2,0.8200048872180451,1.0261011278195489,1.846106015037594,105.16374456813821,5.867444702891512e-06,0.7991462683220556
8.178947368421053,2.857142857142857,30,1.3,0.8200048872180451,1.0261011278195489,1.846106015037594,107.49465184921638,5.6909619488828335e-06,0.7991462683220556
8.178947368421053,2.857142857142857,30,1.4,0.8200048872180451,1.0261011278195489,1.846106015037594,109.68224258275194,5.534722676232464e-06,0.7991462683220556
8.178947368421053,2.857142857142857,30,1.5,0.8200048872180451,1.0261011278195489,1.846106015037594,111.74486049387446,5.395068414715332e-06,0.7991462683220556
8.178947368421053,2.857142857142857,40,1.1,0.8200048872180451,1.0261011278195489,1.846106015037594,102.66664677456191,7.037541301712585e-06,0.7991462683220556
8.178947368421053,2.857142857142857,40,1.2,0.8200048872180451,1.0261011278195489,1.846106015037594,105.16374456813821,6.767860224095369e-06,0.7991462683220556
8.178947368421053,2.857142857142857,40,1.3,0.8200048872180451,1.0261011278195489,1.846106015037594,107.49465184921638,6.534134228902366e-06,0.7991462683220556
8.178947368421053,2.857142857142857,40,1.4,0.8200048872180451,1.0261011278195489,1.846106015037594,109.68224258275194,6.329002893270491e-06,0.7991462683220556
8.178947368421053,2.857142857142857,40,1.5,0.8200048872180451,1.0261011278195489,1.846106015037594,111.74486049387446,6.147048191047319e-06,0.7991462683220556
8.178947368421053,5.714285714285714,20,1.1,0.7924129323308271,1.0310785714285715,1.8234915037593986,102.66664677456191,5.269558115801165e-06,0.7685281745628072
8.178947368421053,5.714285714285714,20,1.2,0.7924129323308271,1.0310785714285715,1.8234915037593986,105.16374456813821,5.115048682111796e-06,0.7685281745628072
8.178947368421053,5.714285714285714,20,1.3,0.7924129323308271,1.0310785714285715,1.8234915037593986,107.49465184921638,4.978780876432077e-06,0.7685281745628072
8.178947368421053,5.714285714285714,20,1.4,0.7924129323308271,1.0310785714285715,1.8234915037593986,109.68224258275194,4.857335040601902e-06,0.7685281745628072
8.178947368421053,5.714285714285714,20,1.5,0.7924129323308271,1.0310785714285715,1.8234915037593986,111.74486049387446,4.748131907029778e-06,0.7685281745628072
8.178947368421053,5.714285714285714,30,1.1,0.7924129323308271,1.0310785714285715,1.8234915037593986,102.66664677456191,5.994726862358197e-06,0.7685281745628072
8.178947368421053,5.714285714285714,30,1.2,0.7924129323308271,1.0310785714285715,1.8234915037593986,105.16374456813821,5.795569418738329e-06,0.7685281745628072
8.178947368421053,5.714285714285714,30,1.3,0.7924129323308271,1.0310785714285715,1.8234915037593986,107.49465184921638,5.621248550991017e-06,0.7685281745628072
8.178947368421053,5.714285714285714,30,1.4,0.7924129323308271,1.0310785714285715,1.8234915037593986,109.68224258275194,5.466923185106926e-06,0.7685281745628072
8.178947368421053,5.714285714285714,30,1.5,0.7924129323308271,1.0310785714285715,1.8234915037593986,111.74486049387446,5.3289796665516834e-06,0.7685281745628072
8.178947368421053,5.714285714285714,40,1.1,0.7924129323308271,1.0310785714285715,1.8234915037593986,102.66664677456191,6.951332516387163e-06,0.7685281745628072
8.178947368421053,5.714285714285714,40,1.2,0.7924129323308271,1.0310785714285715,1.8234915037593986,105.16374456813821,6.68495498998619e-06,0.7685281745628072
8.178947368421053,5.714285714285714,40,1.3,0.7924129323308271,1.0310785714285715,1.8234915037593986,107.49465184921638,6.454092101847303e-06,0.7685281745628072
8.178947368421053,5.714285714285714,40,1.4,0.7924129323308271,1.0310785714285715,1.8234915037593986,109.68224258275194,6.2514735931416015e-06,0.7685281745628072
8.178947368421053,5.714285714285714,40,1.5,0.7924129323308271,1.0310785714285715,1.8234915037593986,111.74486049387446,6.071747807693539e-06,0.7685281745628072
8.178947368421053,8.571428571428571,20,1.1,0.764820977443609,1.036056015037594,1.800876992481203,102.66664677456191,5.204206299686196e-06,0.7382042730728773
8.178947368421053,8.571428571428571,20,1.2,0.764820977443609,1.036056015037594,1.800876992481203,105.16374456813821,5.051613055528586e-06,0.7382042730728773
8.178947368421053,8.571428571428571,20,1.3,0.764820977443609,1.036056015037594,1.800876992481203,107.49465184921638,4.917035211015149e-06,0.7382042730728773
8.178947368421053,8.571428571428571,20,1.4,0.764820977443609,1.036056015037594,1.800876992481203,109.68224258275194,4.797095517779227e-06,0.7382042730728773
8.178947368421053,8.571428571428571,20,1.5,0.764820977443609,1.036056015037594,1.800876992481203,111.74486049387446,4.68924669569728e-06,0.7382042730728773
8.178947368421053,8.571428571428571,30,1.1,0.764820977443609,1.036056015037594,1.800876992481203,102.66664677456191,5.920381674591208e-06,0.7382042730728773
8.178947368421053,8.571428571428571,30,1.2,0.764820977443609,1.036056015037594,1.800876992481203,105.16374456813821,5.723694134585145e-06,0.7382042730728773
8.178947368421053,8.571428571428571,30,1.3,0.764820977443609,1.036056015037594,1.800876992481203,107.49465184921638,5.5515351530991995e-06,0.7382042730728773
8.178947368421053,8.571428571428571,30,1.4,0.764820977443609,1.036056015037594,1.800876992481203,109.68224258275194,5.399123693981388e-06,0.7382042730728773
8.178947368421053,8.571428571428571,30,1.5,0.764820977443609,1.036056015037594,1.800876992481203,111.74486049387446,5.262890918388035e-06,0.7382042730728773
8.178947368421053,8.571428571428571,40,1.1,0.764820977443609,1.036056015037594,1.800876992481203,102.66664677456191,6.865123731061741e-06,0.7382042730728773
8.178947368421053,8.571428571428571,40,1.2,0.764820977443609,1.036056015037594,1.800876992481203,105.16374456813821,6.60204975587701e-06,0.7382042730728773
8.178947368421053,8.571428571428571,40,1.3,0.764820977443609,1.036056015037594,1.800876992481203,107.49465184921638,6.374049974792239e-06,0.7382042730728773
8.178947368421053,8.571428571428571,40,1.4,0.764820977443609,1.036056015037594,1.800876992481203,109.68224258275194,6.173944293012711e-06,0.7382042730728773
8.178947368421053,8.571428571428571,40,1.5,0.764820977443609,1.036056015037594,1.800876992481203,111.74486049387446,5.996447424339758e-06,0.7382042730728773
8.178947368421053,11.428571428571429,20,1.1,0.7373259022556392,1.041081954887218,1.7784078571428572,102.66664677456191,5.139274593542729e-06,0.7082304124035218
8.178947368421053,11.428571428571429,20,1.2,0.7373259022556392,1.041081954887218,1.7784078571428572,105.16374456813821,4.988585220814989e-06,0.7082304124035218
8.178947368421053,11.428571428571429,20,1.3,0.7373259022556392,1.041081954887218,1.7784078571428572,107.49465184921638,4.855686473660527e-06,0.7082304124035218
8.178947368421053,11.428571428571429,20,1.4,0.7373259022556392,1.041081954887218,1.7784078571428572,109.68224258275194,4.73724324087749e-06,0.7082304124035218
8.178947368421053,11.428571428571429,20,1.5,0.7373259022556392,1.041081954887218,1.7784078571428572,111.74486049387446,4.630740024180895e-06,0.7082304124035218
8.178947368421053,11.428571428571429,30,1.1,0.7373259022556392,1.041081954887218,1.7784078571428572,102.66664677456191,5.846514410110378e-06,0.7082304124035218
8.178947368421053,11.428571428571429,30,1.2,0.7373259022556392,1.041081954887218,1.7784078571428572,105.16374456813821,5.652280896100656e-06,0.7082304124035218
8.178947368421053,11.428571428571429,30,1.3,0.7373259022556392,1.041081954887218,1.7784078571428572,107.49465184921638,5.482269903328471e-06,0.7082304124035218
8.178947368421053,11.428571428571429,30,1.4,0.7373259022556392,1.041081954887218,1.7784078571428572,109.68224258275194,5.33176004754966e-06,0.7082304124035218
8.178947368421053,11.428571428571429,30,1.5,0.7373259022556392,1.041081954887218,1.7784078571428572,111.74486049387446,5.197227017516445e-06,0.7082304124035218
8.178947368421053,11.428571428571429,40,1.1,0.7373259022556392,1.041081954887218,1.7784078571428572,102.66664677456191,6.77946913340086e-06,0.7082304124035218
8.178947368421053,11.428571428571429,40,1.2,0.7373259022556392,1.041081954887218,1.7784078571428572,105.16374456813821,6.519677472764596e-06,0.7082304124035218
8.178947368421053,11.428571428571429,40,1.3,0.7373259022556392,1.041081954887218,1.7784078571428572,107.49465184921638,6.294522393433302e-06,0.7082304124035218
8.178947368421053,11.428571428571429,40,1.4,0.7373259022556392,1.041081954887218,1.7784078571428572,109.68224258275194,6.096913385032716e-06,0.7082304124035218
8.178947368421053,11.428571428571429,40,1.5,0.7373259022556392,1.041081954887218,1.7784078571428572,111.74486049387446,5.921631104685893e-06,0.7082304124035218
8.178947368421053,14.285714285714286,20,1.1,0.7099277067669173,1.0461563909774438,1.756084097744361,102.66664677456191,5.074762997370763e-06,0.6786057160188242
8.178947368421053,14.285714285714286,20,1.2,0.7099277067669173,1.0461563909774438,1.756084097744361,105.16374456813821,4.925965177971002e-06,0.6786057160188242
8.178947368421053,14.285714285714286,20,1.3,0.7099277067669173,1.0461563909774438,1.756084097744361,107.49465184921638,4.79473466436821e-06,0.6786057160188242
8.178947368421053,14.285714285714286,20,1.4,0.7099277067669173,1.0461563909774438,1.756084097744361,109.68224258275194,4.677778209896688e-06,0.6786057160188242
8.178947368421053,14.285714285714286,20,1.5,0.7099277067669173,1.0461563909774438,1.756084097744361,111.74486049387446,4.572611892480622e-06,0.6786057160188242
8.178947368421053,14.285714285714286,30,1.1,0.7099277067669173,1.0461563909774438,1.756084097744361,102.66664677456191,5.773125068915704e-06,0.6786057160188242
8.178947368421053,14.285714285714286,30,1.2,0.7099277067669173,1.0461563909774438,1.756084097744361,105.16374456813821,5.581329703284861e-06,0.6786057160188242
8.178947368421053,14.285714285714286,30,1.3,0.7099277067669173,1.0461563909774438,1.756084097744361,107.49465184921638,5.4134528016788284e-06,0.6786057160188242
8.178947368421053,14.285714285714286,30,1.4,0.7099277067669173,1.0461563909774438,1.756084097744361,109.68224258275194,5.264832245811741e-06,0.6786057160188242
8.178947368421053,14.285714285714286,30,1.5,0.7099277067669173,1.0461563909774438,1.756084097744361,111.74486049387446,5.131987963936915e-06,0.6786057160188242
8.178947368421053,14.285714285714286,40,1.1,0.7099277067669173,1.0461563909774438,1.756084097744361,102.66664677456191,6.694368723404518e-06,0.6786057160188242
8.178947368421053,14.285714285714286,40,1.2,0.7099277067669173,1.0461563909774438,1.756084097744361,105.16374456813821,6.437838140648949e-06,0.6786057160188242
8.178947368421053,14.285714285714286,40,1.3,0.7099277067669173,1.0461563909774438,1.756084097744361,107.49465184921638,6.215509357770492e-06,0.6786057160188242
8.178947368421053,14.285714285714286,40,1.4,0.7099277067669173,1.0461563909774438,1.756084097744361,109.68224258275194,6.020380869201615e-06,0.6786057160188242
8.178947368421053,14.285714285714286,40,1.5,0.7099277067669173,1.0461563909774438,1.756084097744361,111.74486049387446,5.847298848731942e-06,0.6786057160188242
8.178947368421053,17.142857142857142,20,1.1,0.6825295112781955,1.0512308270676693,1.7337603383458648,102.66664677456191,5.0102514011987964e-06,0.6492670246191896
8.178947368421053,17.142857142857142,20,1.2,0.6825295112781955,1.0512308270676693,1.7337603383458648,105.16374456813821,4.863345135127016e-06,0.6492670246191896
8.178947368421053,17.142857142857142,20,1.3,0.6825295112781955,1.0512308270676693,1.7337603383458648,107.49465184921638,4.733782855075892e-06,0.6492670246191896
8.178947368421053,17.142857142857142,20,1.4,0.6825295112781955,1.0512308270676693,1.7337603383458648,109.68224258275194,4.618313178915886e-06,0.6492670246191896
8.178947368421053,17.142857142857142,20,1.5,0.6825295112781955,1.0512308270676693,1.7337603383458648,111.74486049387446,4.514483760780349e-06,0.6492670246191896
8.178947368421053,17.142857142857142,30,1.1,0.6825295112781955,1.0512308270676693,1.7337603383458648,102.66664677456191,5.699735727721031e-06,0.6492670246191896
8.178947368421053,17.142857142857142,30,1.2,0.6825295112781955,1.0512308270676693,1.7337603383458648,105.16374456813821,5.510378510469066e-06,0.6492670246191896
8.178947368421053,17.142857142857142,30,1.3,0.6825295112781955,1.0512308270676693,1.7337603383458648,107.49465184921638,5.344635700029187e-06,0.6492670246191896
8.178947368421053,17.142857142857142,30,1.4,0.6825295112781955,1.0512308270676693,1.7337603383458648,109.68224258275194,5.1979044440738234e-06,0.6492670246191896
8.178947368421053,17.142857142857142,30,1.5,0.6825295112781955,1.0512308270676693,1.7337603383458648,111.74486049387446,5.066748910357384e-06,0.6492670246191896
8.178947368421053,17.142857142857142,40,1.1,0.6825295112781955,1.0512308270676693,1.7337603383458648,102.66664677456191,6.609268313408177e-06,0.6492670246191896
8.178947368421053,17.142857142857142,40,1.2,0.6825295112781955,1.0512308270676693,1.7337603383458648,105.16374456813821,6.3559988085333e-06,0.6492670246191896
8.178947368421053,17.142857142857142,40,1.3,0.6825295112781955,1.0512308270676693,1.7337603383458648,107.49465184921638,6.136496322107681e-06,0.6492670246191896
8.178947368421053,17.142857142857142,40,1.4,0.6825295112781955,1.0512308270676693,1.7337603383458648,109.68224258275194,5.943848353370513e-06,0.6492670246191896
8.178947368421053,17.142857142857142,40,1.5,0.6825295112781955,1.0512308270676693,1.7337603383458648,111.74486049387446,5.7729665927779925e-06,0.6492670246191896
8.178947368421053,20.0,20,1.1,0.6551313157894737,1.0563052631578949,1.7114365789473687,102.66664677456191,4.94573980502683e-06,0.6202102163449561
8.178947368421053,20.0,20,1.2,0.6551313157894737,1.0563052631578949,1.7114365789473687,105.16374456813821,4.80072509228303e-06,0.6202102163449561
8.178947368421053,20.0,20,1.3,0.6551313157894737,1.0563052631578949,1.7114365789473687,107.49465184921638,4.672831045783575e-06,0.6202102163449561
8.178947368421053,20.0,20,1.4,0.6551313157894737,1.0563052631578949,1.7114365789473687,109.68224258275194,4.558848147935084e-06,0.6202102163449561
8.178947368421053,20.0,20,1.5,0.6551313157894737,1.0563052631578949,1.7114365789473687,111.74486049387446,4.456355629080075e-06,0.6202102163449561
8.178947368421053,20.0,30,1.1,0.6551313157894737,1.0563052631578949,1.7114365789473687,102.66664677456191,5.6263463865263574e-06,0.6202102163449561
8.178947368421053,20.0,30,1.2,0.6551313157894737,1.0563052631578949,1.7114365789473687,105.16374456813821,5.4394273176532715e-06,0.6202102163449561
8.178947368421053,20.0,30,1.3,0.6551313157894737,1.0563052631578949,1.7114365789473687,107.49465184921638,5.275818598379546e-06,0.6202102163449561
8.178947368421053,20.0,30,1.4,0.6551313157894737,1.0563052631578949,1.7114365789473687,109.68224258275194,5.130976642335906e-06,0.6202102163449561
8.178947368421053,20.0,30,1.5,0.6551313157894737,1.0563052631578949,1.7114365789473687,111.74486049387446,5.001509856777854e-06,0.6202102163449561
8.178947368421053,20.0,40,1.1,0.6551313157894737,1.0563052631578949,1.7114365789473687,102.66664677456191,6.524167903411835e-06,0.6202102163449561
8.178947368421053,20.0,40,1.2,0.6551313157894737,1.0563052631578949,1.7114365789473687,105.16374456813821,6.2741594764176524e-06,0.6202102163449561
8.178947368421053,20.0,40,1.3,0.6551313157894737,1.0563052631578949,1.7114365789473687,107.49465184921638,6.057483286444871e-06,0.6202102163449561
8.178947368421053,20.0,40,1.4,0.6551313157894737,1.0563052631578949,1.7114365789473687,109.68224258275194,5.867315837539411e-06,0.6202102163449561
8.178947368421053,20.0,40,1.5,0.6551313157894737,1.0563052631578949,1.7114365789473687,111.74486049387446,5.698634336824042e-06,0.6202102163449561
8.178947368421053,22.857142857142858,20,1.1,0.6279080075187969,1.0613511278195489,1.6892591353383457,102.66664677456191,4.88165103482049e-06,0.5916119473192419
8.178947368421053,22.857142857142858,20,1.2,0.6279080075187969,1.0613511278195489,1.6892591353383457,105.16374456813821,4.738515477666745e-06,0.5916119473192419
8.178947368421053,22.857142857142858,20,1.3,0.6279080075187969,1.0613511278195489,1.6892591353383457,107.49465184921638,4.612278730677574e-06,0.5916119473192419
8.178947368421053,22.857142857142858,20,1.4,0.6279080075187969,1.0613511278195489,1.6892591353383457,109.68224258275194,4.499772866404574e-06,0.5916119473192419
8.178947368421053,22.857142857142858,20,1.5,0.6279080075187969,1.0613511278195489,1.6892591353383457,111.74486049387446,4.398608484440651e-06,0.5916119473192419
8.178947368421053,22.857142857142858,30,1.1,0.6279080075187969,1.0613511278195489,1.6892591353383457,102.66664677456191,5.553438058372729e-06,0.5916119473192419
8.178947368421053,22.857142857142858,30,1.2,0.6279080075187969,1.0613511278195489,1.6892591353383457,105.16374456813821,5.3689411576128974e-06,0.5916119473192419
8.178947368421053,22.857142857142858,30,1.3,0.6279080075187969,1.0613511278195489,1.6892591353383457,107.49465184921638,5.207452542110629e-06,0.5916119473192419
8.178947368421053,22.857142857142858,30,1.4,0.6279080075187969,1.0613511278195489,1.6892591353383457,109.68224258275194,5.064487503010271e-06,0.5916119473192419
8.178947368421053,22.857142857142858,30,1.5,0.6279080075187969,1.0613511278195489,1.6892591353383457,111.74486049387446,4.936698397111095e-06,0.5916119473192419
8.178947368421053,22.857142857142858,40,1.1,0.6279080075187969,1.0613511278195489,1.6892591353383457,102.66664677456191,6.43962526388107e-06,0.5916119473192419
8.178947368421053,22.857142857142858,40,1.2,0.6279080075187969,1.0613511278195489,1.6892591353383457,105.16374456813821,6.192856540805599e-06,0.5916119473192419
8.178947368421053,22.857142857142858,40,1.3,0.6279080075187969,1.0613511278195489,1.6892591353383457,107.49465184921638,5.978988122995485e-06,0.5916119473192419
8.178947368421053,22.857142857142858,40,1.4,0.6279080075187969,1.0613511278195489,1.6892591353383457,109.68224258275194,5.791284935942467e-06,0.5916119473192419
8.178947368421053,22.857142857142858,40,1.5,0.6279080075187969,1.0613511278195489,1.6892591353383457,111.74486049387446,5.624789274022422e-06,0.5916119473192419
8.178947368421053,25.714285714285715,20,1.1,0.6006846992481203,1.0663969924812031,1.6670816917293234,102.66664677456191,4.817562264614151e-06,0.5632843148314752
8.178947368421053,25.714285714285715,20,1.2,0.6006846992481203,1.0663969924812031,1.6670816917293234,105.16374456813821,4.676305863050462e-06,0.5632843148314752
8.178947368421053,25.714285714285715,20,1.3,0.6006846992481203,1.0663969924812031,1.6670816917293234,107.49465184921638,4.551726415571575e-06,0.5632843148314752
8.178947368421053,25.714285714285715,20,1.4,0.6006846992481203,1.0663969924812031,1.6670816917293234,109.68224258275194,4.440697584874065e-06,0.5632843148314752
8.178947368421053,25.714285714285715,20,1.5,0.6006846992481203,1.0663969924812031,1.6670816917293234,111.74486049387446,4.340861339801229e-06,0.5632843148314752
8.178947368421053,25.714285714285715,30,1.1,0.6006846992481203,1.0663969924812031,1.6670816917293234,102.66664677456191,5.480529730219102e-06,0.5632843148314752
8.178947368421053,25.714285714285715,30,1.2,0.6006846992481203,1.0663969924812031,1.6670816917293234,105.16374456813821,5.298454997572525e-06,0.5632843148314752
8.178947368421053,25.714285714285715,30,1.3,0.6006846992481203,1.0663969924812031,1.6670816917293234,107.49465184921638,5.139086485841715e-06,0.5632843148314752
8.178947368421053,25.714285714285715,30,1.4,0.6006846992481203,1.0663969924812031,1.6670816917293234,109.68224258275194,4.9979983636846385e-06,0.5632843148314752
8.178947368421053,25.714285714285715,30,1.5,0.6006846992481203,1.0663969924812031,1.6670816917293234,111.74486049387446,4.871886937444338e-06,0.5632843148314752
8.178947368421053,25.714285714285715,40,1.1,0.6006846992481203,1.0663969924812031,1.6670816917293234,102.66664677456191,6.355082624350307e-06,0.5632843148314752
8.178947368421053,25.714285714285715,40,1.2,0.6006846992481203,1.0663969924812031,1.6670816917293234,105.16374456813821,6.11155360519355e-06,0.5632843148314752
8.178947368421053,25.714285714285715,40,1.3,0.6006846992481203,1.0663969924812031,1.6670816917293234,107.49465184921638,5.9004929595461025e-06,0.5632843148314752
8.178947368421053,25.714285714285715,40,1.4,0.6006846992481203,1.0663969924812031,1.6670816917293234,109.68224258275194,5.715254034345526e-06,0.5632843148314752
8.178947368421053,25.714285714285715,40,1.5,0.6006846992481203,1.0663969924812031,1.6670816917293234,111.74486049387446,5.5509442112208054e-06,0.5632843148314752
8.178947368421053,28.571428571428573,20,1.1,0.5734613909774435,1.071442857142857,1.6449042481203004,102.66664677456191,4.753473494407812e-06,0.5352234952656773
8.178947368421053,28.571428571428573,20,1.2,0.5734613909774435,1.071442857142857,1.6449042481203004,105.16374456813821,4.614096248434178e-06,0.5352234952656773
8.178947368421053,28.571428571428573,20,1.3,0.5734613909774435,1.071442857142857,1.6449042481203004,107.49465184921638,4.491174100465575e-06,0.5352234952656773
8.178947368421053,28.571428571428573,20,1.4,0.5734613909774435,1.071442857142857,1.6449042481203004,109.68224258275194,4.3816223033435555e-06,0.5352234952656773
8.178947368421053,28.571428571428573,20,1.5,0.5734613909774435,1.071442857142857,1.6449042481203004,111.74486049387446,4.283114195161804e-06,0.5352234952656773
8.178947368421053,28.571428571428573,30,1.1,0.5734613909774435,1.071442857142857,1.6449042481203004,102.66664677456191,5.407621402065474e-06,0.5352234952656773
8.178947368421053,28.571428571428573,30,1.2,0.5734613909774435,1.071442857142857,1.6449042481203004,105.16374456813821,5.227968837532151e-06,0.5352234952656773
8.178947368421053,28.571428571428573,30,1.3,0.5734613909774435,1.071442857142857,1.6449042481203004,107.49465184921638,5.070720429572799e-06,0.5352234952656773
8.178947368421053,28.571428571428573,30,1.4,0.5734613909774435,1.071442857142857,1.6449042481203004,109.68224258275194,4.9315092243590045e-06,0.5352234952656773
8.178947368421053,28.571428571428573,30,1.5,0.5734613909774435,1.071442857142857,1.6449042481203004,111.74486049387446,4.807075477777579e-06,0.5352234952656773
8.178947368421053,28.571428571428573,40,1.1,0.5734613909774435,1.071442857142857,1.6449042481203004,102.66664677456191,6.270539984819541e-06,0.5352234952656773
8.178947368421053,28.571428571428573,40,1.2,0.5734613909774435,1.071442857142857,1.6449042481203004,105.16374456813821,6.030250669581497e-06,0.5352234952656773
8.178947368421053,28.571428571428573,40,1.3,0.5734613909774435,1.071442857142857,1.6449042481203004,107.49465184921638,5.821997796096717e-06,0.5352234952656773
8.178947368421053,28.571428571428573,40,1.4,0.5734613909774435,1.071442857142857,1.6449042481203004,109.68224258275194,5.639223132748582e-06,0.5352234952656773
8.178947368421053,28.571428571428573,40,1.5,0.5734613909774435,1.071442857142857,1.6449042481203004,111.74486049387446,5.477099148419186e-06,0.5352234952656773
8.178947368421053,31.42857142857143,20,1.1,0.5462989473684211,1.0764458646616542,1.6227448120300751,102.66664677456191,4.689436762648939e-06,0.5075024813627135
8.178947368421053,31.42857142857143,20,1.2,0.5462989473684211,1.0764458646616542,1.6227448120300751,105.16374456813821,4.55193714643893e-06,0.5075024813627135
8.178947368421053,31.42857142857143,20,1.3,0.5462989473684211,1.0764458646616542,1.6227448120300751,107.49465184921638,4.430670952295661e-06,0.5075024813627135
8.178947368421053,31.42857142857143,20,1.4,0.5462989473684211,1.0764458646616542,1.6227448120300751,109.68224258275194,4.322594989435527e-06,0.5075024813627135
8.178947368421053,31.42857142857143,20,1.5,0.5462989473684211,1.0764458646616542,1.6227448120300751,111.74486049387446,4.225413939731566e-06,0.5075024813627135
8.178947368421053,31.42857142857143,30,1.1,0.5462989473684211,1.0764458646616542,1.6227448120300751,102.66664677456191,5.334772273615512e-06,0.5075024813627135
8.178947368421053,31.42857142857143,30,1.2,0.5462989473684211,1.0764458646616542,1.6227448120300751,105.16374456813821,5.157539910456688e-06,0.5075024813627135
8.178947368421053,31.42857142857143,30,1.3,0.5462989473684211,1.0764458646616542,1.6227448120300751,107.49465184921638,5.002409884798584e-06,0.5075024813627135
8.178947368421053,31.42857142857143,30,1.4,0.5462989473684211,1.0764458646616542,1.6227448120300751,109.68224258275194,4.865074072519365e-06,0.5075024813627135
8.178947368421053,31.42857142857143,30,1.5,0.5462989473684211,1.0764458646616542,1.6227448120300751,111.74486049387446,4.742316643363704e-06,0.5075024813627135
8.178947368421053,31.42857142857143,40,1.1,0.5462989473684211,1.0764458646616542,1.6227448120300751,102.66664677456191,6.186065991756665e-06,0.5075024813627135
8.178947368421053,31.42857142857143,40,1.2,0.5462989473684211,1.0764458646616542,1.6227448120300751,105.16374456813821,5.949013749880347e-06,0.5075024813627135
8.178947368421053,31.42857142857143,40,1.3,0.5462989473684211,1.0764458646616542,1.6227448120300751,107.49465184921638,5.743566368718823e-06,0.5075024813627135
8.178947368421053,31.42857142857143,40,1.4,0.5462989473684211,1.0764458646616542,1.6227448120300751,109.68224258275194,5.563253966305331e-06,0.5075024813627135
8.178947368421053,31.42857142857143,40,1.5,0.5462989473684211,1.0764458646616542,1.6227448120300751,111.74486049387446,5.403314045925885e-06,0.5075024813627135
8.178947368421053,34.285714285714285,20,1.1,0.5191973684210527,1.081406015037594,1.6006033834586466,102.66664677456191,4.6254520693375305e-06,0.4801132610705918
8.178947368421053,34.285714285714285,20,1.2,0.5191973684210527,1.081406015037594,1.6006033834586466,105.16374456813821,4.4898285570647175e-06,0.4801132610705918
8.178947368421053,34.285714285714285,20,1.3,0.5191973684210527,1.081406015037594,1.6006033834586466,107.49465184921638,4.370216971061834e-06,0.4801132610705918
8.178947368421053,34.285714285714285,20,1.4,0.5191973684210527,1.081406015037594,1.6006033834586466,109.68224258275194,4.263615643149977e-06,0.4801132610705918
8.178947368421053,34.285714285714285,20,1.5,0.5191973684210527,1.081406015037594,1.6006033834586466,111.74486049387446,4.167760573510512e-06,0.4801132610705918
8.178947368421053,34.285714285714285,30,1.1,0.5191973684210527,1.081406015037594,1.6006033834586466,102.66664677456191,5.261982344869213e-06,0.4801132610705918
8.178947368421053,34.285714285714285,30,1.2,0.5191973684210527,1.081406015037594,1.6006033834586466,105.16374456813821,5.087168216346135e-06,0.4801132610705918
8.178947368421053,34.285714285714285,30,1.3,0.5191973684210527,1.081406015037594,1.6006033834586466,107.49465184921638,4.934154851519068e-06,0.4801132610705918
8.178947368421053,34.285714285714285,30,1.4,0.5191973684210527,1.081406015037594,1.6006033834586466,109.68224258275194,4.798692908165718e-06,0.4801132610705918
8.178947368421053,34.285714285714285,30,1.5,0.5191973684210527,1.081406015037594,1.6006033834586466,111.74486049387446,4.677610434202711e-06,0.4801132610705918
8.178947368421053,34.285714285714285,40,1.1,0.5191973684210527,1.081406015037594,1.6006033834586466,102.66664677456191,6.101660645161673e-06,0.4801132610705918
8.178947368421053,34.285714285714285,40,1.2,0.5191973684210527,1.081406015037594,1.6006033834586466,105.16374456813821,5.867842846090096e-06,0.4801132610705918
8.178947368421053,34.285714285714285,40,1.3,0.5191973684210527,1.081406015037594,1.6006033834586466,107.49465184921638,5.665198677412415e-06,0.4801132610705918
8.178947368421053,34.285714285714285,40,1.4,0.5191973684210527,1.081406015037594,1.6006033834586466,109.68224258275194,5.487346535015769e-06,0.4801132610705918
8.178947368421053,34.285714285714285,40,1.5,0.5191973684210527,1.081406015037594,1.6006033834586466,111.74486049387446,5.3295889037408996e-06,0.4801132610705918
8.178947368421053,37.142857142857146,20,1.1,0.49209578947368415,1.086366165413534,1.578461954887218,102.66664677456191,4.561467376026123e-06,0.4529741491777443
8.178947368421053,37.142857142857146,20,1.2,0.49209578947368415,1.086366165413534,1.578461954887218,105.16374456813821,4.427719967690505e-06,0.4529741491777443
8.178947368421053,37.142857142857146,20,1.3,0.49209578947368415,1.086366165413534,1.578461954887218,107.49465184921638,4.309762989828006e-06,0.4529741491777443
8.178947368421053,37.142857142857146,20,1.4,0.49209578947368415,1.086366165413534,1.578461954887218,109.68224258275194,4.204636296864427e-06,0.4529741491777443
8.178947368421053,37.142857142857146,20,1.5,0.49209578947368415,1.086366165413534,1.578461954887218,111.74486049387446,4.1101072072894585e-06,0.4529741491777443
8.178947368421053,37.142857142857146,30,1.1,0.49209578947368415,1.086366165413534,1.578461954887218,102.66664677456191,5.189192416122914e-06,0.4529741491777443
8.178947368421053,37.142857142857146,30,1.2,0.49209578947368415,1.086366165413534,1.578461954887218,105.16374456813821,5.016796522235581e-06,0.4529741491777443
8.178947368421053,37.142857142857146,30,1.3,0.49209578947368415,1.086366165413534,1.578461954887218,107.49465184921638,4.8658998182395505e-06,0.4529741491777443
8.178947368421053,37.142857142857146,30,1.4,0.49209578947368415,1.086366165413534,1.578461954887218,109.68224258275194,4.732311743812071e-06,0.4529741491777443
8.178947368421053,37.142857142857146,30,1.5,0.49209578947368415,1.086366165413534,1.578461954887218,111.74486049387446,4.612904225041718e-06,0.4529741491777443
8.178947368421053,37.142857142857146,40,1.1,0.49209578947368415,1.086366165413534,1.578461954887218,102.66664677456191,6.017255298566681e-06,0.4529741491777443
8.178947368421053,37.142857142857146,40,1.2,0.49209578947368415,1.086366165413534,1.578461954887218,105.16374456813821,5.786671942299845e-06,0.4529741491777443
8.178947368421053,37.142857142857146,40,1.3,0.49209578947368415,1.086366165413534,1.578461954887218,107.49465184921638,5.586830986106008e-06,0.4529741491777443
8.178947368421053,37.142857142857146,40,1.4,0.49209578947368415,1.086366165413534,1.578461954887218,109.68224258275194,5.411439103726207e-06,0.4529741491777443
8.178947368421053,37.142857142857146,40,1.5,0.49209578947368415,1.086366165413534,1.578461954887218,111.74486049387446,5.255863761555915e-06,0.4529741491777443
8.178947368421053,40.0,20,1.1,0.4649942105263158,1.0913263157894737,1.5563205263157895,102.66664677456191,4.497482682714715e-06,0.42608173540645855
8.178947368421053,40.0,20,1.2,0.4649942105263158,1.0913263157894737,1.5563205263157895,105.16374456813821,4.365611378316292e-06,0.42608173540645855
8.178947368421053,40.0,20,1.3,0.4649942105263158,1.0913263157894737,1.5563205263157895,107.49465184921638,4.249309008594178e-06,0.42608173540645855
8.178947368421053,40.0,20,1.4,0.4649942105263158,1.0913263157894737,1.5563205263157895,109.68224258275194,4.145656950578877e-06,0.42608173540645855
8.178947368421053,40.0,20,1.5,0.4649942105263158,1.0913263157894737,1.5563205263157895,111.74486049387446,4.052453841068405e-06,0.42608173540645855
8.178947368421053,40.0,30,1.1,0.4649942105263158,1.0913263157894737,1.5563205263157895,102.66664677456191,5.1164024873766155e-06,0.42608173540645855
8.178947368421053,40.0,30,1.2,0.4649942105263158,1.0913263157894737,1.5563205263157895,105.16374456813821,4.946424828125027e-06,0.42608173540645855
8.178947368421053,40.0,30,1.3,0.4649942105263158,1.0913263157894737,1.5563205263157895,107.49465184921638,4.797644784960034e-06,0.42608173540645855
8.178947368421053,40.0,30,1.4,0.4649942105263158,1.0913263157894737,1.5563205263157895,109.68224258275194,4.665930579458424e-06,0.42608173540645855
8.178947368421053,40.0,30,1.5,0.4649942105263158,1.0913263157894737,1.5563205263157895,111.74486049387446,4.548198015880725e-06,0.42608173540645855
8.178947368421053,40.0,40,1.1,0.4649942105263158,1.0913263157894737,1.5563205263157895,102.66664677456191,5.932849951971689e-06,0.42608173540645855
8.178947368421053,40.0,40,1.2,0.4649942105263158,1.0913263157894737,1.5563205263157895,105.16374456813821,5.705501038509594e-06,0.42608173540645855
8.178947368421053,40.0,40,1.3,0.4649942105263158,1.0913263157894737,1.5563205263157895,107.49465184921638,5.508463294799601e-06,0.42608173540645855
8.178947368421053,40.0,40,1.4,0.4649942105263158,1.0913263157894737,1.5563205263157895,109.68224258275194,5.335531672436645e-06,0.42608173540645855
8.178947368421053,40.0,40,1.5,0.4649942105263158,1.0913263157894737,1.5563205263157895,111.74486049387446,5.182138619370929e-06,0.42608173540645855
8.263157894736842,0.0,20,1.1,0.8510494736842105,1.0432289473684209,1.8942784210526313,102.66664677456191,5.474119405911963e-06,0.8157839904950975
8.263157894736842,0.0,20,1.2,0.8510494736842105,1.0432289473684209,1.8942784210526313,105.16374456813821,5.313612002678428e-06,0.8157839904950975
8.263157894736842,0.0,20,1.3,0.8510494736842105,1.0432289473684209,1.8942784210526313,107.49465184921638,5.172054357221284e-06,0.8157839904950975
8.263157894736842,0.0,20,1.4,0.8510494736842105,1.0432289473684209,1.8942784210526313,109.68224258275194,5.0458940621689e-06,0.8157839904950975
8.263157894736842,0.0,20,1.5,0.8510494736842105,1.0432289473684209,1.8942784210526313,111.74486049387446,4.932451724208714e-06,0.8157839904950975
8.263157894736842,0.0,30,1.1,0.8510494736842105,1.0432289473684209,1.8942784210526313,102.66664677456191,6.22743879642886e-06,0.8157839904950975
8.263157894736842,0.0,30,1.2,0.8510494736842105,1.0432289473684209,1.8942784210526313,105.16374456813821,6.020550172564506e-06,0.8157839904950975
8.263157894736842,0.0,30,1.3,0.8510494736842105,1.0432289473684209,1.8942784210526313,107.49465184921638,5.839462266516071e-06,0.8157839904950975
8.263157894736842,0.0,30,1.4,0.8510494736842105,1.0432289473684209,1.8942784210526313,109.68224258275194,5.679146076496762e-06,0.8157839904950975
8.263157894736842,0.0,30,1.5,0.8510494736842105,1.0432289473684209,1.8942784210526313,111.74486049387446,5.5358476679302554e-06,0.8157839904950975
8.263157894736842,0.0,40,1.1,0.8510494736842105,1.0432289473684209,1.8942784210526313,102.66664677456191,7.221179345341834e-06,0.8157839904950975
8.263157894736842,0.0,40,1.2,0.8510494736842105,1.0432289473684209,1.8942784210526313,105.16374456813821,6.944461192789739e-06,0.8157839904950975
8.263157894736842,0.0,40,1.3,0.8510494736842105,1.0432289473684209,1.8942784210526313,107.49465184921638,6.7046363368352234e-06,0.8157839904950975
8.263157894736842,0.0,40,1.4,0.8510494736842105,1.0432289473684209,1.8942784210526313,109.68224258275194,6.49415229127988e-06,0.8157839904950975
8.263157894736842,0.0,40,1.5,0.8510494736842105,1.0432289473684209,1.8942784210526313,111.74486049387446,6.307449651657424e-06,0.8157839904950975
8.263157894736842,2.857142857142857,20,1.1,0.8234081954887218,1.0481823308270675,1.8715905263157893,102.66664677456191,5.40855552497559e-06,0.7855581717724741
8.263157894736842,2.857142857142857,20,1.2,0.8234081954887218,1.0481823308270675,1.8715905263157893,105.16374456813821,5.249970529255425e-06,0.7855581717724741
8.263157894736842,2.857142857142857,20,1.3,0.8234081954887218,1.0481823308270675,1.8715905263157893,107.49465184921638,5.110108328841435e-06,0.7855581717724741
8.263157894736842,2.857142857142857,20,1.4,0.8234081954887218,1.0481823308270675,1.8715905263157893,109.68224258275194,4.985459063774035e-06,0.7855581717724741
8.263157894736842,2.857142857142857,20,1.5,0.8234081954887218,1.0481823308270675,1.8715905263157893,111.74486049387446,4.8733754320070545e-06,0.7855581717724741
8.263157894736842,2.857142857142857,30,1.1,0.8234081954887218,1.0481823308270675,1.8715905263157893,102.66664677456191,6.152852360600175e-06,0.7855581717724741
8.263157894736842,2.857142857142857,30,1.2,0.8234081954887218,1.0481823308270675,1.8715905263157893,105.16374456813821,5.9484416551179964e-06,0.7855581717724741
8.263157894736842,2.857142857142857,30,1.3,0.8234081954887218,1.0481823308270675,1.8715905263157893,107.49465184921638,5.7695226505915765e-06,0.7855581717724741
8.263157894736842,2.857142857142857,30,1.4,0.8234081954887218,1.0481823308270675,1.8715905263157893,109.68224258275194,5.611126577912648e-06,0.7855581717724741
8.263157894736842,2.857142857142857,30,1.5,0.8234081954887218,1.0481823308270675,1.8715905263157893,111.74486049387446,5.4695444636212495e-06,0.7855581717724741
8.263157894736842,2.857142857142857,40,1.1,0.8234081954887218,1.0481823308270675,1.8715905263157893,102.66664677456191,7.134690814911374e-06,0.7855581717724741
8.263157894736842,2.857142857142857,40,1.2,0.8234081954887218,1.0481823308270675,1.8715905263157893,105.16374456813821,6.861286933507122e-06,0.7855581717724741
8.263157894736842,2.857142857142857,40,1.3,0.8234081954887218,1.0481823308270675,1.8715905263157893,107.49465184921638,6.624334475309295e-06,0.7855581717724741
8.263157894736842,2.857142857142857,40,1.4,0.8234081954887218,1.0481823308270675,1.8715905263157893,109.68224258275194,6.416371410733447e-06,0.7855581717724741
8.263157894736842,2.857142857142857,40,1.5,0.8234081954887218,1.0481823308270675,1.8715905263157893,111.74486049387446,6.231904920658898e-06,0.7855581717724741
8.263157894736842,5.714285714285714,20,1.1,0.7957669172932331,1.0531357142857143,1.8489026315789474,102.66664677456191,5.342991644039218e-06,0.7556166850090725
8.263157894736842,5.714285714285714,20,1.2,0.7957669172932331,1.0531357142857143,1.8489026315789474,105.16374456813821,5.186329055832423e-06,0.7556166850090725
8.263157894736842,5.714285714285714,20,1.3,0.7957669172932331,1.0531357142857143,1.8489026315789474,107.49465184921638,5.048162300461587e-06,0.7556166850090725
8.263157894736842,5.714285714285714,20,1.4,0.7957669172932331,1.0531357142857143,1.8489026315789474,109.68224258275194,4.92502406537917e-06,0.7556166850090725
8.263157894736842,5.714285714285714,20,1.5,0.7957669172932331,1.0531357142857143,1.8489026315789474,111.74486049387446,4.814299139805396e-06,0.7556166850090725
8.263157894736842,5.714285714285714,30,1.1,0.7957669172932331,1.0531357142857143,1.8489026315789474,102.66664677456191,6.078265924771491e-06,0.7556166850090725
8.263157894736842,5.714285714285714,30,1.2,0.7957669172932331,1.0531357142857143,1.8489026315789474,105.16374456813821,5.876333137671488e-06,0.7556166850090725
8.263157894736842,5.714285714285714,30,1.3,0.7957669172932331,1.0531357142857143,1.8489026315789474,107.49465184921638,5.699583034667083e-06,0.7556166850090725
8.263157894736842,5.714285714285714,30,1.4,0.7957669172932331,1.0531357142857143,1.8489026315789474,109.68224258275194,5.543107079328534e-06,0.7556166850090725
8.263157894736842,5.714285714285714,30,1.5,0.7957669172932331,1.0531357142857143,1.8489026315789474,111.74486049387446,5.4032412593122435e-06,0.7556166850090725
8.263157894736842,5.714285714285714,40,1.1,0.7957669172932331,1.0531357142857143,1.8489026315789474,102.66664677456191,7.048202284480915e-06,0.7556166850090725
8.263157894736842,5.714285714285714,40,1.2,0.7957669172932331,1.0531357142857143,1.8489026315789474,105.16374456813821,6.778112674224506e-06,0.7556166850090725
8.263157894736842,5.714285714285714,40,1.3,0.7957669172932331,1.0531357142857143,1.8489026315789474,107.49465184921638,6.5440326137833665e-06,0.7556166850090725
8.263157894736842,5.714285714285714,40,1.4,0.7957669172932331,1.0531357142857143,1.8489026315789474,109.68224258275194,6.3385905301870155e-06,0.7556166850090725
8.263157894736842,5.714285714285714,40,1.5,0.7957669172932331,1.0531357142857143,1.8489026315789474,111.74486049387446,6.156360189660372e-06,0.7556166850090725
8.263157894736842,8.571428571428571,20,1.1,0.7681256390977443,1.0580890977443609,1.8262147368421053,102.66664677456191,5.277427763102845e-06,0.7259555369535874
8.263157894736842,8.571428571428571,20,1.2,0.7681256390977443,1.0580890977443609,1.8262147368421053,105.16374456813821,5.12268758240942e-06,0.7259555369535874
8.263157894736842,8.571428571428571,20,1.3,0.7681256390977443,1.0580890977443609,1.8262147368421053,107.49465184921638,4.986216272081738e-06,0.7259555369535874
8.263157894736842,8.571428571428571,20,1.4,0.7681256390977443,1.0580890977443609,1.8262147368421053,109.68224258275194,4.864589066984304e-06,0.7259555369535874
8.263157894736842,8.571428571428571,20,1.5,0.7681256390977443,1.0580890977443609,1.8262147368421053,111.74486049387446,4.755222847603737e-06,0.7259555369535874
8.263157894736842,8.571428571428571,30,1.1,0.7681256390977443,1.0580890977443609,1.8262147368421053,102.66664677456191,6.003679488942806e-06,0.7259555369535874
8.263157894736842,8.571428571428571,30,1.2,0.7681256390977443,1.0580890977443609,1.8262147368421053,105.16374456813821,5.804224620224979e-06,0.7259555369535874
8.263157894736842,8.571428571428571,30,1.3,0.7681256390977443,1.0580890977443609,1.8262147368421053,107.49465184921638,5.6296434187425896e-06,0.7259555369535874
8.263157894736842,8.571428571428571,30,1.4,0.7681256390977443,1.0580890977443609,1.8262147368421053,109.68224258275194,5.47508758074442e-06,0.7259555369535874
8.263157894736842,8.571428571428571,30,1.5,0.7681256390977443,1.0580890977443609,1.8262147368421053,111.74486049387446,5.3369380550032375e-06,0.7259555369535874
8.263157894736842,8.571428571428571,40,1.1,0.7681256390977443,1.0580890977443609,1.8262147368421053,102.66664677456191,6.9617137540504555e-06,0.7259555369535874
8.263157894736842,8.571428571428571,40,1.2,0.7681256390977443,1.0580890977443609,1.8262147368421053,105.16374456813821,6.694938414941888e-06,0.7259555369535874
8.263157894736842,8.571428571428571,40,1.3,0.7681256390977443,1.0580890977443609,1.8262147368421053,107.49465184921638,6.463730752257437e-06,0.7259555369535874
8.263157894736842,8.571428571428571,40,1.4,0.7681256390977443,1.0580890977443609,1.8262147368421053,109.68224258275194,6.260809649640583e-06,0.7259555369535874
8.263157894736842,8.571428571428571,40,1.5,0.7681256390977443,1.0580890977443609,1.8262147368421053,111.74486049387446,6.0808154586618455e-06,0.7259555369535874
8.263157894736842,11.428571428571429,20,1.1,0.7405794360902256,1.0630969924812028,1.8036764285714284,102.66664677456191,5.212296159791659e-06,0.6966245237527753
8.263157894736842,11.428571428571429,20,1.2,0.7405794360902256,1.0630969924812028,1.8036764285714284,105.16374456813821,5.059465711740278e-06,0.6966245237527753
8.263157894736842,11.428571428571429,20,1.3,0.7405794360902256,1.0630969924812028,1.8036764285714284,107.49465184921638,4.92467866799977e-06,0.6966245237527753
8.263157894736842,11.428571428571429,20,1.4,0.7405794360902256,1.0630969924812028,1.8036764285714284,109.68224258275194,4.804552530321893e-06,0.6966245237527753
8.263157894736842,11.428571428571429,20,1.5,0.7405794360902256,1.0630969924812028,1.8036764285714284,111.74486049387446,4.6965360588746166e-06,0.6966245237527753
8.263157894736842,11.428571428571429,30,1.1,0.7405794360902256,1.0630969924812028,1.8036764285714284,102.66664677456191,5.9295848185021784e-06,0.6966245237527753
8.263157894736842,11.428571428571429,30,1.2,0.7405794360902256,1.0630969924812028,1.8036764285714284,105.16374456813821,5.732591530685304e-06,0.6966245237527753
8.263157894736842,11.428571428571429,30,1.3,0.7405794360902256,1.0630969924812028,1.8036764285714284,107.49465184921638,5.560164930662368e-06,0.6966245237527753
8.263157894736842,11.428571428571429,30,1.4,0.7405794360902256,1.0630969924812028,1.8036764285714284,109.68224258275194,5.4075165502328845e-06,0.6966245237527753
8.263157894736842,11.428571428571429,30,1.5,0.7405794360902256,1.0630969924812028,1.8036764285714284,111.74486049387446,5.271072002847088e-06,0.6966245237527753
8.263157894736842,11.428571428571429,40,1.1,0.7405794360902256,1.0630969924812028,1.8036764285714284,102.66664677456191,6.875795462233184e-06,0.6966245237527753
8.263157894736842,11.428571428571429,40,1.2,0.7405794360902256,1.0630969924812028,1.8036764285714284,105.16374456813821,6.612312542526642e-06,0.6966245237527753
8.263157894736842,11.428571428571429,40,1.3,0.7405794360902256,1.0630969924812028,1.8036764285714284,107.49465184921638,6.383958339225142e-06,0.6966245237527753
8.263157894736842,11.428571428571429,40,1.4,0.7405794360902256,1.0630969924812028,1.8036764285714284,109.68224258275194,6.183541596185033e-06,0.6966245237527753
8.263157894736842,11.428571428571429,40,1.5,0.7405794360902256,1.0630969924812028,1.8036764285714284,111.74486049387446,6.005768811310063e-06,0.6966245237527753
8.263157894736842,14.285714285714286,20,1.1,0.7131283082706767,1.0681593984962408,1.7812877067669175,102.66664677456191,5.147596834105664e-06,0.6676234925935415
8.263157894736842,14.285714285714286,20,1.2,0.7131283082706767,1.0681593984962408,1.7812877067669175,105.16374456813821,4.996663443825e-06,0.6676234925935415
8.263157894736842,14.285714285714286,20,1.3,0.7131283082706767,1.0681593984962408,1.7812877067669175,107.49465184921638,4.863549488215687e-06,0.6676234925935415
8.263157894736842,14.285714285714286,20,1.4,0.7131283082706767,1.0681593984962408,1.7812877067669175,109.68224258275194,4.744914455391938e-06,0.6676234925935415
8.263157894736842,14.285714285714286,20,1.5,0.7131283082706767,1.0681593984962408,1.7812877067669175,111.74486049387446,4.638238773618037e-06,0.6676234925935415
8.263157894736842,14.285714285714286,30,1.1,0.7131283082706767,1.0681593984962408,1.7812877067669175,102.66664677456191,5.855981913449611e-06,0.6676234925935415
8.263157894736842,14.285714285714286,30,1.2,0.7131283082706767,1.0681593984962408,1.7812877067669175,105.16374456813821,5.661433869052468e-06,0.6676234925935415
8.263157894736842,14.285714285714286,30,1.3,0.7131283082706767,1.0681593984962408,1.7812877067669175,107.49465184921638,5.491147570426423e-06,0.6676234925935415
8.263157894736842,14.285714285714286,30,1.4,0.7131283082706767,1.0681593984962408,1.7812877067669175,109.68224258275194,5.3403939877939325e-06,0.6676234925935415
8.263157894736842,14.285714285714286,30,1.5,0.7131283082706767,1.0681593984962408,1.7812877067669175,111.74486049387446,5.2056431028437994e-06,0.6676234925935415
8.263157894736842,14.285714285714286,40,1.1,0.7131283082706767,1.0681593984962408,1.7812877067669175,102.66664677456191,6.7904474090291055e-06,0.6676234925935415
8.263157894736842,14.285714285714286,40,1.2,0.7131283082706767,1.0681593984962408,1.7812877067669175,105.16374456813821,6.530235056978771e-06,0.6676234925935415
8.263157894736842,14.285714285714286,40,1.3,0.7131283082706767,1.0681593984962408,1.7812877067669175,107.49465184921638,6.304715374686484e-06,0.6676234925935415
8.263157894736842,14.285714285714286,40,1.4,0.7131283082706767,1.0681593984962408,1.7812877067669175,109.68224258275194,6.10678636982037e-06,0.6676234925935415
8.263157894736842,14.285714285714286,40,1.5,0.7131283082706767,1.0681593984962408,1.7812877067669175,111.74486049387446,5.931220247605027e-06,0.6676234925935415
8.263157894736842,17.142857142857142,20,1.1,0.6856771804511278,1.0732218045112782,1.7588989849624062,102.66664677456191,5.0828975084196675e-06,0.6388960581763153
8.263157894736842,17.142857142857142,20,1.2,0.6856771804511278,1.0732218045112782,1.7588989849624062,105.16374456813821,4.933861175909721e-06,0.6388960581763153
8.263157894736842,17.142857142857142,20,1.3,0.6856771804511278,1.0732218045112782,1.7588989849624062,107.49465184921638,4.802420308431603e-06,0.6388960581763153
8.263157894736842,17.142857142857142,20,1.4,0.6856771804511278,1.0732218045112782,1.7588989849624062,109.68224258275194,4.685276380461982e-06,0.6388960581763153
8.263157894736842,17.142857142857142,20,1.5,0.6856771804511278,1.0732218045112782,1.7588989849624062,111.74486049387446,4.579941488361456e-06,0.6388960581763153
8.263157894736842,17.142857142857142,30,1.1,0.6856771804511278,1.0732218045112782,1.7588989849624062,102.66664677456191,5.7823790083970424e-06,0.6388960581763153
8.263157894736842,17.142857142857142,30,1.2,0.6856771804511278,1.0732218045112782,1.7588989849624062,105.16374456813821,5.59027620741963e-06,0.6388960581763153
8.263157894736842,17.142857142857142,30,1.3,0.6856771804511278,1.0732218045112782,1.7588989849624062,107.49465184921638,5.422130210190477e-06,0.6388960581763153
8.263157894736842,17.142857142857142,30,1.4,0.6856771804511278,1.0732218045112782,1.7588989849624062,109.68224258275194,5.273271425354978e-06,0.6388960581763153
8.263157894736842,17.142857142857142,30,1.5,0.6856771804511278,1.0732218045112782,1.7588989849624062,111.74486049387446,5.140214202840509e-06,0.6388960581763153
8.263157894736842,17.142857142857142,40,1.1,0.6856771804511278,1.0732218045112782,1.7588989849624062,102.66664677456191,6.705099355825025e-06,0.6388960581763153
8.263157894736842,17.142857142857142,40,1.2,0.6856771804511278,1.0732218045112782,1.7588989849624062,105.16374456813821,6.448157571430898e-06,0.6388960581763153
8.263157894736842,17.142857142857142,40,1.3,0.6856771804511278,1.0732218045112782,1.7588989849624062,107.49465184921638,6.225472410147825e-06,0.6388960581763153
8.263157894736842,17.142857142857142,40,1.4,0.6856771804511278,1.0732218045112782,1.7588989849624062,109.68224258275194,6.0300311434557044e-06,0.6388960581763153
8.263157894736842,17.142857142857142,40,1.5,0.6856771804511278,1.0732218045112782,1.7588989849624062,111.74486049387446,5.856671683899989e-06,0.6388960581763153
8.263157894736842,20.0,20,1.1,0.658226052631579,1.078284210526316,1.736510263157895,102.66664677456191,5.018198182733671e-06,0.6104383669963
8.263157894736842,20.0,20,1.2,0.658226052631579,1.078284210526316,1.736510263157895,105.16374456813821,4.871058907994442e-06,0.6104383669963
8.263157894736842,20.0,20,1.3,0.658226052631579,1.078284210526316,1.736510263157895,107.49465184921638,4.741291128647518e-06,0.6104383669963
8.263157894736842,20.0,20,1.4,0.658226052631579,1.078284210526316,1.736510263157895,109.68224258275194,4.625638305532027e-06,0.6104383669963
8.263157894736842,20.0,20,1.5,0.658226052631579,1.078284210526316,1.736510263157895,111.74486049387446,4.521644203104875e-06,0.6104383669963
8.263157894736842,20.0,30,1.1,0.658226052631579,1.078284210526316,1.736510263157895,102.66664677456191,5.7087761033444744e-06,0.6104383669963
8.263157894736842,20.0,30,1.2,0.658226052631579,1.078284210526316,1.736510263157895,105.16374456813821,5.519118545786793e-06,0.6104383669963
8.263157894736842,20.0,30,1.3,0.658226052631579,1.078284210526316,1.736510263157895,107.49465184921638,5.353112849954531e-06,0.6104383669963
8.263157894736842,20.0,30,1.4,0.658226052631579,1.078284210526316,1.736510263157895,109.68224258275194,5.206148862916025e-06,0.6104383669963
8.263157894736842,20.0,30,1.5,0.658226052631579,1.078284210526316,1.736510263157895,111.74486049387446,5.07478530283722e-06,0.6104383669963
8.263157894736842,20.0,40,1.1,0.658226052631579,1.078284210526316,1.736510263157895,102.66664677456191,6.619751302620945e-06,0.6104383669963
8.263157894736842,20.0,40,1.2,0.658226052631579,1.078284210526316,1.736510263157895,105.16374456813821,6.366080085883026e-06,0.6104383669963
8.263157894736842,20.0,40,1.3,0.658226052631579,1.078284210526316,1.736510263157895,107.49465184921638,6.1462294456091654e-06,0.6104383669963
8.263157894736842,20.0,40,1.4,0.658226052631579,1.078284210526316,1.736510263157895,109.68224258275194,5.95327591709104e-06,0.6104383669963
8.263157894736842,20.0,40,1.5,0.658226052631579,1.078284210526316,1.736510263157895,111.74486049387446,5.782123120194952e-06,0.6104383669963
8.263157894736842,22.857142857142858,20,1.1,0.6309474060150375,1.0833180451127817,1.7142654511278193,102.66664677456191,4.953914730068336e-06,0.582421209414407
8.263157894736842,22.857142857142858,20,1.2,0.6309474060150375,1.0833180451127817,1.7142654511278193,105.16374456813821,4.80866031923015e-06,0.582421209414407
8.263157894736842,22.857142857142858,20,1.3,0.6309474060150375,1.0833180451127817,1.7142654511278193,107.49465184921638,4.680554873772278e-06,0.582421209414407
8.263157894736842,22.857142857142858,20,1.4,0.6309474060150375,1.0833180451127817,1.7142654511278193,109.68224258275194,4.566383571017209e-06,0.582421209414407
8.263157894736842,22.857142857142858,20,1.5,0.6309474060150375,1.0833180451127817,1.7142654511278193,111.74486049387446,4.463721639962613e-06,0.582421209414407
8.263157894736842,22.857142857142858,30,1.1,0.6309474060150375,1.0833180451127817,1.7142654511278193,102.66664677456191,5.635646301560435e-06,0.582421209414407
8.263157894736842,22.857142857142858,30,1.2,0.6309474060150375,1.0833180451127817,1.7142654511278193,105.16374456813821,5.448418269936152e-06,0.582421209414407
8.263157894736842,22.857142857142858,30,1.3,0.6309474060150375,1.0833180451127817,1.7142654511278193,107.49465184921638,5.284539118114632e-06,0.582421209414407
8.263157894736842,22.857142857142858,30,1.4,0.6309474060150375,1.0833180451127817,1.7142654511278193,109.68224258275194,5.139457749530058e-06,0.582421209414407
8.263157894736842,22.857142857142858,30,1.5,0.6309474060150375,1.0833180451127817,1.7142654511278193,111.74486049387446,5.009776965397672e-06,0.582421209414407
8.263157894736842,22.857142857142858,40,1.1,0.6309474060150375,1.0833180451127817,1.7142654511278193,102.66664677456191,6.534951847911784e-06,0.582421209414407
8.263157894736842,22.857142857142858,40,1.2,0.6309474060150375,1.0833180451127817,1.7142654511278193,105.16374456813821,6.284530176341259e-06,0.582421209414407
8.263157894736842,22.857142857142858,40,1.3,0.6309474060150375,1.0833180451127817,1.7142654511278193,107.49465184921638,6.06749583739964e-06,0.582421209414407
8.263157894736842,22.857142857142858,40,1.4,0.6309474060150375,1.0833180451127817,1.7142654511278193,109.68224258275194,5.877014056422253e-06,0.582421209414407
8.263157894736842,22.857142857142858,40,1.5,0.6309474060150375,1.0833180451127817,1.7142654511278193,111.74486049387446,5.708053738244057e-06,0.582421209414407
8.263157894736842,25.714285714285715,20,1.1,0.6036687593984962,1.088351879699248,1.6920206390977441,102.66664677456191,4.8896312774030035e-06,0.5546632212049951
8.263157894736842,25.714285714285715,20,1.2,0.6036687593984962,1.088351879699248,1.6920206390977441,105.16374456813821,4.746261730465859e-06,0.5546632212049951
8.263157894736842,25.714285714285715,20,1.3,0.6036687593984962,1.088351879699248,1.6920206390977441,107.49465184921638,4.619818618897038e-06,0.5546632212049951
8.263157894736842,25.714285714285715,20,1.4,0.6036687593984962,1.088351879699248,1.6920206390977441,109.68224258275194,4.507128836502393e-06,0.5546632212049951
8.263157894736842,25.714285714285715,20,1.5,0.6036687593984962,1.088351879699248,1.6920206390977441,111.74486049387446,4.405799076820352e-06,0.5546632212049951
8.263157894736842,25.714285714285715,30,1.1,0.6036687593984962,1.088351879699248,1.6920206390977441,102.66664677456191,5.562516499776398e-06,0.5546632212049951
8.263157894736842,25.714285714285715,30,1.2,0.6036687593984962,1.088351879699248,1.6920206390977441,105.16374456813821,5.377717994085513e-06,0.5546632212049951
8.263157894736842,25.714285714285715,30,1.3,0.6036687593984962,1.088351879699248,1.6920206390977441,107.49465184921638,5.215965386274735e-06,0.5546632212049951
8.263157894736842,25.714285714285715,30,1.4,0.6036687593984962,1.088351879699248,1.6920206390977441,109.68224258275194,5.072766636144092e-06,0.5546632212049951
8.263157894736842,25.714285714285715,30,1.5,0.6036687593984962,1.088351879699248,1.6920206390977441,111.74486049387446,4.944768627958127e-06,0.5546632212049951
8.263157894736842,25.714285714285715,40,1.1,0.6036687593984962,1.088351879699248,1.6920206390977441,102.66664677456191,6.450152393202625e-06,0.5546632212049951
8.263157894736842,25.714285714285715,40,1.2,0.6036687593984962,1.088351879699248,1.6920206390977441,105.16374456813821,6.202980266799495e-06,0.5546632212049951
8.263157894736842,25.714285714285715,40,1.3,0.6036687593984962,1.088351879699248,1.6920206390977441,107.49465184921638,5.9887622291901185e-06,0.5546632212049951
8.263157894736842,25.714285714285715,40,1.4,0.6036687593984962,1.088351879699248,1.6920206390977441,109.68224258275194,5.800752195753467e-06,0.5546632212049951
8.263157894736842,25.714285714285715,40,1.5,0.6036687593984962,1.088351879699248,1.6920206390977441,111.74486049387446,5.633984356293163e-06,0.5546632212049951
8.263157894736842,28.571428571428573,20,1.1,0.5763901127819548,1.0933857142857142,1.669775827067669,102.66664677456191,4.825347824737671e-06,0.5271608228012182
8.263157894736842,28.571428571428573,20,1.2,0.5763901127819548,1.0933857142857142,1.669775827067669,105.16374456813821,4.683863141701569e-06,0.5271608228012182
8.263157894736842,28.571428571428573,20,1.3,0.5763901127819548,1.0933857142857142,1.669775827067669,107.49465184921638,4.559082364021799e-06,0.5271608228012182
8.263157894736842,28.571428571428573,20,1.4,0.5763901127819548,1.0933857142857142,1.669775827067669,109.68224258275194,4.447874101987576e-06,0.5271608228012182
8.263157894736842,28.571428571428573,20,1.5,0.5763901127819548,1.0933857142857142,1.669775827067669,111.74486049387446,4.3478765136780915e-06,0.5271608228012182
8.263157894736842,28.571428571428573,30,1.1,0.5763901127819548,1.0933857142857142,1.669775827067669,102.66664677456191,5.489386697992362e-06,0.5271608228012182
8.263157894736842,28.571428571428573,30,1.2,0.5763901127819548,1.0933857142857142,1.669775827067669,105.16374456813821,5.307017718234874e-06,0.5271608228012182
8.263157894736842,28.571428571428573,30,1.3,0.5763901127819548,1.0933857142857142,1.669775827067669,107.49465184921638,5.147391654434838e-06,0.5271608228012182
8.263157894736842,28.571428571428573,30,1.4,0.5763901127819548,1.0933857142857142,1.669775827067669,109.68224258275194,5.006075522758126e-06,0.5271608228012182
8.263157894736842,28.571428571428573,30,1.5,0.5763901127819548,1.0933857142857142,1.669775827067669,111.74486049387446,4.8797602905185815e-06,0.5271608228012182
8.263157894736842,28.571428571428573,40,1.1,0.5763901127819548,1.0933857142857142,1.669775827067669,102.66664677456191,6.3653529384934655e-06,0.5271608228012182
8.263157894736842,28.571428571428573,40,1.2,0.5763901127819548,1.0933857142857142,1.669775827067669,105.16374456813821,6.12143035725773e-06,0.5271608228012182
8.263157894736842,28.571428571428573,40,1.3,0.5763901127819548,1.0933857142857142,1.669775827067669,107.49465184921638,5.910028620980596e-06,0.5271608228012182
8.263157894736842,28.571428571428573,40,1.4,0.5763901127819548,1.0933857142857142,1.669775827067669,109.68224258275194,5.7244903350846815e-06,0.5271608228012182
8.263157894736842,28.571428571428573,40,1.5,0.5763901127819548,1.0933857142857142,1.669775827067669,111.74486049387446,5.55991497434227e-06,0.5271608228012182
8.263157894736842,31.42857142857143,20,1.1,0.5491717293233083,1.0983766917293232,1.6475484210526314,102.66664677456191,4.761114672283563e-06,0.4999848717279978
8.263157894736842,31.42857142857143,20,1.2,0.5491717293233083,1.0983766917293232,1.6475484210526314,105.16374456813821,4.621513378289135e-06,0.4999848717279978
8.263157894736842,31.42857142857143,20,1.3,0.5491717293233083,1.0983766917293232,1.6475484210526314,107.49465184921638,4.4983936337632776e-06,0.4999848717279978
8.263157894736842,31.42857142857143,20,1.4,0.5491717293233083,1.0983766917293232,1.6475484210526314,109.68224258275194,4.388665732836451e-06,0.4999848717279978
8.263157894736842,31.42857142857143,20,1.5,0.5491717293233083,1.0983766917293232,1.6475484210526314,111.74486049387446,4.289999273508383e-06,0.4999848717279978
8.263157894736842,31.42857142857143,30,1.1,0.5491717293233083,1.0983766917293232,1.6475484210526314,102.66664677456191,5.416314118468861e-06,0.4999848717279978
8.263157894736842,31.42857142857143,30,1.2,0.5491717293233083,1.0983766917293232,1.6475484210526314,105.16374456813821,5.2363727636008385e-06,0.4999848717279978
8.263157894736842,31.42857142857143,30,1.3,0.5491717293233083,1.0983766917293232,1.6475484210526314,107.49465184921638,5.0788715798434704e-06,0.4999848717279978
8.263157894736842,31.42857142857143,30,1.4,0.5491717293233083,1.0983766917293232,1.6475484210526314,109.68224258275194,4.939436593518329e-06,0.4999848717279978
8.263157894736842,31.42857142857143,30,1.5,0.5491717293233083,1.0983766917293232,1.6475484210526314,111.74486049387446,4.814802820494662e-06,0.4999848717279978
8.263157894736842,31.42857142857143,40,1.1,0.5491717293233083,1.0983766917293232,1.6475484210526314,102.66664677456191,6.280619837259528e-06,0.4999848717279978
8.263157894736842,31.42857142857143,40,1.2,0.5491717293233083,1.0983766917293232,1.6475484210526314,105.16374456813821,6.039944258502493e-06,0.4999848717279978
8.263157894736842,31.42857142857143,40,1.3,0.5491717293233083,1.0983766917293232,1.6475484210526314,107.49465184921638,5.831356619871488e-06,0.4999848717279978
8.263157894736842,31.42857142857143,40,1.4,0.5491717293233083,1.0983766917293232,1.6475484210526314,109.68224258275194,5.648288147435017e-06,0.4999848717279978
8.263157894736842,31.42857142857143,40,1.5,0.5491717293233083,1.0983766917293232,1.6475484210526314,111.74486049387446,5.485903549850146e-06,0.4999848717279978
8.263157894736842,34.285714285714285,20,1.1,0.5220136090225563,1.103324812030075,1.6253384210526312,102.66664677456191,4.696931820040678e-06,0.4731277710161086
8.263157894736842,34.285714285714285,20,1.2,0.5220136090225563,1.103324812030075,1.6253384210526312,105.16374456813821,4.559212440228557e-06,0.4731277710161086
8.263157894736842,34.285714285714285,20,1.3,0.5220136090225563,1.103324812030075,1.6253384210526312,107.49465184921638,4.437752428121472e-06,0.4731277710161086
8.263157894736842,34.285714285714285,20,1.4,0.5220136090225563,1.103324812030075,1.6253384210526312,109.68224258275194,4.329503729049015e-06,0.4731277710161086
8.263157894736842,34.285714285714285,20,1.5,0.5220136090225563,1.103324812030075,1.6253384210526312,111.74486049387446,4.232167356311227e-06,0.4731277710161086
8.263157894736842,34.285714285714285,30,1.1,0.5220136090225563,1.103324812030075,1.6253384210526312,102.66664677456191,5.343298761205894e-06,0.4731277710161086
8.263157894736842,34.285714285714285,30,1.2,0.5220136090225563,1.103324812030075,1.6253384210526312,105.16374456813821,5.165783130183405e-06,0.4731277710161086
8.263157894736842,34.285714285714285,30,1.3,0.5220136090225563,1.103324812030075,1.6253384210526312,107.49465184921638,5.010405162500631e-06,0.4731277710161086
8.263157894736842,34.285714285714285,30,1.4,0.5220136090225563,1.103324812030075,1.6253384210526312,109.68224258275194,4.8728498484246995e-06,0.4731277710161086
8.263157894736842,34.285714285714285,30,1.5,0.5220136090225563,1.103324812030075,1.6253384210526312,111.74486049387446,4.749896217886367e-06,0.4731277710161086
8.263157894736842,34.285714285714285,40,1.1,0.5220136090225563,1.103324812030075,1.6253384210526312,102.66664677456191,6.195953089500811e-06,0.4731277710161086
8.263157894736842,34.285714285714285,40,1.2,0.5220136090225563,1.103324812030075,1.6253384210526312,105.16374456813821,5.958521970533782e-06,0.4731277710161086
8.263157894736842,34.285714285714285,40,1.3,0.5220136090225563,1.103324812030075,1.6253384210526312,107.49465184921638,5.752746225862795e-06,0.4731277710161086
8.263157894736842,34.285714285714285,40,1.4,0.5220136090225563,1.103324812030075,1.6253384210526312,109.68224258275194,5.57214563280447e-06,0.4731277710161086
8.263157894736842,34.285714285714285,40,1.5,0.5220136090225563,1.103324812030075,1.6253384210526312,111.74486049387446,5.4119500828167905e-06,0.4731277710161086
8.263157894736842,37.142857142857146,20,1.1,0.49485548872180446,1.1082729323308271,1.6031284210526315,102.66664677456191,4.632748967797795e-06,0.44651048878462246
8.263157894736842,37.142857142857146,20,1.2,0.49485548872180446,1.1082729323308271,1.6031284210526315,105.16374456813821,4.496911502167981e-06,0.44651048878462246
8.263157894736842,37.142857142857146,20,1.3,0.49485548872180446,1.1082729323308271,1.6031284210526315,107.49465184921638,4.377111222479669e-06,0.44651048878462246
8.263157894736842,37.142857142857146,20,1.4,0.49485548872180446,1.1082729323308271,1.6031284210526315,109.68224258275194,4.270341725261582e-06,0.44651048878462246
8.263157894736842,37.142857142857146,20,1.5,0.49485548872180446,1.1082729323308271,1.6031284210526315,111.74486049387446,4.174335439114071e-06,0.44651048878462246
8.263157894736842,37.142857142857146,30,1.1,0.49485548872180446,1.1082729323308271,1.6031284210526315,102.66664677456191,5.270283403942928e-06,0.44651048878462246
8.263157894736842,37.142857142857146,30,1.2,0.49485548872180446,1.1082729323308271,1.6031284210526315,105.16374456813821,5.0951934967659745e-06,0.44651048878462246
8.263157894736842,37.142857142857146,30,1.3,0.49485548872180446,1.1082729323308271,1.6031284210526315,107.49465184921638,4.941938745157795e-06,0.44651048878462246
8.263157894736842,37.142857142857146,30,1.4,0.49485548872180446,1.1082729323308271,1.6031284210526315,109.68224258275194,4.806263103331072e-06,0.44651048878462246
8.263157894736842,37.142857142857146,30,1.5,0.49485548872180446,1.1082729323308271,1.6031284210526315,111.74486049387446,4.684989615278073e-06,0.44651048878462246
8.263157894736842,37.142857142857146,40,1.1,0.49485548872180446,1.1082729323308271,1.6031284210526315,102.66664677456191,6.111286341742096e-06,0.44651048878462246
8.263157894736842,37.142857142857146,40,1.2,0.49485548872180446,1.1082729323308271,1.6031284210526315,105.16374456813821,5.877099682565074e-06,0.44651048878462246
8.263157894736842,37.142857142857146,40,1.3,0.49485548872180446,1.1082729323308271,1.6031284210526315,107.49465184921638,5.6741358318541045e-06,0.44651048878462246
8.263157894736842,37.142857142857146,40,1.4,0.49485548872180446,1.1082729323308271,1.6031284210526315,109.68224258275194,5.4960031181739264e-06,0.44651048878462246
8.263157894736842,37.142857142857146,40,1.5,0.49485548872180446,1.1082729323308271,1.6031284210526315,111.74486049387446,5.3379966157834365e-06,0.44651048878462246
8.263157894736842,40.0,20,1.1,0.46769736842105264,1.113221052631579,1.5809184210526315,102.66664677456191,4.5685661155549105e-06,0.4201298271492871
8.263157894736842,40.0,20,1.2,0.46769736842105264,1.113221052631579,1.5809184210526315,105.16374456813821,4.434610564107403e-06,0.4201298271492871
8.263157894736842,40.0,20,1.3,0.46769736842105264,1.113221052631579,1.5809184210526315,107.49465184921638,4.316470016837865e-06,0.4201298271492871
8.263157894736842,40.0,20,1.4,0.46769736842105264,1.113221052631579,1.5809184210526315,109.68224258275194,4.211179721474147e-06,0.4201298271492871
8.263157894736842,40.0,20,1.5,0.46769736842105264,1.113221052631579,1.5809184210526315,111.74486049387446,4.116503521916915e-06,0.4201298271492871
8.263157894736842,40.0,30,1.1,0.46769736842105264,1.113221052631579,1.5809184210526315,102.66664677456191,5.197268046679962e-06,0.4201298271492871
8.263157894736842,40.0,30,1.2,0.46769736842105264,1.113221052631579,1.5809184210526315,105.16374456813821,5.024603863348542e-06,0.4201298271492871
8.263157894736842,40.0,30,1.3,0.46769736842105264,1.113221052631579,1.5809184210526315,107.49465184921638,4.873472327814956e-06,0.4201298271492871
8.263157894736842,40.0,30,1.4,0.46769736842105264,1.113221052631579,1.5809184210526315,109.68224258275194,4.7396763582374425e-06,0.4201298271492871
8.263157894736842,40.0,30,1.5,0.46769736842105264,1.113221052631579,1.5809184210526315,111.74486049387446,4.620083012669778e-06,0.4201298271492871
8.263157894736842,40.0,40,1.1,0.46769736842105264,1.113221052631579,1.5809184210526315,102.66664677456191,6.02661959398338e-06,0.4201298271492871
8.263157894736842,40.0,40,1.2,0.46769736842105264,1.113221052631579,1.5809184210526315,105.16374456813821,5.795677394596364e-06,0.4201298271492871
8.263157894736842,40.0,40,1.3,0.46769736842105264,1.113221052631579,1.5809184210526315,107.49465184921638,5.5955254378454125e-06,0.4201298271492871
8.263157894736842,40.0,40,1.4,0.46769736842105264,1.113221052631579,1.5809184210526315,109.68224258275194,5.419860603543381e-06,0.4201298271492871
8.263157894736842,40.0,40,1.5,0.46769736842105264,1.113221052631579,1.5809184210526315,111.74486049387446,5.264043148750082e-06,0.4201298271492871
8.347368421052632,0.0,20,1.1,0.8541278947368421,1.0658947368421052,1.9200226315789473,102.66664677456191,5.548515482468479e-06,0.8013248074264271
8.347368421052632,0.0,20,1.2,0.8541278947368421,1.0658947368421052,1.9200226315789473,105.16374456813821,5.385826701706724e-06,0.8013248074264271
8.347368421052632,0.0,20,1.3,0.8541278947368421,1.0658947368421052,1.9200226315789473,107.49465184921638,5.242345215600944e-06,0.8013248074264271
8.347368421052632,0.0,20,1.4,0.8541278947368421,1.0658947368421052,1.9200226315789473,109.68224258275194,5.114470337750279e-06,0.8013248074264271
8.347368421052632,0.0,20,1.5,0.8541278947368421,1.0658947368421052,1.9200226315789473,111.74486049387446,4.999486260519567e-06,0.8013248074264271
8.347368421052632,0.0,30,1.1,0.8541278947368421,1.0658947368421052,1.9200226315789473,102.66664677456191,6.312072867974649e-06,0.8013248074264271
8.347368421052632,0.0,30,1.2,0.8541278947368421,1.0658947368421052,1.9200226315789473,105.16374456813821,6.102372522122086e-06,0.8013248074264271
8.347368421052632,0.0,30,1.3,0.8541278947368421,1.0658947368421052,1.9200226315789473,107.49465184921638,5.91882353900849e-06,0.8013248074264271
8.347368421052632,0.0,30,1.4,0.8541278947368421,1.0658947368421052,1.9200226315789473,109.68224258275194,5.756328570146133e-06,0.8013248074264271
8.347368421052632,0.0,30,1.5,0.8541278947368421,1.0658947368421052,1.9200226315789473,111.74486049387446,5.611082663071897e-06,0.8013248074264271
8.347368421052632,0.0,40,1.1,0.8541278947368421,1.0658947368421052,1.9200226315789473,102.66664677456191,7.319318858123413e-06,0.8013248074264271
8.347368421052632,0.0,40,1.2,0.8541278947368421,1.0658947368421052,1.9200226315789473,105.16374456813821,7.038839964649297e-06,0.8013248074264271
8.347368421052632,0.0,40,1.3,0.8541278947368421,1.0658947368421052,1.9200226315789473,107.49465184921638,6.795755766502779e-06,0.8013248074264271
8.347368421052632,0.0,40,1.4,0.8541278947368421,1.0658947368421052,1.9200226315789473,109.68224258275194,6.582411135343448e-06,0.8013248074264271
8.347368421052632,0.0,40,1.5,0.8541278947368421,1.0658947368421052,1.9200226315789473,111.74486049387446,6.393171111560966e-06,0.8013248074264271
8.347368421052632,2.857142857142857,20,1.1,0.8264884962406016,1.0707924812030076,1.8972809774436092,102.66664677456191,5.482796246668066e-06,0.7718474968296968
8.347368421052632,2.857142857142857,20,1.2,0.8264884962406016,1.0707924812030076,1.8972809774436092,105.16374456813821,5.322034428600882e-06,0.7718474968296968
8.347368421052632,2.857142857142857,20,1.3,0.8264884962406016,1.0707924812030076,1.8972809774436092,107.49465184921638,5.180252404927561e-06,0.7718474968296968
8.347368421052632,2.857142857142857,20,1.4,0.8264884962406016,1.0707924812030076,1.8972809774436092,109.68224258275194,5.053892137476196e-06,0.7718474968296968
8.347368421052632,2.857142857142857,20,1.5,0.8264884962406016,1.0707924812030076,1.8972809774436092,111.74486049387446,4.9402699859188815e-06,0.7718474968296968
8.347368421052632,2.857142857142857,30,1.1,0.8264884962406016,1.0707924812030076,1.8972809774436092,102.66664677456191,6.237309698166341e-06,0.7718474968296968
8.347368421052632,2.857142857142857,30,1.2,0.8264884962406016,1.0707924812030076,1.8972809774436092,105.16374456813821,6.030093142170733e-06,0.7718474968296968
8.347368421052632,2.857142857142857,30,1.3,0.8264884962406016,1.0707924812030076,1.8972809774436092,107.49465184921638,5.848718199832599e-06,0.7718474968296968
8.347368421052632,2.857142857142857,30,1.4,0.8264884962406016,1.0707924812030076,1.8972809774436092,109.68224258275194,5.688147898065214e-06,0.7718474968296968
8.347368421052632,2.857142857142857,30,1.5,0.8264884962406016,1.0707924812030076,1.8972809774436092,111.74486049387446,5.544622352058045e-06,0.7718474968296968
8.347368421052632,2.857142857142857,40,1.1,0.8264884962406016,1.0707924812030076,1.8972809774436092,102.66664677456191,7.2326253914735874e-06,0.7718474968296968
8.347368421052632,2.857142857142857,40,1.2,0.8264884962406016,1.0707924812030076,1.8972809774436092,105.16374456813821,6.955468622375893e-06,0.7718474968296968
8.347368421052632,2.857142857142857,40,1.3,0.8264884962406016,1.0707924812030076,1.8972809774436092,107.49465184921638,6.715263628187231e-06,0.7718474968296968
8.347368421052632,2.857142857142857,40,1.4,0.8264884962406016,1.0707924812030076,1.8972809774436092,109.68224258275194,6.50444595151982e-06,0.7718474968296968
8.347368421052632,2.857142857142857,40,1.5,0.8264884962406016,1.0707924812030076,1.8972809774436092,111.74486049387446,6.317447375884168e-06,0.7718474968296968
8.347368421052632,5.714285714285714,20,1.1,0.7988490977443609,1.0756902255639098,1.8745393233082708,102.66664677456191,5.417077010867652e-06,0.7426386135707236
8.347368421052632,5.714285714285714,20,1.2,0.7988490977443609,1.0756902255639098,1.8745393233082708,105.16374456813821,5.258242155495038e-06,0.7426386135707236
8.347368421052632,5.714285714285714,20,1.3,0.7988490977443609,1.0756902255639098,1.8745393233082708,107.49465184921638,5.118159594254178e-06,0.7426386135707236
8.347368421052632,5.714285714285714,20,1.4,0.7988490977443609,1.0756902255639098,1.8745393233082708,109.68224258275194,4.993313937202111e-06,0.7426386135707236
8.347368421052632,5.714285714285714,20,1.5,0.7988490977443609,1.0756902255639098,1.8745393233082708,111.74486049387446,4.881053711318195e-06,0.7426386135707236
8.347368421052632,5.714285714285714,30,1.1,0.7988490977443609,1.0756902255639098,1.8745393233082708,102.66664677456191,6.162546528358032e-06,0.7426386135707236
8.347368421052632,5.714285714285714,30,1.2,0.7988490977443609,1.0756902255639098,1.8745393233082708,105.16374456813821,5.957813762219379e-06,0.7426386135707236
8.347368421052632,5.714285714285714,30,1.3,0.7988490977443609,1.0756902255639098,1.8745393233082708,107.49465184921638,5.778612860656707e-06,0.7426386135707236
8.347368421052632,5.714285714285714,30,1.4,0.7988490977443609,1.0756902255639098,1.8745393233082708,109.68224258275194,5.6199672259842925e-06,0.7426386135707236
8.347368421052632,5.714285714285714,30,1.5,0.7988490977443609,1.0756902255639098,1.8745393233082708,111.74486049387446,5.478162041044191e-06,0.7426386135707236
8.347368421052632,5.714285714285714,40,1.1,0.7988490977443609,1.0756902255639098,1.8745393233082708,102.66664677456191,7.14593192482376e-06,0.7426386135707236
8.347368421052632,5.714285714285714,40,1.2,0.7988490977443609,1.0756902255639098,1.8745393233082708,105.16374456813821,6.8720972801024886e-06,0.7426386135707236
8.347368421052632,5.714285714285714,40,1.3,0.7988490977443609,1.0756902255639098,1.8745393233082708,107.49465184921638,6.634771489871682e-06,0.7426386135707236
8.347368421052632,5.714285714285714,40,1.4,0.7988490977443609,1.0756902255639098,1.8745393233082708,109.68224258275194,6.42648076769619e-06,0.7426386135707236
8.347368421052632,5.714285714285714,40,1.5,0.7988490977443609,1.0756902255639098,1.8745393233082708,111.74486049387446,6.241723640207369e-06,0.7426386135707236
8.347368421052632,8.571428571428571,20,1.1,0.7712096992481202,1.0805879699248122,1.8517976691729325,102.66664677456191,5.351357775067238e-06,0.7136945077241433
8.347368421052632,8.571428571428571,20,1.2,0.7712096992481202,1.0805879699248122,1.8517976691729325,105.16374456813821,5.194449882389195e-06,0.7136945077241433
8.347368421052632,8.571428571428571,20,1.3,0.7712096992481202,1.0805879699248122,1.8517976691729325,107.49465184921638,5.0560667835807945e-06,0.7136945077241433
8.347368421052632,8.571428571428571,20,1.4,0.7712096992481202,1.0805879699248122,1.8517976691729325,109.68224258275194,4.9327357369280265e-06,0.7136945077241433
8.347368421052632,8.571428571428571,20,1.5,0.7712096992481202,1.0805879699248122,1.8517976691729325,111.74486049387446,4.821837436717508e-06,0.7136945077241433
8.347368421052632,8.571428571428571,30,1.1,0.7712096992481202,1.0805879699248122,1.8517976691729325,102.66664677456191,6.087783358549723e-06,0.7136945077241433
8.347368421052632,8.571428571428571,30,1.2,0.7712096992481202,1.0805879699248122,1.8517976691729325,105.16374456813821,5.885534382268025e-06,0.7136945077241433
8.347368421052632,8.571428571428571,30,1.3,0.7712096992481202,1.0805879699248122,1.8517976691729325,107.49465184921638,5.708507521480816e-06,0.7136945077241433
8.347368421052632,8.571428571428571,30,1.4,0.7712096992481202,1.0805879699248122,1.8517976691729325,109.68224258275194,5.551786553903372e-06,0.7136945077241433
8.347368421052632,8.571428571428571,30,1.5,0.7712096992481202,1.0805879699248122,1.8517976691729325,111.74486049387446,5.411701730030338e-06,0.7136945077241433
8.347368421052632,8.571428571428571,40,1.1,0.7712096992481202,1.0805879699248122,1.8517976691729325,102.66664677456191,7.059238458173934e-06,0.7136945077241433
8.347368421052632,8.571428571428571,40,1.2,0.7712096992481202,1.0805879699248122,1.8517976691729325,105.16374456813821,6.788725937829085e-06,0.7136945077241433
8.347368421052632,8.571428571428571,40,1.3,0.7712096992481202,1.0805879699248122,1.8517976691729325,107.49465184921638,6.554279351556133e-06,0.7136945077241433
8.347368421052632,8.571428571428571,40,1.4,0.7712096992481202,1.0805879699248122,1.8517976691729325,109.68224258275194,6.348515583872562e-06,0.7136945077241433
8.347368421052632,8.571428571428571,40,1.5,0.7712096992481202,1.0805879699248122,1.8517976691729325,111.74486049387446,6.16599990453057e-06,0.7136945077241433
8.347368421052632,11.428571428571429,20,1.1,0.7436388721804512,1.0855586466165414,1.8291975187969927,102.66664677456191,5.286047459342524e-06,0.6850287402695538
8.347368421052632,11.428571428571429,20,1.2,0.7436388721804512,1.0855586466165414,1.8291975187969927,105.16374456813821,5.131054539357625e-06,0.6850287402695538
8.347368421052632,11.428571428571429,20,1.3,0.7436388721804512,1.0855586466165414,1.8291975187969927,107.49465184921638,4.994360328538783e-06,0.6850287402695538
8.347368421052632,11.428571428571429,20,1.4,0.7436388721804512,1.0855586466165414,1.8291975187969927,109.68224258275194,4.8725344680339275e-06,0.6850287402695538
8.347368421052632,11.428571428571429,20,1.5,0.7436388721804512,1.0855586466165414,1.8291975187969927,111.74486049387446,4.762989619284611e-06,0.6850287402695538
8.347368421052632,11.428571428571429,30,1.1,0.7436388721804512,1.0855586466165414,1.8291975187969927,102.66664677456191,6.013485382237432e-06,0.6850287402695538
8.347368421052632,11.428571428571429,30,1.2,0.7436388721804512,1.0855586466165414,1.8291975187969927,105.16374456813821,5.813704741105646e-06,0.6850287402695538
8.347368421052632,11.428571428571429,30,1.3,0.7436388721804512,1.0855586466165414,1.8291975187969927,107.49465184921638,5.638838393716295e-06,0.6850287402695538
8.347368421052632,11.428571428571429,30,1.4,0.7436388721804512,1.0855586466165414,1.8291975187969927,109.68224258275194,5.484030117516142e-06,0.6850287402695538
8.347368421052632,11.428571428571429,30,1.5,0.7436388721804512,1.0855586466165414,1.8291975187969927,111.74486049387446,5.345654950231201e-06,0.6850287402695538
8.347368421052632,11.428571428571429,40,1.1,0.7436388721804512,1.0855586466165414,1.8291975187969927,102.66664677456191,6.973084418048371e-06,0.6850287402695538
8.347368421052632,11.428571428571429,40,1.2,0.7436388721804512,1.0855586466165414,1.8291975187969927,105.16374456813821,6.7058733510642975e-06,0.6850287402695538
8.347368421052632,11.428571428571429,40,1.3,0.7436388721804512,1.0855586466165414,1.8291975187969927,107.49465184921638,6.47428805368543e-06,0.6850287402695538
8.347368421052632,11.428571428571429,40,1.4,0.7436388721804512,1.0855586466165414,1.8291975187969927,109.68224258275194,6.271035517206533e-06,0.6850287402695538
8.347368421052632,11.428571428571429,40,1.5,0.7436388721804512,1.0855586466165414,1.8291975187969927,111.74486049387446,6.090747339209727e-06,0.6850287402695538
8.347368421052632,14.285714285714286,20,1.1,0.7161366165413534,1.0906022556390977,1.8067388721804511,102.66664677456191,5.221146063693509e-06,0.6566432563645251
8.347368421052632,14.285714285714286,20,1.2,0.7161366165413534,1.0906022556390977,1.8067388721804511,105.16374456813821,5.068056126400329e-06,0.6566432563645251
8.347368421052632,14.285714285714286,20,1.3,0.7161366165413534,1.0906022556390977,1.8067388721804511,107.49465184921638,4.933040229128144e-06,0.6566432563645251
8.347368421052632,14.285714285714286,20,1.4,0.7161366165413534,1.0906022556390977,1.8067388721804511,109.68224258275194,4.812710130519813e-06,0.6566432563645251
8.347368421052632,14.285714285714286,20,1.5,0.7161366165413534,1.0906022556390977,1.8067388721804511,111.74486049387446,4.704510259019505e-06,0.6566432563645251
8.347368421052632,14.285714285714286,30,1.1,0.7161366165413534,1.0906022556390977,1.8067388721804511,102.66664677456191,5.9396525994211555e-06,0.6566432563645251
8.347368421052632,14.285714285714286,30,1.2,0.7161366165413534,1.0906022556390977,1.8067388721804511,105.16374456813821,5.742324838732241e-06,0.6566432563645251
8.347368421052632,14.285714285714286,30,1.3,0.7161366165413534,1.0906022556390977,1.8067388721804511,107.49465184921638,5.569605477363145e-06,0.6566432563645251
8.347368421052632,14.285714285714286,30,1.4,0.7161366165413534,1.0906022556390977,1.8067388721804511,109.68224258275194,5.416697916822602e-06,0.6566432563645251
8.347368421052632,14.285714285714286,30,1.5,0.7161366165413534,1.0906022556390977,1.8067388721804511,111.74486049387446,5.28002170164678e-06,0.6566432563645251
8.347368421052632,14.285714285714286,40,1.1,0.7161366165413534,1.0906022556390977,1.8067388721804511,102.66664677456191,6.887469804447071e-06,0.6566432563645251
8.347368421052632,14.285714285714286,40,1.2,0.7161366165413534,1.0906022556390977,1.8067388721804511,105.16374456813821,6.623539519808127e-06,0.6566432563645251
8.347368421052632,14.285714285714286,40,1.3,0.7161366165413534,1.0906022556390977,1.8067388721804511,107.49465184921638,6.394797596259572e-06,0.6566432563645251
8.347368421052632,14.285714285714286,40,1.4,0.7161366165413534,1.0906022556390977,1.8067388721804511,109.68224258275194,6.194040567698101e-06,0.6566432563645251
8.347368421052632,14.285714285714286,40,1.5,0.7161366165413534,1.0906022556390977,1.8067388721804511,111.74486049387446,6.015965944244839e-06,0.6566432563645251
8.347368421052632,17.142857142857142,20,1.1,0.6886343609022557,1.0956458646616543,1.78428022556391,102.66664677456191,5.156244668044494e-06,0.6285191074169869
8.347368421052632,17.142857142857142,20,1.2,0.6886343609022557,1.0956458646616543,1.78428022556391,105.16374456813821,5.005057713443035e-06,0.6285191074169869
8.347368421052632,17.142857142857142,20,1.3,0.6886343609022557,1.0956458646616543,1.78428022556391,107.49465184921638,4.8717201297175055e-06,0.6285191074169869
8.347368421052632,17.142857142857142,20,1.4,0.6886343609022557,1.0956458646616543,1.78428022556391,109.68224258275194,4.7528857930057e-06,0.6285191074169869
8.347368421052632,17.142857142857142,20,1.5,0.6886343609022557,1.0956458646616543,1.78428022556391,111.74486049387446,4.646030898754399e-06,0.6285191074169869
8.347368421052632,17.142857142857142,30,1.1,0.6886343609022557,1.0956458646616543,1.78428022556391,102.66664677456191,5.865819816604882e-06,0.6285191074169869
8.347368421052632,17.142857142857142,30,1.2,0.6886343609022557,1.0956458646616543,1.78428022556391,105.16374456813821,5.670944936358838e-06,0.6285191074169869
8.347368421052632,17.142857142857142,30,1.3,0.6886343609022557,1.0956458646616543,1.78428022556391,107.49465184921638,5.500372561009997e-06,0.6285191074169869
8.347368421052632,17.142857142857142,30,1.4,0.6886343609022557,1.0956458646616543,1.78428022556391,109.68224258275194,5.349365716129062e-06,0.6285191074169869
8.347368421052632,17.142857142857142,30,1.5,0.6886343609022557,1.0956458646616543,1.78428022556391,111.74486049387446,5.214388453062361e-06,0.6285191074169869
8.347368421052632,17.142857142857142,40,1.1,0.6886343609022557,1.0956458646616543,1.78428022556391,102.66664677456191,6.801855190845773e-06,0.6285191074169869
8.347368421052632,17.142857142857142,40,1.2,0.6886343609022557,1.0956458646616543,1.78428022556391,105.16374456813821,6.541205688551959e-06,0.6285191074169869
8.347368421052632,17.142857142857142,40,1.3,0.6886343609022557,1.0956458646616543,1.78428022556391,107.49465184921638,6.315307138833716e-06,0.6285191074169869
8.347368421052632,17.142857142857142,40,1.4,0.6886343609022557,1.0956458646616543,1.78428022556391,109.68224258275194,6.117045618189671e-06,0.6285191074169869
8.347368421052632,17.142857142857142,40,1.5,0.6886343609022557,1.0956458646616543,1.78428022556391,111.74486049387446,5.941184549279952e-06,0.6285191074169869
8.347368421052632,20.0,20,1.1,0.661132105263158,1.1006894736842108,1.7618215789473688,102.66664677456191,5.09134327239548e-06,0.6006527009386461
8.347368421052632,20.0,20,1.2,0.661132105263158,1.1006894736842108,1.7618215789473688,105.16374456813821,4.942059300485739e-06,0.6006527009386461
8.347368421052632,20.0,20,1.3,0.661132105263158,1.1006894736842108,1.7618215789473688,107.49465184921638,4.810400030306867e-06,0.6006527009386461
8.347368421052632,20.0,20,1.4,0.661132105263158,1.1006894736842108,1.7618215789473688,109.68224258275194,4.693061455491585e-06,0.6006527009386461
8.347368421052632,20.0,20,1.5,0.661132105263158,1.1006894736842108,1.7618215789473688,111.74486049387446,4.587551538489293e-06,0.6006527009386461
8.347368421052632,20.0,30,1.1,0.661132105263158,1.1006894736842108,1.7618215789473688,102.66664677456191,5.791987033788607e-06,0.6006527009386461
8.347368421052632,20.0,30,1.2,0.661132105263158,1.1006894736842108,1.7618215789473688,105.16374456813821,5.599565033985434e-06,0.6006527009386461
8.347368421052632,20.0,30,1.3,0.661132105263158,1.1006894736842108,1.7618215789473688,107.49465184921638,5.4311396446568484e-06,0.6006527009386461
8.347368421052632,20.0,30,1.4,0.661132105263158,1.1006894736842108,1.7618215789473688,109.68224258275194,5.2820335154355224e-06,0.6006527009386461
8.347368421052632,20.0,30,1.5,0.661132105263158,1.1006894736842108,1.7618215789473688,111.74486049387446,5.148755204477941e-06,0.6006527009386461
8.347368421052632,20.0,40,1.1,0.661132105263158,1.1006894736842108,1.7618215789473688,102.66664677456191,6.716240577244474e-06,0.6006527009386461
8.347368421052632,20.0,40,1.2,0.661132105263158,1.1006894736842108,1.7618215789473688,105.16374456813821,6.458871857295791e-06,0.6006527009386461
8.347368421052632,20.0,40,1.3,0.661132105263158,1.1006894736842108,1.7618215789473688,107.49465184921638,6.235816681407858e-06,0.6006527009386461
8.347368421052632,20.0,40,1.4,0.661132105263158,1.1006894736842108,1.7618215789473688,109.68224258275194,6.040050668681241e-06,0.6006527009386461
8.347368421052632,20.0,40,1.5,0.661132105263158,1.1006894736842108,1.7618215789473688,111.74486049387446,5.866403154315064e-06,0.6006527009386461
8.347368421052632,22.857142857142858,20,1.1,0.6337999248120301,1.105709022556391,1.739508947368421,102.66664677456191,5.026863833593971e-06,0.5732067948099848
8.347368421052632,22.857142857142858,20,1.2,0.6337999248120301,1.105709022556391,1.739508947368421,105.16374456813821,4.879470472121557e-06,0.5732067948099848
8.347368421052632,22.857142857142858,20,1.3,0.6337999248120301,1.105709022556391,1.739508947368421,107.49465184921638,4.749478603922861e-06,0.5732067948099848
8.347368421052632,22.857142857142858,20,1.4,0.6337999248120301,1.105709022556391,1.739508947368421,109.68224258275194,4.633626066298369e-06,0.5732067948099848
8.347368421052632,22.857142857142858,20,1.5,0.6337999248120301,1.105709022556391,1.739508947368421,111.74486049387446,4.52945238216672e-06,0.5732067948099848
8.347368421052632,22.857142857142858,30,1.1,0.6337999248120301,1.105709022556391,1.739508947368421,102.66664677456191,5.718634275291813e-06,0.5732067948099848
8.347368421052632,22.857142857142858,30,1.2,0.6337999248120301,1.105709022556391,1.739508947368421,105.16374456813821,5.528649208513298e-06,0.5732067948099848
8.347368421052632,22.857142857142858,30,1.3,0.6337999248120301,1.105709022556391,1.739508947368421,107.49465184921638,5.362356846561341e-06,0.5732067948099848
8.347368421052632,22.857142857142858,30,1.4,0.6337999248120301,1.105709022556391,1.739508947368421,109.68224258275194,5.2151390754843544e-06,0.5732067948099848
8.347368421052632,22.857142857142858,30,1.5,0.6337999248120301,1.105709022556391,1.739508947368421,111.74486049387446,5.0835486708876645e-06,0.5732067948099848
8.347368421052632,22.857142857142858,40,1.1,0.6337999248120301,1.105709022556391,1.739508947368421,102.66664677456191,6.63118258761242e-06,0.5732067948099848
8.347368421052632,22.857142857142858,40,1.2,0.6337999248120301,1.105709022556391,1.739508947368421,105.16374456813821,6.377073319981031e-06,0.5732067948099848
8.347368421052632,22.857142857142858,40,1.3,0.6337999248120301,1.105709022556391,1.739508947368421,107.49465184921638,6.156843031709891e-06,0.5732067948099848
8.347368421052632,22.857142857142858,40,1.4,0.6337999248120301,1.105709022556391,1.739508947368421,109.68224258275194,5.963556302339683e-06,0.5732067948099848
8.347368421052632,22.857142857142858,40,1.5,0.6337999248120301,1.105709022556391,1.739508947368421,111.74486049387446,5.792107951077734e-06,0.5732067948099848
8.347368421052632,25.714285714285715,20,1.1,0.6064677443609022,1.1107285714285715,1.7171963157894736,102.66664677456191,4.962384394792463e-06,0.5460089530072044
8.347368421052632,25.714285714285715,20,1.2,0.6064677443609022,1.1107285714285715,1.7171963157894736,105.16374456813821,4.8168816437573745e-06,0.5460089530072044
8.347368421052632,25.714285714285715,20,1.3,0.6064677443609022,1.1107285714285715,1.7171963157894736,107.49465184921638,4.688557177538855e-06,0.5460089530072044
8.347368421052632,25.714285714285715,20,1.4,0.6064677443609022,1.1107285714285715,1.7171963157894736,109.68224258275194,4.574190677105153e-06,0.5460089530072044
8.347368421052632,25.714285714285715,20,1.5,0.6064677443609022,1.1107285714285715,1.7171963157894736,111.74486049387446,4.471353225844146e-06,0.5460089530072044
8.347368421052632,25.714285714285715,30,1.1,0.6064677443609022,1.1107285714285715,1.7171963157894736,102.66664677456191,5.645281516795019e-06,0.5460089530072044
8.347368421052632,25.714285714285715,30,1.2,0.6064677443609022,1.1107285714285715,1.7171963157894736,105.16374456813821,5.457733383041162e-06,0.5460089530072044
8.347368421052632,25.714285714285715,30,1.3,0.6064677443609022,1.1107285714285715,1.7171963157894736,107.49465184921638,5.2935740484658346e-06,0.5460089530072044
8.347368421052632,25.714285714285715,30,1.4,0.6064677443609022,1.1107285714285715,1.7171963157894736,109.68224258275194,5.148244635533186e-06,0.5460089530072044
8.347368421052632,25.714285714285715,30,1.5,0.6064677443609022,1.1107285714285715,1.7171963157894736,111.74486049387446,5.018342137297388e-06,0.5460089530072044
8.347368421052632,25.714285714285715,40,1.1,0.6064677443609022,1.1107285714285715,1.7171963157894736,102.66664677456191,6.546124597980366e-06,0.5460089530072044
8.347368421052632,25.714285714285715,40,1.2,0.6064677443609022,1.1107285714285715,1.7171963157894736,105.16374456813821,6.295274782666273e-06,0.5460089530072044
8.347368421052632,25.714285714285715,40,1.3,0.6064677443609022,1.1107285714285715,1.7171963157894736,107.49465184921638,6.077869382011924e-06,0.5460089530072044
8.347368421052632,25.714285714285715,40,1.4,0.6064677443609022,1.1107285714285715,1.7171963157894736,109.68224258275194,5.887061935998126e-06,0.5460089530072044
8.347368421052632,25.714285714285715,40,1.5,0.6064677443609022,1.1107285714285715,1.7171963157894736,111.74486049387446,5.717812747840404e-06,0.5460089530072044
8.347368421052632,28.571428571428573,20,1.1,0.5791355639097744,1.115748120300752,1.6948836842105264,102.66664677456191,4.897904955990955e-06,0.5190558275407781
8.347368421052632,28.571428571428573,20,1.2,0.5791355639097744,1.115748120300752,1.6948836842105264,105.16374456813821,4.754292815393193e-06,0.5190558275407781
8.347368421052632,28.571428571428573,20,1.3,0.5791355639097744,1.115748120300752,1.6948836842105264,107.49465184921638,4.62763575115485e-06,0.5190558275407781
8.347368421052632,28.571428571428573,20,1.4,0.5791355639097744,1.115748120300752,1.6948836842105264,109.68224258275194,4.514755287911938e-06,0.5190558275407781
8.347368421052632,28.571428571428573,20,1.5,0.5791355639097744,1.115748120300752,1.6948836842105264,111.74486049387446,4.413254069521575e-06,0.5190558275407781
8.347368421052632,28.571428571428573,30,1.1,0.5791355639097744,1.115748120300752,1.6948836842105264,102.66664677456191,5.571928758298226e-06,0.5190558275407781
8.347368421052632,28.571428571428573,30,1.2,0.5791355639097744,1.115748120300752,1.6948836842105264,105.16374456813821,5.386817557569028e-06,0.5190558275407781
8.347368421052632,28.571428571428573,30,1.3,0.5791355639097744,1.115748120300752,1.6948836842105264,107.49465184921638,5.224791250370328e-06,0.5190558275407781
8.347368421052632,28.571428571428573,30,1.4,0.5791355639097744,1.115748120300752,1.6948836842105264,109.68224258275194,5.08135019558202e-06,0.5190558275407781
8.347368421052632,28.571428571428573,30,1.5,0.5791355639097744,1.115748120300752,1.6948836842105264,111.74486049387446,4.953135603707113e-06,0.5190558275407781
8.347368421052632,28.571428571428573,40,1.1,0.5791355639097744,1.115748120300752,1.6948836842105264,102.66664677456191,6.461066608348314e-06,0.5190558275407781
8.347368421052632,28.571428571428573,40,1.2,0.5791355639097744,1.115748120300752,1.6948836842105264,105.16374456813821,6.2134762453515144e-06,0.5190558275407781
8.347368421052632,28.571428571428573,40,1.3,0.5791355639097744,1.115748120300752,1.6948836842105264,107.49465184921638,5.9988957323139575e-06,0.5190558275407781
8.347368421052632,28.571428571428573,40,1.4,0.5791355639097744,1.115748120300752,1.6948836842105264,109.68224258275194,5.810567569656571e-06,0.5190558275407781
8.347368421052632,28.571428571428573,40,1.5,0.5791355639097744,1.115748120300752,1.6948836842105264,111.74486049387446,5.643517544603076e-06,0.5190558275407781
8.347368421052632,31.42857142857143,20,1.1,0.5518629323308271,1.1207248120300752,1.6725877443609023,102.66664677456191,4.833473753245136e-06,0.4924160921637715
8.347368421052632,31.42857142857143,20,1.2,0.5518629323308271,1.1207248120300752,1.6725877443609023,105.16374456813821,4.691750808748719e-06,0.4924160921637715
8.347368421052632,31.42857142857143,20,1.3,0.5518629323308271,1.1207248120300752,1.6725877443609023,107.49465184921638,4.566759899133312e-06,0.4924160921637715
8.347368421052632,31.42857142857143,20,1.4,0.5518629323308271,1.1207248120300752,1.6725877443609023,109.68224258275194,4.455364361400103e-06,0.4924160921637715
8.347368421052632,31.42857142857143,20,1.5,0.5518629323308271,1.1207248120300752,1.6725877443609023,111.74486049387446,4.355198376265553e-06,0.4924160921637715
8.347368421052632,31.42857142857143,30,1.1,0.5518629323308271,1.1207248120300752,1.6725877443609023,102.66664677456191,5.4986308738482525e-06,0.4924160921637715
8.347368421052632,31.42857142857143,30,1.2,0.5518629323308271,1.1207248120300752,1.6725877443609023,105.16374456813821,5.315954783112383e-06,0.4924160921637715
8.347368421052632,31.42857142857143,30,1.3,0.5518629323308271,1.1207248120300752,1.6725877443609023,107.49465184921638,5.156059907606025e-06,0.4924160921637715
8.347368421052632,31.42857142857143,30,1.4,0.5518629323308271,1.1207248120300752,1.6725877443609023,109.68224258275194,5.014505798310981e-06,0.4924160921637715
8.347368421052632,31.42857142857143,30,1.5,0.5518629323308271,1.1207248120300752,1.6725877443609023,111.74486049387446,4.88797785010072e-06,0.4924160921637715
8.347368421052632,31.42857142857143,40,1.1,0.5518629323308271,1.1207248120300752,1.6725877443609023,102.66664677456191,6.376072249262693e-06,0.4924160921637715
8.347368421052632,31.42857142857143,40,1.2,0.5518629323308271,1.1207248120300752,1.6725877443609023,105.16374456813821,6.131738900238092e-06,0.4924160921637715
8.347368421052632,31.42857142857143,40,1.3,0.5518629323308271,1.1207248120300752,1.6725877443609023,107.49465184921638,5.919981161563257e-06,0.4924160921637715
8.347368421052632,31.42857142857143,40,1.4,0.5518629323308271,1.1207248120300752,1.6725877443609023,109.68224258275194,5.7341304275493324e-06,0.4924160921637715
8.347368421052632,31.42857142857143,40,1.5,0.5518629323308271,1.1207248120300752,1.6725877443609023,111.74486049387446,5.569277920440679e-06,0.4924160921637715
8.347368421052632,34.285714285714285,20,1.1,0.5246498496240602,1.1256586466165415,1.6503084962406018,102.66664677456191,4.769090786555006e-06,0.46608254749433253
8.347368421052632,34.285714285714285,20,1.2,0.5246498496240602,1.1256586466165415,1.6503084962406018,105.16374456813821,4.629255623823952e-06,0.46608254749433253
8.347368421052632,34.285714285714285,20,1.3,0.5246498496240602,1.1256586466165415,1.6503084962406018,107.49465184921638,4.505929621474244e-06,0.46608254749433253
8.347368421052632,34.285714285714285,20,1.4,0.5246498496240602,1.1256586466165415,1.6503084962406018,109.68224258275194,4.396017897569647e-06,0.46608254749433253
8.347368421052632,34.285714285714285,20,1.5,0.5246498496240602,1.1256586466165415,1.6503084962406018,111.74486049387446,4.2971861460760835e-06,0.46608254749433253
8.347368421052632,34.285714285714285,30,1.1,0.5246498496240602,1.1256586466165415,1.6503084962406018,102.66664677456191,5.425387863445101e-06,0.46608254749433253
8.347368421052632,34.285714285714285,30,1.2,0.5246498496240602,1.1256586466165415,1.6503084962406018,105.16374456813821,5.245145059671229e-06,0.46608254749433253
8.347368421052632,34.285714285714285,30,1.3,0.5246498496240602,1.1256586466165415,1.6503084962406018,107.49465184921638,5.087380020172926e-06,0.46608254749433253
8.347368421052632,34.285714285714285,30,1.4,0.5246498496240602,1.1256586466165415,1.6503084962406018,109.68224258275194,4.947711443720068e-06,0.46608254749433253
8.347368421052632,34.285714285714285,30,1.5,0.5246498496240602,1.1256586466165415,1.6503084962406018,111.74486049387446,4.8228688764782104e-06,0.46608254749433253
8.347368421052632,34.285714285714285,40,1.1,0.5246498496240602,1.1256586466165415,1.6503084962406018,102.66664677456191,6.291141520723507e-06,0.46608254749433253
8.347368421052632,34.285714285714285,40,1.2,0.5246498496240602,1.1256586466165415,1.6503084962406018,105.16374456813821,6.050062747326006e-06,0.46608254749433253
8.347368421052632,34.285714285714285,40,1.3,0.5246498496240602,1.1256586466165415,1.6503084962406018,107.49465184921638,5.8411256697598255e-06,0.46608254749433253
8.347368421052632,34.285714285714285,40,1.4,0.5246498496240602,1.1256586466165415,1.6503084962406018,109.68224258275194,5.657750509676414e-06,0.46608254749433253
8.347368421052632,34.285714285714285,40,1.5,0.5246498496240602,1.1256586466165415,1.6503084962406018,111.74486049387446,5.4950938753532145e-06,0.46608254749433253
8.347368421052632,37.142857142857146,20,1.1,0.4974367669172932,1.1305924812030075,1.6280292481203007,102.66664677456191,4.704707819864874e-06,0.4399788386952613
8.347368421052632,37.142857142857146,20,1.2,0.4974367669172932,1.1305924812030075,1.6280292481203007,105.16374456813821,4.566760438899183e-06,0.4399788386952613
8.347368421052632,37.142857142857146,20,1.3,0.4974367669172932,1.1305924812030075,1.6280292481203007,107.49465184921638,4.4450993438151725e-06,0.4399788386952613
8.347368421052632,37.142857142857146,20,1.4,0.4974367669172932,1.1305924812030075,1.6280292481203007,109.68224258275194,4.336671433739191e-06,0.4399788386952613
8.347368421052632,37.142857142857146,20,1.5,0.4974367669172932,1.1305924812030075,1.6280292481203007,111.74486049387446,4.239173915886613e-06,0.4399788386952613
8.347368421052632,37.142857142857146,30,1.1,0.4974367669172932,1.1305924812030075,1.6280292481203007,102.66664677456191,5.352144853041947e-06,0.4399788386952613
8.347368421052632,37.142857142857146,30,1.2,0.4974367669172932,1.1305924812030075,1.6280292481203007,105.16374456813821,5.174335336230073e-06,0.4399788386952613
8.347368421052632,37.142857142857146,30,1.3,0.4974367669172932,1.1305924812030075,1.6280292481203007,107.49465184921638,5.018700132739824e-06,0.4399788386952613
8.347368421052632,37.142857142857146,30,1.4,0.4974367669172932,1.1305924812030075,1.6280292481203007,109.68224258275194,4.8809170891291545e-06,0.4399788386952613
8.347368421052632,37.142857142857146,30,1.5,0.4974367669172932,1.1305924812030075,1.6280292481203007,111.74486049387446,4.757759902855699e-06,0.4399788386952613
8.347368421052632,37.142857142857146,40,1.1,0.4974367669172932,1.1305924812030075,1.6280292481203007,102.66664677456191,6.206210792184318e-06,0.4399788386952613
8.347368421052632,37.142857142857146,40,1.2,0.4974367669172932,1.1305924812030075,1.6280292481203007,105.16374456813821,5.968386594413917e-06,0.4399788386952613
8.347368421052632,37.142857142857146,40,1.3,0.4974367669172932,1.1305924812030075,1.6280292481203007,107.49465184921638,5.76227017795639e-06,0.4399788386952613
8.347368421052632,37.142857142857146,40,1.4,0.4974367669172932,1.1305924812030075,1.6280292481203007,109.68224258275194,5.581370591803493e-06,0.4399788386952613
8.347368421052632,37.142857142857146,40,1.5,0.4974367669172932,1.1305924812030075,1.6280292481203007,111.74486049387446,5.4209098302657485e-06,0.4399788386952613
8.347368421052632,40.0,20,1.1,0.4702236842105264,1.135526315789474,1.6057500000000005,102.66664677456191,4.6403248531747434e-06,0.41410196987253767
8.347368421052632,40.0,20,1.2,0.4702236842105264,1.135526315789474,1.6057500000000005,105.16374456813821,4.504265253974417e-06,0.41410196987253767
8.347368421052632,40.0,20,1.3,0.4702236842105264,1.135526315789474,1.6057500000000005,107.49465184921638,4.384269066156105e-06,0.41410196987253767
8.347368421052632,40.0,20,1.4,0.4702236842105264,1.135526315789474,1.6057500000000005,109.68224258275194,4.277324969908736e-06,0.41410196987253767
8.347368421052632,40.0,20,1.5,0.4702236842105264,1.135526315789474,1.6057500000000005,111.74486049387446,4.181161685697144e-06,0.41410196987253767
8.347368421052632,40.0,30,1.1,0.4702236842105264,1.135526315789474,1.6057500000000005,102.66664677456191,5.278901842638796e-06,0.41410196987253767
8.347368421052632,40.0,30,1.2,0.4702236842105264,1.135526315789474,1.6057500000000005,105.16374456813821,5.10352561278892e-06,0.41410196987253767
8.347368421052632,40.0,30,1.3,0.4702236842105264,1.135526315789474,1.6057500000000005,107.49465184921638,4.9500202453067256e-06,0.41410196987253767
8.347368421052632,40.0,30,1.4,0.4702236842105264,1.135526315789474,1.6057500000000005,109.68224258275194,4.814122734538243e-06,0.41410196987253767
8.347368421052632,40.0,30,1.5,0.4702236842105264,1.135526315789474,1.6057500000000005,111.74486049387446,4.69265092923319e-06,0.41410196987253767
8.347368421052632,40.0,40,1.1,0.4702236842105264,1.135526315789474,1.6057500000000005,102.66664677456191,6.121280063645133e-06,0.41410196987253767
8.347368421052632,40.0,40,1.2,0.4702236842105264,1.135526315789474,1.6057500000000005,105.16374456813821,5.8867104415018306e-06,0.41410196987253767
8.347368421052632,40.0,40,1.3,0.4702236842105264,1.135526315789474,1.6057500000000005,107.49465184921638,5.6834146861529595e-06,0.41410196987253767
8.347368421052632,40.0,40,1.4,0.4702236842105264,1.135526315789474,1.6057500000000005,109.68224258275194,5.504990673930575e-06,0.41410196987253767
8.347368421052632,40.0,40,1.5,0.4702236842105264,1.135526315789474,1.6057500000000005,111.74486049387446,5.346725785178285e-06,0.41410196987253767
8.43157894736842,0.0,20,1.1,0.8569152631578947,1.0889964912280699,1.9459117543859645,102.66664677456191,5.62333032910606e-06,0.7868852379786317
8.43157894736842,0.0,20,1.2,0.8569152631578947,1.0889964912280699,1.9459117543859645,105.16374456813821,5.458447892001306e-06,0.7868852379786317
8.43157894736842,0.0,20,1.3,0.8569152631578947,1.0889964912280699,1.9459117543859645,107.49465184921638,5.313031736088393e-06,0.7868852379786317
8.43157894736842,0.0,20,1.4,0.8569152631578947,1.0889964912280699,1.9459117543859645,109.68224258275194,5.183432624178109e-06,0.7868852379786317
8.43157894736842,0.0,20,1.5,0.8569152631578947,1.0889964912280699,1.9459117543859645,111.74486049387446,5.0668981293391275e-06,0.7868852379786317
8.43157894736842,0.0,30,1.1,0.8569152631578947,1.0889964912280699,1.9459117543859645,102.66664677456191,6.397183338527515e-06,0.7868852379786317
8.43157894736842,0.0,30,1.2,0.8569152631578947,1.0889964912280699,1.9459117543859645,105.16374456813821,6.184655443709039e-06,0.7868852379786317
8.43157894736842,0.0,30,1.3,0.8569152631578947,1.0889964912280699,1.9459117543859645,107.49465184921638,5.9986315303072395e-06,0.7868852379786317
8.43157894736842,0.0,30,1.4,0.8569152631578947,1.0889964912280699,1.9459117543859645,109.68224258275194,5.8339455184148635e-06,0.7868852379786317
8.43157894736842,0.0,30,1.5,0.8569152631578947,1.0889964912280699,1.9459117543859645,111.74486049387446,5.686741150506044e-06,0.7868852379786317
8.43157894736842,0.0,40,1.1,0.8569152631578947,1.0889964912280699,1.9459117543859645,102.66664677456191,7.418010791054352e-06,0.7868852379786317
8.43157894736842,0.0,40,1.2,0.8569152631578947,1.0889964912280699,1.9459117543859645,105.16374456813821,7.133749987722248e-06,0.7868852379786317
8.43157894736842,0.0,40,1.3,0.8569152631578947,1.0889964912280699,1.9459117543859645,107.49465184921638,6.887388100784591e-06,0.7868852379786317
8.43157894736842,0.0,40,1.4,0.8569152631578947,1.0889964912280699,1.9459117543859645,109.68224258275194,6.671166781993844e-06,0.7868852379786317
8.43157894736842,0.0,40,1.5,0.8569152631578947,1.0889964912280699,1.9459117543859645,111.74486049387446,6.479375091301228e-06,0.7868852379786317
8.43157894736842,2.857142857142857,20,1.1,0.8293175689223057,1.093814035087719,1.9231316040100248,102.66664677456191,5.557499846186221e-06,0.7581888166719292
8.43157894736842,2.857142857142857,20,1.2,0.8293175689223057,1.093814035087719,1.9231316040100248,105.16374456813821,5.39454763366803e-06,0.7581888166719292
8.43157894736842,2.857142857142857,20,1.3,0.8293175689223057,1.093814035087719,1.9231316040100248,107.49465184921638,5.2508338169754445e-06,0.7581888166719292
8.43157894736842,2.857142857142857,20,1.4,0.8293175689223057,1.093814035087719,1.9231316040100248,109.68224258275194,5.122751879341564e-06,0.7581888166719292
8.43157894736842,2.857142857142857,20,1.5,0.8293175689223057,1.093814035087719,1.9231316040100248,111.74486049387446,5.007581615593962e-06,0.7581888166719292
8.43157894736842,2.857142857142857,30,1.1,0.8293175689223057,1.093814035087719,1.9231316040100248,102.66664677456191,6.322293612358972e-06,0.7581888166719292
8.43157894736842,2.857142857142857,30,1.2,0.8293175689223057,1.093814035087719,1.9231316040100248,105.16374456813821,6.112253711866105e-06,0.7581888166719292
8.43157894736842,2.857142857142857,30,1.3,0.8293175689223057,1.093814035087719,1.9231316040100248,107.49465184921638,5.928407519376502e-06,0.7581888166719292
8.43157894736842,2.857142857142857,30,1.4,0.8293175689223057,1.093814035087719,1.9231316040100248,109.68224258275194,5.765649432585182e-06,0.7581888166719292
8.43157894736842,2.857142857142857,30,1.5,0.8293175689223057,1.093814035087719,1.9231316040100248,111.74486049387446,5.620168337907741e-06,0.7581888166719292
8.43157894736842,2.857142857142857,40,1.1,0.8293175689223057,1.093814035087719,1.9231316040100248,102.66664677456191,7.331170572874014e-06,0.7581888166719292
8.43157894736842,2.857142857142857,40,1.2,0.8293175689223057,1.093814035087719,1.9231316040100248,105.16374456813821,7.050237517489008e-06,0.7581888166719292
8.43157894736842,2.857142857142857,40,1.3,0.8293175689223057,1.093814035087719,1.9231316040100248,107.49465184921638,6.806759708320392e-06,0.7581888166719292
8.43157894736842,2.857142857142857,40,1.4,0.8293175689223057,1.093814035087719,1.9231316040100248,109.68224258275194,6.593069621557733e-06,0.7581888166719292
8.43157894736842,2.857142857142857,40,1.5,0.8293175689223057,1.093814035087719,1.9231316040100248,111.74486049387446,6.403523173253415e-06,0.7581888166719292
8.43157894736842,5.714285714285714,20,1.1,0.8017198746867168,1.0986315789473682,1.900351453634085,102.66664677456191,5.491669363266383e-06,0.7297440652988225
8.43157894736842,5.714285714285714,20,1.2,0.8017198746867168,1.0986315789473682,1.900351453634085,105.16374456813821,5.330647375334755e-06,0.7297440652988225
8.43157894736842,5.714285714285714,20,1.3,0.8017198746867168,1.0986315789473682,1.900351453634085,107.49465184921638,5.188635897862496e-06,0.7297440652988225
8.43157894736842,5.714285714285714,20,1.4,0.8017198746867168,1.0986315789473682,1.900351453634085,109.68224258275194,5.062071134505019e-06,0.7297440652988225
8.43157894736842,5.714285714285714,20,1.5,0.8017198746867168,1.0986315789473682,1.900351453634085,111.74486049387446,4.948265101848797e-06,0.7297440652988225
8.43157894736842,5.714285714285714,30,1.1,0.8017198746867168,1.0986315789473682,1.900351453634085,102.66664677456191,6.24740388619043e-06,0.7297440652988225
8.43157894736842,5.714285714285714,30,1.2,0.8017198746867168,1.0986315789473682,1.900351453634085,105.16374456813821,6.039851980023171e-06,0.7297440652988225
8.43157894736842,5.714285714285714,30,1.3,0.8017198746867168,1.0986315789473682,1.900351453634085,107.49465184921638,5.858183508445763e-06,0.7297440652988225
8.43157894736842,5.714285714285714,30,1.4,0.8017198746867168,1.0986315789473682,1.900351453634085,109.68224258275194,5.6973533467555e-06,0.7297440652988225
8.43157894736842,5.714285714285714,30,1.5,0.8017198746867168,1.0986315789473682,1.900351453634085,111.74486049387446,5.5535955253094375e-06,0.7297440652988225
8.43157894736842,5.714285714285714,40,1.1,0.8017198746867168,1.0986315789473682,1.900351453634085,102.66664677456191,7.244330354693676e-06,0.7297440652988225
8.43157894736842,5.714285714285714,40,1.2,0.8017198746867168,1.0986315789473682,1.900351453634085,105.16374456813821,6.966725047255767e-06,0.7297440652988225
8.43157894736842,5.714285714285714,40,1.3,0.8017198746867168,1.0986315789473682,1.900351453634085,107.49465184921638,6.726131315856192e-06,0.7297440652988225
8.43157894736842,5.714285714285714,40,1.4,0.8017198746867168,1.0986315789473682,1.900351453634085,109.68224258275194,6.514972461121623e-06,0.7297440652988225
8.43157894736842,5.714285714285714,40,1.5,0.8017198746867168,1.0986315789473682,1.900351453634085,111.74486049387446,6.327671255205603e-06,0.7297440652988225
8.43157894736842,8.571428571428571,20,1.1,0.7741221804511278,1.1034491228070171,1.877571303258145,102.66664677456191,5.4258388803465426e-06,0.701547687565215
8.43157894736842,8.571428571428571,20,1.2,0.7741221804511278,1.1034491228070171,1.877571303258145,105.16374456813821,5.266747117001478e-06,0.701547687565215
8.43157894736842,8.571428571428571,20,1.3,0.7741221804511278,1.1034491228070171,1.877571303258145,107.49465184921638,5.126437978749546e-06,0.701547687565215
8.43157894736842,8.571428571428571,20,1.4,0.7741221804511278,1.1034491228070171,1.877571303258145,109.68224258275194,5.0013903896684715e-06,0.701547687565215
8.43157894736842,8.571428571428571,20,1.5,0.7741221804511278,1.1034491228070171,1.877571303258145,111.74486049387446,4.8889485881036315e-06,0.701547687565215
8.43157894736842,8.571428571428571,30,1.1,0.7741221804511278,1.1034491228070171,1.877571303258145,102.66664677456191,6.172514160021886e-06,0.701547687565215
8.43157894736842,8.571428571428571,30,1.2,0.7741221804511278,1.1034491228070171,1.877571303258145,105.16374456813821,5.967450248180235e-06,0.701547687565215
8.43157894736842,8.571428571428571,30,1.3,0.7741221804511278,1.1034491228070171,1.877571303258145,107.49465184921638,5.787959497515023e-06,0.701547687565215
8.43157894736842,8.571428571428571,30,1.4,0.7741221804511278,1.1034491228070171,1.877571303258145,109.68224258275194,5.629057260925817e-06,0.701547687565215
8.43157894736842,8.571428571428571,30,1.5,0.7741221804511278,1.1034491228070171,1.877571303258145,111.74486049387446,5.487022712711134e-06,0.701547687565215
8.43157894736842,8.571428571428571,40,1.1,0.7741221804511278,1.1034491228070171,1.877571303258145,102.66664677456191,7.157490136513336e-06,0.701547687565215
8.43157894736842,8.571428571428571,40,1.2,0.7741221804511278,1.1034491228070171,1.877571303258145,105.16374456813821,6.883212577022525e-06,0.701547687565215
8.43157894736842,8.571428571428571,40,1.3,0.7741221804511278,1.1034491228070171,1.877571303258145,107.49465184921638,6.645502923391991e-06,0.701547687565215
8.43157894736842,8.571428571428571,40,1.4,0.7741221804511278,1.1034491228070171,1.877571303258145,109.68224258275194,6.436875300685511e-06,0.701547687565215
8.43157894736842,8.571428571428571,40,1.5,0.7741221804511278,1.1034491228070171,1.877571303258145,111.74486049387446,6.251819337157788e-06,0.701547687565215
8.43157894736842,11.428571428571429,20,1.1,0.7465473433583959,1.1083676691729318,1.8549150125313276,102.66664677456191,5.360366329239332e-06,0.673555683842233
8.43157894736842,11.428571428571429,20,1.2,0.7465473433583959,1.1083676691729318,1.8549150125313276,105.16374456813821,5.203194295513235e-06,0.673555683842233
8.43157894736842,11.428571428571429,20,1.3,0.7465473433583959,1.1083676691729318,1.8549150125313276,107.49465184921638,5.064578240566502e-06,0.673555683842233
8.43157894736842,11.428571428571429,20,1.4,0.7465473433583959,1.1083676691729318,1.8549150125313276,109.68224258275194,4.941039576620782e-06,0.673555683842233
8.43157894736842,11.428571428571429,20,1.5,0.7465473433583959,1.1083676691729318,1.8549150125313276,111.74486049387446,4.829954588585037e-06,0.673555683842233
8.43157894736842,11.428571428571429,30,1.1,0.7465473433583959,1.1083676691729318,1.8549150125313276,102.66664677456191,6.098031622350919e-06,0.673555683842233
8.43157894736842,11.428571428571429,30,1.2,0.7465473433583959,1.1083676691729318,1.8549150125313276,105.16374456813821,5.895442177175966e-06,0.673555683842233
8.43157894736842,11.428571428571429,30,1.3,0.7465473433583959,1.1083676691729318,1.8549150125313276,107.49465184921638,5.718117306774683e-06,0.673555683842233
8.43157894736842,11.428571428571429,30,1.4,0.7465473433583959,1.1083676691729318,1.8549150125313276,109.68224258275194,5.561132512821642e-06,0.673555683842233
8.43157894736842,11.428571428571429,30,1.5,0.7465473433583959,1.1083676691729318,1.8549150125313276,111.74486049387446,5.420811868101339e-06,0.673555683842233
8.43157894736842,11.428571428571429,40,1.1,0.7465473433583959,1.1083676691729318,1.8549150125313276,102.66664677456191,7.071122083739109e-06,0.673555683842233
8.43157894736842,11.428571428571429,40,1.2,0.7465473433583959,1.1083676691729318,1.8549150125313276,105.16374456813821,6.800154178649642e-06,0.673555683842233
8.43157894736842,11.428571428571429,40,1.3,0.7465473433583959,1.1083676691729318,1.8549150125313276,107.49465184921638,6.565312921554504e-06,0.673555683842233
8.43157894736842,11.428571428571429,40,1.4,0.7465473433583959,1.1083676691729318,1.8549150125313276,109.68224258275194,6.359202768126278e-06,0.673555683842233
8.43157894736842,11.428571428571429,40,1.5,0.7465473433583959,1.1083676691729318,1.8549150125313276,111.74486049387446,6.176379839212548e-06,0.673555683842233
8.43157894736842,14.285714285714286,20,1.1,0.7189953634085213,1.1133872180451125,1.8323825814536339,102.66664677456191,5.295251709944754e-06,0.6457729635794947
8.43157894736842,14.285714285714286,20,1.2,0.7189953634085213,1.1133872180451125,1.8323825814536339,105.16374456813821,5.139988910870028e-06,0.6457729635794947
8.43157894736842,14.285714285714286,20,1.3,0.7189953634085213,1.1133872180451125,1.8323825814536339,107.49465184921638,5.003056683313363e-06,0.6457729635794947
8.43157894736842,14.285714285714286,20,1.4,0.7189953634085213,1.1133872180451125,1.8323825814536339,109.68224258275194,4.881018695361952e-06,0.6457729635794947
8.43157894736842,14.285714285714286,20,1.5,0.7189953634085213,1.1133872180451125,1.8323825814536339,111.74486049387446,4.771283103293015e-06,0.6457729635794947
8.43157894736842,14.285714285714286,30,1.1,0.7189953634085213,1.1133872180451125,1.8323825814536339,102.66664677456191,6.02395627317753e-06,0.6457729635794947
8.43157894736842,14.285714285714286,30,1.2,0.7189953634085213,1.1133872180451125,1.8323825814536339,105.16374456813821,5.823827767010367e-06,0.6457729635794947
8.43157894736842,14.285714285714286,30,1.3,0.7189953634085213,1.1133872180451125,1.8323825814536339,107.49465184921638,5.648656936224745e-06,0.6457729635794947
8.43157894736842,14.285714285714286,30,1.4,0.7189953634085213,1.1133872180451125,1.8323825814536339,109.68224258275194,5.493579102442977e-06,0.6457729635794947
8.43157894736842,14.285714285714286,30,1.5,0.7189953634085213,1.1133872180451125,1.8323825814536339,111.74486049387446,5.354962991480058e-06,0.6457729635794947
8.43157894736842,14.285714285714286,40,1.1,0.7189953634085213,1.1133872180451125,1.8323825814536339,102.66664677456191,6.985226196370997e-06,0.6457729635794947
8.43157894736842,14.285714285714286,40,1.2,0.7189953634085213,1.1133872180451125,1.8323825814536339,105.16374456813821,6.7175498521371216e-06,0.6457729635794947
8.43157894736842,14.285714285714286,40,1.3,0.7189953634085213,1.1133872180451125,1.8323825814536339,107.49465184921638,6.4855613103437334e-06,0.6457729635794947
8.43157894736842,14.285714285714286,40,1.4,0.7189953634085213,1.1133872180451125,1.8323825814536339,109.68224258275194,6.281954863443925e-06,0.6457729635794947
8.43157894736842,14.285714285714286,40,1.5,0.7189953634085213,1.1133872180451125,1.8323825814536339,111.74486049387446,6.101352761369884e-06,0.6457729635794947
8.43157894736842,17.142857142857142,20,1.1,0.6914433834586466,1.118406766917293,1.8098501503759397,102.66664677456191,5.230137090650175e-06,0.6182396279347435
8.43157894736842,17.142857142857142,20,1.2,0.6914433834586466,1.118406766917293,1.8098501503759397,105.16374456813821,5.07678352622682e-06,0.6182396279347435
8.43157894736842,17.142857142857142,20,1.3,0.6914433834586466,1.118406766917293,1.8098501503759397,107.49465184921638,4.941535126060224e-06,0.6182396279347435
8.43157894736842,17.142857142857142,20,1.4,0.6914433834586466,1.118406766917293,1.8098501503759397,109.68224258275194,4.82099781410312e-06,0.6182396279347435
8.43157894736842,17.142857142857142,20,1.5,0.6914433834586466,1.118406766917293,1.8098501503759397,111.74486049387446,4.712611618000991e-06,0.6182396279347435
8.43157894736842,17.142857142857142,30,1.1,0.6914433834586466,1.118406766917293,1.8098501503759397,102.66664677456191,5.94988092400414e-06,0.6182396279347435
8.43157894736842,17.142857142857142,30,1.2,0.6914433834586466,1.118406766917293,1.8098501503759397,105.16374456813821,5.752213356844767e-06,0.6182396279347435
8.43157894736842,17.142857142857142,30,1.3,0.6914433834586466,1.118406766917293,1.8098501503759397,107.49465184921638,5.579196565674807e-06,0.6182396279347435
8.43157894736842,17.142857142857142,30,1.4,0.6914433834586466,1.118406766917293,1.8098501503759397,109.68224258275194,5.426025692064311e-06,0.6182396279347435
8.43157894736842,17.142857142857142,30,1.5,0.6914433834586466,1.118406766917293,1.8098501503759397,111.74486049387446,5.2891141148587754e-06,0.6182396279347435
8.43157894736842,17.142857142857142,40,1.1,0.6914433834586466,1.118406766917293,1.8098501503759397,102.66664677456191,6.899330309002885e-06,0.6182396279347435
8.43157894736842,17.142857142857142,40,1.2,0.6914433834586466,1.118406766917293,1.8098501503759397,105.16374456813821,6.634945525624599e-06,0.6182396279347435
8.43157894736842,17.142857142857142,40,1.3,0.6914433834586466,1.118406766917293,1.8098501503759397,107.49465184921638,6.4058096991329624e-06,0.6182396279347435
8.43157894736842,17.142857142857142,40,1.4,0.6914433834586466,1.118406766917293,1.8098501503759397,109.68224258275194,6.204706958761572e-06,0.6182396279347435
8.43157894736842,17.142857142857142,40,1.5,0.6914433834586466,1.118406766917293,1.8098501503759397,111.74486049387446,6.026325683527218e-06,0.6182396279347435
8.43157894736842,20.0,20,1.1,0.663891403508772,1.1234263157894735,1.7873177192982455,102.66664677456191,5.165022471355595e-06,0.5909523341032213
8.43157894736842,20.0,20,1.2,0.663891403508772,1.1234263157894735,1.7873177192982455,105.16374456813821,5.013578141583612e-06,0.5909523341032213
8.43157894736842,20.0,20,1.3,0.663891403508772,1.1234263157894735,1.7873177192982455,107.49465184921638,4.8800135688070834e-06,0.5909523341032213
8.43157894736842,20.0,20,1.4,0.663891403508772,1.1234263157894735,1.7873177192982455,109.68224258275194,4.760976932844288e-06,0.5909523341032213
8.43157894736842,20.0,20,1.5,0.663891403508772,1.1234263157894735,1.7873177192982455,111.74486049387446,4.653940132708967e-06,0.5909523341032213
8.43157894736842,20.0,30,1.1,0.663891403508772,1.1234263157894735,1.7873177192982455,102.66664677456191,5.875805574830749e-06,0.5909523341032213
8.43157894736842,20.0,30,1.2,0.663891403508772,1.1234263157894735,1.7873177192982455,105.16374456813821,5.680598946679166e-06,0.5909523341032213
8.43157894736842,20.0,30,1.3,0.663891403508772,1.1234263157894735,1.7873177192982455,107.49465184921638,5.509736195124867e-06,0.5909523341032213
8.43157894736842,20.0,30,1.4,0.663891403508772,1.1234263157894735,1.7873177192982455,109.68224258275194,5.358472281685644e-06,0.5909523341032213
8.43157894736842,20.0,30,1.5,0.663891403508772,1.1234263157894735,1.7873177192982455,111.74486049387446,5.2232652382374936e-06,0.5909523341032213
8.43157894736842,20.0,40,1.1,0.663891403508772,1.1234263157894735,1.7873177192982455,102.66664677456191,6.813434421634772e-06,0.5909523341032213
8.43157894736842,20.0,40,1.2,0.663891403508772,1.1234263157894735,1.7873177192982455,105.16374456813821,6.552341199112077e-06,0.5909523341032213
8.43157894736842,20.0,40,1.3,0.663891403508772,1.1234263157894735,1.7873177192982455,107.49465184921638,6.326058087922191e-06,0.5909523341032213
8.43157894736842,20.0,40,1.4,0.663891403508772,1.1234263157894735,1.7873177192982455,109.68224258275194,6.127459054079217e-06,0.5909523341032213
8.43157894736842,20.0,40,1.5,0.663891403508772,1.1234263157894735,1.7873177192982455,111.74486049387446,5.9512986056845526e-06,0.5909523341032213
8.43157894736842,22.857142857142858,20,1.1,0.6365070927318295,1.128429824561403,1.7649369172932325,102.66664677456191,5.10034603244677e-06,0.5640644007076172
8.43157894736842,22.857142857142858,20,1.2,0.6365070927318295,1.128429824561403,1.7649369172932325,105.16374456813821,4.950798089379184e-06,0.5640644007076172
8.43157894736842,22.857142857142858,20,1.3,0.6365070927318295,1.128429824561403,1.7649369172932325,107.49465184921638,4.81890601289468e-06,0.5640644007076172
8.43157894736842,22.857142857142858,20,1.4,0.6365070927318295,1.128429824561403,1.7649369172932325,109.68224258275194,4.701359954321713e-06,0.5640644007076172
8.43157894736842,22.857142857142858,20,1.5,0.6365070927318295,1.128429824561403,1.7649369172932325,111.74486049387446,4.595663469568047e-06,0.5640644007076172
8.43157894736842,22.857142857142858,30,1.1,0.6365070927318295,1.128429824561403,1.7649369172932325,102.66664677456191,5.802228706112707e-06,0.5640644007076172
8.43157894736842,22.857142857142858,30,1.2,0.6365070927318295,1.128429824561403,1.7649369172932325,105.16374456813821,5.609466456399022e-06,0.5640644007076172
8.43157894736842,22.857142857142858,30,1.3,0.6365070927318295,1.128429824561403,1.7649369172932325,107.49465184921638,5.440743249130152e-06,0.5640644007076172
8.43157894736842,22.857142857142858,30,1.4,0.6365070927318295,1.128429824561403,1.7649369172932325,109.68224258275194,5.291373463221044e-06,0.5640644007076172
8.43157894736842,22.857142857142858,30,1.5,0.6365070927318295,1.128429824561403,1.7649369172932325,111.74486049387446,5.157859483091419e-06,0.5640644007076172
8.43157894736842,22.857142857142858,40,1.1,0.6365070927318295,1.128429824561403,1.7649369172932325,102.66664677456191,6.728116559500769e-06,0.5640644007076172
8.43157894736842,22.857142857142858,40,1.2,0.6365070927318295,1.128429824561403,1.7649369172932325,105.16374456813821,6.470292747701773e-06,0.5640644007076172
8.43157894736842,22.857142857142858,40,1.3,0.6365070927318295,1.128429824561403,1.7649369172932325,107.49465184921638,6.2468431548359865e-06,0.5640644007076172
8.43157894736842,22.857142857142858,40,1.4,0.6365070927318295,1.128429824561403,1.7649369172932325,109.68224258275194,6.0507309791530565e-06,0.5640644007076172
8.43157894736842,22.857142857142858,40,1.5,0.6365070927318295,1.128429824561403,1.7649369172932325,111.74486049387446,5.876776412831884e-06,0.5640644007076172
8.43157894736842,25.714285714285715,20,1.1,0.6091227819548872,1.133433333333333,1.7425561152882203,102.66664677456191,5.035669593537948e-06,0.5374138593255484
8.43157894736842,25.714285714285715,20,1.2,0.6091227819548872,1.133433333333333,1.7425561152882203,105.16374456813821,4.888018037174757e-06,0.5374138593255484
8.43157894736842,25.714285714285715,20,1.3,0.6091227819548872,1.133433333333333,1.7425561152882203,107.49465184921638,4.757798456982278e-06,0.5374138593255484
8.43157894736842,25.714285714285715,20,1.4,0.6091227819548872,1.133433333333333,1.7425561152882203,109.68224258275194,4.64174297579914e-06,0.5374138593255484
8.43157894736842,25.714285714285715,20,1.5,0.6091227819548872,1.133433333333333,1.7425561152882203,111.74486049387446,4.537386806427127e-06,0.5374138593255484
8.43157894736842,25.714285714285715,30,1.1,0.6091227819548872,1.133433333333333,1.7425561152882203,102.66664677456191,5.728651837394666e-06,0.5374138593255484
8.43157894736842,25.714285714285715,30,1.2,0.6091227819548872,1.133433333333333,1.7425561152882203,105.16374456813821,5.53833396611888e-06,0.5374138593255484
8.43157894736842,25.714285714285715,30,1.3,0.6091227819548872,1.133433333333333,1.7425561152882203,107.49465184921638,5.371750303135437e-06,0.5374138593255484
8.43157894736842,25.714285714285715,30,1.4,0.6091227819548872,1.133433333333333,1.7425561152882203,109.68224258275194,5.224274644756445e-06,0.5374138593255484
8.43157894736842,25.714285714285715,30,1.5,0.6091227819548872,1.133433333333333,1.7425561152882203,111.74486049387446,5.0924537279453475e-06,0.5374138593255484
8.43157894736842,25.714285714285715,40,1.1,0.6091227819548872,1.133433333333333,1.7425561152882203,102.66664677456191,6.642798697366769e-06,0.5374138593255484
8.43157894736842,25.714285714285715,40,1.2,0.6091227819548872,1.133433333333333,1.7425561152882203,105.16374456813821,6.388244296291472e-06,0.5374138593255484
8.43157894736842,25.714285714285715,40,1.3,0.6091227819548872,1.133433333333333,1.7425561152882203,107.49465184921638,6.167628221749785e-06,0.5374138593255484
8.43157894736842,25.714285714285715,40,1.4,0.6091227819548872,1.133433333333333,1.7425561152882203,109.68224258275194,5.974002904226898e-06,0.5374138593255484
8.43157894736842,25.714285714285715,40,1.5,0.6091227819548872,1.133433333333333,1.7425561152882203,111.74486049387446,5.802254219979218e-06,0.5374138593255484
8.43157894736842,28.571428571428573,20,1.1,0.5817384711779447,1.1384368421052629,1.7201753132832076,102.66664677456191,4.970993154629124e-06,0.5109975798939891
8.43157894736842,28.571428571428573,20,1.2,0.5817384711779447,1.1384368421052629,1.7201753132832076,105.16374456813821,4.82523798497033e-06,0.5109975798939891
8.43157894736842,28.571428571428573,20,1.3,0.5817384711779447,1.1384368421052629,1.7201753132832076,107.49465184921638,4.6966909010698745e-06,0.5109975798939891
8.43157894736842,28.571428571428573,20,1.4,0.5817384711779447,1.1384368421052629,1.7201753132832076,109.68224258275194,4.5821259972765655e-06,0.5109975798939891
8.43157894736842,28.571428571428573,20,1.5,0.5817384711779447,1.1384368421052629,1.7201753132832076,111.74486049387446,4.4791101432862074e-06,0.5109975798939891
8.43157894736842,28.571428571428573,30,1.1,0.5817384711779447,1.1384368421052629,1.7201753132832076,102.66664677456191,5.6550749686766244e-06,0.5109975798939891
8.43157894736842,28.571428571428573,30,1.2,0.5817384711779447,1.1384368421052629,1.7201753132832076,105.16374456813821,5.467201475838737e-06,0.5109975798939891
8.43157894736842,28.571428571428573,30,1.3,0.5817384711779447,1.1384368421052629,1.7201753132832076,107.49465184921638,5.302757357140722e-06,0.5109975798939891
8.43157894736842,28.571428571428573,30,1.4,0.5817384711779447,1.1384368421052629,1.7201753132832076,109.68224258275194,5.157175826291846e-06,0.5109975798939891
8.43157894736842,28.571428571428573,30,1.5,0.5817384711779447,1.1384368421052629,1.7201753132832076,111.74486049387446,5.027047972799275e-06,0.5109975798939891
8.43157894736842,28.571428571428573,40,1.1,0.5817384711779447,1.1384368421052629,1.7201753132832076,102.66664677456191,6.5574808352327676e-06,0.5109975798939891
8.43157894736842,28.571428571428573,40,1.2,0.5817384711779447,1.1384368421052629,1.7201753132832076,105.16374456813821,6.30619584488117e-06,0.5109975798939891
8.43157894736842,28.571428571428573,40,1.3,0.5817384711779447,1.1384368421052629,1.7201753132832076,107.49465184921638,6.088413288663582e-06,0.5109975798939891
8.43157894736842,28.571428571428573,40,1.4,0.5817384711779447,1.1384368421052629,1.7201753132832076,109.68224258275194,5.897274829300738e-06,0.5109975798939891
8.43157894736842,28.571428571428573,40,1.5,0.5817384711779447,1.1384368421052629,1.7201753132832076,111.74486049387446,5.727732027126551e-06,0.5109975798939891
8.43157894736842,31.42857142857143,20,1.1,0.5544129072681704,1.1433974937343354,1.697810401002506,102.66664677456191,4.906362634127668e-06,0.4848820382292935
8.43157894736842,31.42857142857143,20,1.2,0.5544129072681704,1.1433974937343354,1.697810401002506,105.16374456813821,4.762502504793372e-06,0.4848820382292935
8.43157894736842,31.42857142857143,20,1.3,0.5544129072681704,1.1433974937343354,1.697810401002506,107.49465184921638,4.635626729760782e-06,0.4848820382292935
8.43157894736842,31.42857142857143,20,1.4,0.5544129072681704,1.1433974937343354,1.697810401002506,109.68224258275194,4.52255134509032e-06,0.4848820382292935
8.43157894736842,31.42857142857143,20,1.5,0.5544129072681704,1.1433974937343354,1.697810401002506,111.74486049387446,4.4208748548963285e-06,0.4848820382292935
8.43157894736842,31.42857142857143,30,1.1,0.5544129072681704,1.1433974937343354,1.697810401002506,102.66664677456191,5.581550337414566e-06,0.4848820382292935
8.43157894736842,31.42857142857143,30,1.2,0.5544129072681704,1.1433974937343354,1.697810401002506,105.16374456813821,5.396119487576343e-06,0.4848820382292935
8.43157894736842,31.42857142857143,30,1.3,0.5544129072681704,1.1433974937343354,1.697810401002506,107.49465184921638,5.2338133941489845e-06,0.4848820382292935
8.43157894736842,31.42857142857143,30,1.4,0.5544129072681704,1.1433974937343354,1.697810401002506,109.68224258275194,5.090124646054275e-06,0.4848820382292935
8.43157894736842,31.42857142857143,30,1.5,0.5544129072681704,1.1433974937343354,1.697810401002506,111.74486049387446,4.961688653854076e-06,0.4848820382292935
8.43157894736842,31.42857142857143,40,1.1,0.5544129072681704,1.1433974937343354,1.697810401002506,102.66664677456191,6.472223546321647e-06,0.4848820382292935
8.43157894736842,31.42857142857143,40,1.2,0.5544129072681704,1.1433974937343354,1.697810401002506,105.16374456813821,6.224205645506374e-06,0.4848820382292935
8.43157894736842,31.42857142857143,40,1.3,0.5544129072681704,1.1433974937343354,1.697810401002506,107.49465184921638,6.00925459589655e-06,0.4848820382292935
8.43157894736842,31.42857142857143,40,1.4,0.5544129072681704,1.1433974937343354,1.697810401002506,109.68224258275194,5.820601229096137e-06,0.4848820382292935
8.43157894736842,31.42857142857143,40,1.5,0.5544129072681704,1.1433974937343354,1.697810401002506,111.74486049387446,5.653262742882753e-06,0.4848820382292935
8.43157894736842,34.285714285714285,20,1.1,0.5271460902255639,1.1483152882205512,1.6754613784461152,102.66664677456191,4.84177803203358e-06,0.45906041279171544
8.43157894736842,34.285714285714285,20,1.2,0.5271460902255639,1.1483152882205512,1.6754613784461152,105.16374456813821,4.6998115966438835e-06,0.45906041279171544
8.43157894736842,34.285714285714285,20,1.3,0.5271460902255639,1.1483152882205512,1.6754613784461152,107.49465184921638,4.574605943055001e-06,0.45906041279171544
8.43157894736842,34.285714285714285,20,1.4,0.5271460902255639,1.1483152882205512,1.6754613784461152,109.68224258275194,4.463019019240403e-06,0.45906041279171544
8.43157894736842,34.285714285714285,20,1.5,0.5271460902255639,1.1483152882205512,1.6754613784461152,111.74486049387446,4.362680941257492e-06,0.45906041279171544
8.43157894736842,34.285714285714285,30,1.1,0.5271460902255639,1.1483152882205512,1.6754613784461152,102.66664677456191,5.50807794360849e-06,0.45906041279171544
8.43157894736842,34.285714285714285,30,1.2,0.5271460902255639,1.1483152882205512,1.6754613784461152,105.16374456813821,5.3250880013317e-06,0.45906041279171544
8.43157894736842,34.285714285714285,30,1.3,0.5271460902255639,1.1483152882205512,1.6754613784461152,107.49465184921638,5.164918414160225e-06,0.45906041279171544
8.43157894736842,34.285714285714285,30,1.4,0.5271460902255639,1.1483152882205512,1.6754613784461152,109.68224258275194,5.023121104043733e-06,0.45906041279171544
8.43157894736842,34.285714285714285,30,1.5,0.5271460902255639,1.1483152882205512,1.6754613784461152,111.74486049387446,4.89637577110975e-06,0.45906041279171544
8.43157894736842,34.285714285714285,40,1.1,0.5271460902255639,1.1483152882205512,1.6754613784461152,102.66664677456191,6.387026830633408e-06,0.45906041279171544
8.43157894736842,34.285714285714285,40,1.2,0.5271460902255639,1.1483152882205512,1.6754613784461152,105.16374456813821,6.142273698167084e-06,0.45906041279171544
8.43157894736842,34.285714285714285,40,1.3,0.5271460902255639,1.1483152882205512,1.6754613784461152,107.49465184921638,5.930152143448687e-06,0.45906041279171544
8.43157894736842,34.285714285714285,40,1.4,0.5271460902255639,1.1483152882205512,1.6754613784461152,109.68224258275194,5.743982103613095e-06,0.45906041279171544
8.43157894736842,34.285714285714285,40,1.5,0.5271460902255639,1.1483152882205512,1.6754613784461152,111.74486049387446,5.578846367247825e-06,0.45906041279171544
8.43157894736842,37.142857142857146,20,1.1,0.49987927318295733,1.1532330827067665,1.6531123558897238,102.66664677456191,4.7771934299394895e-06,0.4334590124744644
8.43157894736842,37.142857142857146,20,1.2,0.49987927318295733,1.1532330827067665,1.6531123558897238,105.16374456813821,4.6371206884943925e-06,0.4334590124744644
8.43157894736842,37.142857142857146,20,1.3,0.49987927318295733,1.1532330827067665,1.6531123558897238,107.49465184921638,4.513585156349217e-06,0.4334590124744644
8.43157894736842,37.142857142857146,20,1.4,0.49987927318295733,1.1532330827067665,1.6531123558897238,109.68224258275194,4.403486693390485e-06,0.4334590124744644
8.43157894736842,37.142857142857146,20,1.5,0.49987927318295733,1.1532330827067665,1.6531123558897238,111.74486049387446,4.304487027618653e-06,0.4334590124744644
8.43157894736842,37.142857142857146,30,1.1,0.49987927318295733,1.1532330827067665,1.6531123558897238,102.66664677456191,5.434605549802411e-06,0.4334590124744644
8.43157894736842,37.142857142857146,30,1.2,0.49987927318295733,1.1532330827067665,1.6531123558897238,105.16374456813821,5.254056515087053e-06,0.4334590124744644
8.43157894736842,37.142857142857146,30,1.3,0.49987927318295733,1.1532330827067665,1.6531123558897238,107.49465184921638,5.096023434171463e-06,0.4334590124744644
8.43157894736842,37.142857142857146,30,1.4,0.49987927318295733,1.1532330827067665,1.6531123558897238,109.68224258275194,4.956117562033188e-06,0.4334590124744644
8.43157894736842,37.142857142857146,30,1.5,0.49987927318295733,1.1532330827067665,1.6531123558897238,111.74486049387446,4.831062888365423e-06,0.4334590124744644
8.43157894736842,37.142857142857146,40,1.1,0.49987927318295733,1.1532330827067665,1.6531123558897238,102.66664677456191,6.301830114945166e-06,0.4334590124744644
8.43157894736842,37.142857142857146,40,1.2,0.49987927318295733,1.1532330827067665,1.6531123558897238,105.16374456813821,6.060341750827791e-06,0.4334590124744644
8.43157894736842,37.142857142857146,40,1.3,0.49987927318295733,1.1532330827067665,1.6531123558897238,107.49465184921638,5.851049691000823e-06,0.4334590124744644
8.43157894736842,37.142857142857146,40,1.4,0.49987927318295733,1.1532330827067665,1.6531123558897238,109.68224258275194,5.66736297813005e-06,0.4334590124744644
8.43157894736842,37.142857142857146,40,1.5,0.49987927318295733,1.1532330827067665,1.6531123558897238,111.74486049387446,5.504429991612895e-06,0.4334590124744644
8.43157894736842,40.0,20,1.1,0.47261245614035086,1.1581508771929823,1.6307633333333331,102.66664677456191,4.712608827845401e-06,0.40807503188688565
8.43157894736842,40.0,20,1.2,0.47261245614035086,1.1581508771929823,1.6307633333333331,105.16374456813821,4.574429780344904e-06,0.40807503188688565
8.43157894736842,40.0,20,1.3,0.47261245614035086,1.1581508771929823,1.6307633333333331,107.49465184921638,4.452564369643435e-06,0.40807503188688565
8.43157894736842,40.0,20,1.4,0.47261245614035086,1.1581508771929823,1.6307633333333331,109.68224258275194,4.343954367540568e-06,0.40807503188688565
8.43157894736842,40.0,20,1.5,0.47261245614035086,1.1581508771929823,1.6307633333333331,111.74486049387446,4.246293113979817e-06,0.40807503188688565
8.43157894736842,40.0,30,1.1,0.47261245614035086,1.1581508771929823,1.6307633333333331,102.66664677456191,5.361133155996335e-06,0.40807503188688565
8.43157894736842,40.0,30,1.2,0.47261245614035086,1.1581508771929823,1.6307633333333331,105.16374456813821,5.183025028842409e-06,0.40807503188688565
8.43157894736842,40.0,30,1.3,0.47261245614035086,1.1581508771929823,1.6307633333333331,107.49465184921638,5.027128454182704e-06,0.40807503188688565
8.43157894736842,40.0,30,1.4,0.47261245614035086,1.1581508771929823,1.6307633333333331,109.68224258275194,4.889114020022646e-06,0.40807503188688565
8.43157894736842,40.0,30,1.5,0.47261245614035086,1.1581508771929823,1.6307633333333331,111.74486049387446,4.765750005621098e-06,0.40807503188688565
8.43157894736842,40.0,40,1.1,0.47261245614035086,1.1581508771929823,1.6307633333333331,102.66664677456191,6.216633399256928e-06,0.40807503188688565
8.43157894736842,40.0,40,1.2,0.47261245614035086,1.1581508771929823,1.6307633333333331,105.16374456813821,5.978409803488501e-06,0.40807503188688565
8.43157894736842,40.0,40,1.3,0.47261245614035086,1.1581508771929823,1.6307633333333331,107.49465184921638,5.77194723855296e-06,0.40807503188688565
8.43157894736842,40.0,40,1.4,0.47261245614035086,1.1581508771929823,1.6307633333333331,109.68224258275194,5.590743852647009e-06,0.40807503188688565
8.43157894736842,40.0,40,1.5,0.47261245614035086,1.1581508771929823,1.6307633333333331,111.74486049387446,5.430013615977967e-06,0.40807503188688565
8.51578947368421,0.0,20,1.1,0.8597026315789473,1.112098245614035,1.9718008771929822,102.66664677456191,5.698145175743642e-06,0.7730455784545099
8.51578947368421,0.0,20,1.2,0.8597026315789473,1.112098245614035,1.9718008771929822,105.16374456813821,5.531069082295889e-06,0.7730455784545099
8.51578947368421,0.0,20,1.3,0.8597026315789473,1.112098245614035,1.9718008771929822,107.49465184921638,5.3837182565758434e-06,0.7730455784545099
8.51578947368421,0.0,20,1.4,0.8597026315789473,1.112098245614035,1.9718008771929822,109.68224258275194,5.2523949106059405e-06,0.7730455784545099
8.51578947368421,0.0,20,1.5,0.8597026315789473,1.112098245614035,1.9718008771929822,111.74486049387446,5.134309998158688e-06,0.7730455784545099
8.51578947368421,0.0,30,1.1,0.8597026315789473,1.112098245614035,1.9718008771929822,102.66664677456191,6.482293809080383e-06,0.7730455784545099
8.51578947368421,0.0,30,1.2,0.8597026315789473,1.112098245614035,1.9718008771929822,105.16374456813821,6.266938365295993e-06,0.7730455784545099
8.51578947368421,0.0,30,1.3,0.8597026315789473,1.112098245614035,1.9718008771929822,107.49465184921638,6.078439521605991e-06,0.7730455784545099
8.51578947368421,0.0,30,1.4,0.8597026315789473,1.112098245614035,1.9718008771929822,109.68224258275194,5.911562466683596e-06,0.7730455784545099
8.51578947368421,0.0,30,1.5,0.8597026315789473,1.112098245614035,1.9718008771929822,111.74486049387446,5.7623996379401925e-06,0.7730455784545099
8.51578947368421,0.0,40,1.1,0.8597026315789473,1.112098245614035,1.9718008771929822,102.66664677456191,7.516702723985293e-06,0.7730455784545099
8.51578947368421,0.0,40,1.2,0.8597026315789473,1.112098245614035,1.9718008771929822,105.16374456813821,7.228660010795202e-06,0.7730455784545099
8.51578947368421,0.0,40,1.3,0.8597026315789473,1.112098245614035,1.9718008771929822,107.49465184921638,6.979020435066405e-06,0.7730455784545099
8.51578947368421,0.0,40,1.4,0.8597026315789473,1.112098245614035,1.9718008771929822,109.68224258275194,6.759922428644241e-06,0.7730455784545099
8.51578947368421,0.0,40,1.5,0.8597026315789473,1.112098245614035,1.9718008771929822,111.74486049387446,6.565579071041492e-06,0.7730455784545099
8.51578947368421,2.857142857142857,20,1.1,0.83214664160401,1.1168355889724308,1.9489822305764408,102.66664677456191,5.632203445704378e-06,0.7450932346896688
8.51578947368421,2.857142857142857,20,1.2,0.83214664160401,1.1168355889724308,1.9489822305764408,105.16374456813821,5.46706083873518e-06,0.7450932346896688
8.51578947368421,2.857142857142857,20,1.3,0.83214664160401,1.1168355889724308,1.9489822305764408,107.49465184921638,5.3214152290233295e-06,0.7450932346896688
8.51578947368421,2.857142857142857,20,1.4,0.83214664160401,1.1168355889724308,1.9489822305764408,109.68224258275194,5.191611621206934e-06,0.7450932346896688
8.51578947368421,2.857142857142857,20,1.5,0.83214664160401,1.1168355889724308,1.9489822305764408,111.74486049387446,5.074893245269045e-06,0.7450932346896688
8.51578947368421,2.857142857142857,30,1.1,0.83214664160401,1.1168355889724308,1.9489822305764408,102.66664677456191,6.407277526551606e-06,0.7450932346896688
8.51578947368421,2.857142857142857,30,1.2,0.83214664160401,1.1168355889724308,1.9489822305764408,105.16374456813821,6.194414281561479e-06,0.7450932346896688
8.51578947368421,2.857142857142857,30,1.3,0.83214664160401,1.1168355889724308,1.9489822305764408,107.49465184921638,6.0080968389204045e-06,0.7450932346896688
8.51578947368421,2.857142857142857,30,1.4,0.83214664160401,1.1168355889724308,1.9489822305764408,109.68224258275194,5.8431509671051514e-06,0.7450932346896688
8.51578947368421,2.857142857142857,30,1.5,0.83214664160401,1.1168355889724308,1.9489822305764408,111.74486049387446,5.695714323757439e-06,0.7450932346896688
8.51578947368421,2.857142857142857,40,1.1,0.83214664160401,1.1168355889724308,1.9489822305764408,102.66664677456191,7.429715754274442e-06,0.7450932346896688
8.51578947368421,2.857142857142857,40,1.2,0.83214664160401,1.1168355889724308,1.9489822305764408,105.16374456813821,7.145006412602124e-06,0.7450932346896688
8.51578947368421,2.857142857142857,40,1.3,0.83214664160401,1.1168355889724308,1.9489822305764408,107.49465184921638,6.898255788453554e-06,0.7450932346896688
8.51578947368421,2.857142857142857,40,1.4,0.83214664160401,1.1168355889724308,1.9489822305764408,109.68224258275194,6.681693291595649e-06,0.7450932346896688
8.51578947368421,2.857142857142857,40,1.5,0.83214664160401,1.1168355889724308,1.9489822305764408,111.74486049387446,6.489598970622664e-06,0.7450932346896688
8.51578947368421,5.714285714285714,20,1.1,0.8045906516290726,1.121572932330827,1.9261635839598996,102.66664677456191,5.566261715665114e-06,0.7173770233175928
8.51578947368421,5.714285714285714,20,1.2,0.8045906516290726,1.121572932330827,1.9261635839598996,105.16374456813821,5.403052595174472e-06,0.7173770233175928
8.51578947368421,5.714285714285714,20,1.3,0.8045906516290726,1.121572932330827,1.9261635839598996,107.49465184921638,5.2591122014708155e-06,0.7173770233175928
8.51578947368421,5.714285714285714,20,1.4,0.8045906516290726,1.121572932330827,1.9261635839598996,109.68224258275194,5.130828331807927e-06,0.7173770233175928
8.51578947368421,5.714285714285714,20,1.5,0.8045906516290726,1.121572932330827,1.9261635839598996,111.74486049387446,5.015476492379402e-06,0.7173770233175928
8.51578947368421,5.714285714285714,30,1.1,0.8045906516290726,1.121572932330827,1.9261635839598996,102.66664677456191,6.332261244022829e-06,0.7173770233175928
8.51578947368421,5.714285714285714,30,1.2,0.8045906516290726,1.121572932330827,1.9261635839598996,105.16374456813821,6.121890197826963e-06,0.7173770233175928
8.51578947368421,5.714285714285714,30,1.3,0.8045906516290726,1.121572932330827,1.9261635839598996,107.49465184921638,5.93775415623482e-06,0.7173770233175928
8.51578947368421,5.714285714285714,30,1.4,0.8045906516290726,1.121572932330827,1.9261635839598996,109.68224258275194,5.774739467526708e-06,0.7173770233175928
8.51578947368421,5.714285714285714,30,1.5,0.8045906516290726,1.121572932330827,1.9261635839598996,111.74486049387446,5.629029009574686e-06,0.7173770233175928
8.51578947368421,5.714285714285714,40,1.1,0.8045906516290726,1.121572932330827,1.9261635839598996,102.66664677456191,7.342728784563592e-06,0.7173770233175928
8.51578947368421,5.714285714285714,40,1.2,0.8045906516290726,1.121572932330827,1.9261635839598996,105.16374456813821,7.061352814409047e-06,0.7173770233175928
8.51578947368421,5.714285714285714,40,1.3,0.8045906516290726,1.121572932330827,1.9261635839598996,107.49465184921638,6.8174911418407025e-06,0.7173770233175928
8.51578947368421,5.714285714285714,40,1.4,0.8045906516290726,1.121572932330827,1.9261635839598996,109.68224258275194,6.603464154547057e-06,0.7173770233175928
8.51578947368421,5.714285714285714,40,1.5,0.8045906516290726,1.121572932330827,1.9261635839598996,111.74486049387446,6.413618870203837e-06,0.7173770233175928
8.51578947368421,8.571428571428571,20,1.1,0.7770346616541354,1.126310275689223,1.9033449373433582,102.66664677456191,5.500319985625849e-06,0.6898939647679629
8.51578947368421,8.571428571428571,20,1.2,0.7770346616541354,1.126310275689223,1.9033449373433582,105.16374456813821,5.339044351613762e-06,0.6898939647679629
8.51578947368421,8.571428571428571,20,1.3,0.7770346616541354,1.126310275689223,1.9033449373433582,107.49465184921638,5.196809173918301e-06,0.6898939647679629
8.51578947368421,8.571428571428571,20,1.4,0.7770346616541354,1.126310275689223,1.9033449373433582,109.68224258275194,5.070045042408919e-06,0.6898939647679629
8.51578947368421,8.571428571428571,20,1.5,0.7770346616541354,1.126310275689223,1.9033449373433582,111.74486049387446,4.9560597394897575e-06,0.6898939647679629
8.51578947368421,8.571428571428571,30,1.1,0.7770346616541354,1.126310275689223,1.9033449373433582,102.66664677456191,6.257244961494052e-06,0.6898939647679629
8.51578947368421,8.571428571428571,30,1.2,0.7770346616541354,1.126310275689223,1.9033449373433582,105.16374456813821,6.0493661140924475e-06,0.6898939647679629
8.51578947368421,8.571428571428571,30,1.3,0.7770346616541354,1.126310275689223,1.9033449373433582,107.49465184921638,5.8674114735492335e-06,0.6898939647679629
8.51578947368421,8.571428571428571,30,1.4,0.7770346616541354,1.126310275689223,1.9033449373433582,109.68224258275194,5.706327967948265e-06,0.6898939647679629
8.51578947368421,8.571428571428571,30,1.5,0.7770346616541354,1.126310275689223,1.9033449373433582,111.74486049387446,5.562343695391932e-06,0.6898939647679629
8.51578947368421,8.571428571428571,40,1.1,0.7770346616541354,1.126310275689223,1.9033449373433582,102.66664677456191,7.255741814852741e-06,0.6898939647679629
8.51578947368421,8.571428571428571,40,1.2,0.7770346616541354,1.126310275689223,1.9033449373433582,105.16374456813821,6.977699216215969e-06,0.6898939647679629
8.51578947368421,8.571428571428571,40,1.3,0.7770346616541354,1.126310275689223,1.9033449373433582,107.49465184921638,6.736726495227851e-06,0.6898939647679629
8.51578947368421,8.571428571428571,40,1.4,0.7770346616541354,1.126310275689223,1.9033449373433582,109.68224258275194,6.525235017498464e-06,0.6898939647679629
8.51578947368421,8.571428571428571,40,1.5,0.7770346616541354,1.126310275689223,1.9033449373433582,111.74486049387446,6.3376387697850086e-06,0.6898939647679629
8.51578947368421,11.428571428571429,20,1.1,0.7494558145363408,1.1311766917293231,1.880632506265664,102.66664677456191,5.4346851991361445e-06,0.6625453123424828
8.51578947368421,11.428571428571429,20,1.2,0.7494558145363408,1.1311766917293231,1.880632506265664,105.16374456813821,5.275334051668848e-06,0.6625453123424828
8.51578947368421,11.428571428571429,20,1.3,0.7494558145363408,1.1311766917293231,1.880632506265664,107.49465184921638,5.134796152594223e-06,0.6625453123424828
8.51578947368421,11.428571428571429,20,1.4,0.7494558145363408,1.1311766917293231,1.880632506265664,109.68224258275194,5.009544685207641e-06,0.6625453123424828
8.51578947368421,11.428571428571429,20,1.5,0.7494558145363408,1.1311766917293231,1.880632506265664,111.74486049387446,4.8969195578854656e-06,0.6625453123424828
8.51578947368421,11.428571428571429,30,1.1,0.7494558145363408,1.1311766917293231,1.880632506265664,102.66664677456191,6.182577862464411e-06,0.6625453123424828
8.51578947368421,11.428571428571429,30,1.2,0.7494558145363408,1.1311766917293231,1.880632506265664,105.16374456813821,5.9771796132462915e-06,0.6625453123424828
8.51578947368421,11.428571428571429,30,1.3,0.7494558145363408,1.1311766917293231,1.880632506265664,107.49465184921638,5.797396219833075e-06,0.6625453123424828
8.51578947368421,11.428571428571429,30,1.4,0.7494558145363408,1.1311766917293231,1.880632506265664,109.68224258275194,5.638234908127146e-06,0.6625453123424828
8.51578947368421,11.428571428571429,30,1.5,0.7494558145363408,1.1311766917293231,1.880632506265664,111.74486049387446,5.4959687859714826e-06,0.6625453123424828
8.51578947368421,11.428571428571429,40,1.1,0.7494558145363408,1.1311766917293231,1.880632506265664,102.66664677456191,7.169159749429853e-06,0.6625453123424828
8.51578947368421,11.428571428571429,40,1.2,0.7494558145363408,1.1311766917293231,1.880632506265664,105.16374456813821,6.894435006234992e-06,0.6625453123424828
8.51578947368421,11.428571428571429,40,1.3,0.7494558145363408,1.1311766917293231,1.880632506265664,107.49465184921638,6.656337789423583e-06,0.6625453123424828
8.51578947368421,11.428571428571429,40,1.4,0.7494558145363408,1.1311766917293231,1.880632506265664,109.68224258275194,6.447370019046029e-06,0.6625453123424828
8.51578947368421,11.428571428571429,40,1.5,0.7494558145363408,1.1311766917293231,1.880632506265664,111.74486049387446,6.262012339215373e-06,0.6625453123424828
8.51578947368421,14.285714285714286,20,1.1,0.7218541102756892,1.1361721804511278,1.858026290726817,102.66664677456191,5.3693573561960006e-06,0.635338659664304
8.51578947368421,14.285714285714286,20,1.2,0.7218541102756892,1.1361721804511278,1.858026290726817,105.16374456813821,5.211921695339728e-06,0.635338659664304
8.51578947368421,14.285714285714286,20,1.3,0.7218541102756892,1.1361721804511278,1.858026290726817,107.49465184921638,5.073073137498583e-06,0.635338659664304
8.51578947368421,14.285714285714286,20,1.4,0.7218541102756892,1.1361721804511278,1.858026290726817,109.68224258275194,4.949327260204092e-06,0.635338659664304
8.51578947368421,14.285714285714286,20,1.5,0.7218541102756892,1.1361721804511278,1.858026290726817,111.74486049387446,4.838055947566525e-06,0.635338659664304
8.51578947368421,14.285714285714286,30,1.1,0.7218541102756892,1.1361721804511278,1.858026290726817,102.66664677456191,6.108259946933905e-06,0.635338659664304
8.51578947368421,14.285714285714286,30,1.2,0.7218541102756892,1.1361721804511278,1.858026290726817,105.16374456813821,5.9053306952884944e-06,0.635338659664304
8.51578947368421,14.285714285714286,30,1.3,0.7218541102756892,1.1361721804511278,1.858026290726817,107.49465184921638,5.727708395086347e-06,0.635338659664304
8.51578947368421,14.285714285714286,30,1.4,0.7218541102756892,1.1361721804511278,1.858026290726817,109.68224258275194,5.570460288063354e-06,0.635338659664304
8.51578947368421,14.285714285714286,30,1.5,0.7218541102756892,1.1361721804511278,1.858026290726817,111.74486049387446,5.429904281313338e-06,0.635338659664304
8.51578947368421,14.285714285714286,40,1.1,0.7218541102756892,1.1361721804511278,1.858026290726817,102.66664677456191,7.082982588294926e-06,0.635338659664304
8.51578947368421,14.285714285714286,40,1.2,0.7218541102756892,1.1361721804511278,1.858026290726817,105.16374456813821,6.811560184466117e-06,0.635338659664304
8.51578947368421,14.285714285714286,40,1.3,0.7218541102756892,1.1361721804511278,1.858026290726817,107.49465184921638,6.5763250244278975e-06,0.635338659664304
8.51578947368421,14.285714285714286,40,1.4,0.7218541102756892,1.1361721804511278,1.858026290726817,109.68224258275194,6.369869159189752e-06,0.635338659664304
8.51578947368421,14.285714285714286,40,1.5,0.7218541102756892,1.1361721804511278,1.858026290726817,111.74486049387446,6.1867395784949304e-06,0.635338659664304
8.51578947368421,17.142857142857142,20,1.1,0.6942524060150376,1.1411676691729322,1.8354200751879697,102.66664677456191,5.304029513255856e-06,0.6083702025296607
8.51578947368421,17.142857142857142,20,1.2,0.6942524060150376,1.1411676691729322,1.8354200751879697,105.16374456813821,5.1485093390106066e-06,0.6083702025296607
8.51578947368421,17.142857142857142,20,1.3,0.6942524060150376,1.1411676691729322,1.8354200751879697,107.49465184921638,5.011350122402942e-06,0.6083702025296607
8.51578947368421,17.142857142857142,20,1.4,0.6942524060150376,1.1411676691729322,1.8354200751879697,109.68224258275194,4.8891098352005415e-06,0.6083702025296607
8.51578947368421,17.142857142857142,20,1.5,0.6942524060150376,1.1411676691729322,1.8354200751879697,111.74486049387446,4.779192337247584e-06,0.6083702025296607
8.51578947368421,17.142857142857142,30,1.1,0.6942524060150376,1.1411676691729322,1.8354200751879697,102.66664677456191,6.033942031403399e-06,0.6083702025296607
8.51578947368421,17.142857142857142,30,1.2,0.6942524060150376,1.1411676691729322,1.8354200751879697,105.16374456813821,5.8334817773306965e-06,0.6083702025296607
8.51578947368421,17.142857142857142,30,1.3,0.6942524060150376,1.1411676691729322,1.8354200751879697,107.49465184921638,5.658020570339617e-06,0.6083702025296607
8.51578947368421,17.142857142857142,30,1.4,0.6942524060150376,1.1411676691729322,1.8354200751879697,109.68224258275194,5.50268566799956e-06,0.6083702025296607
8.51578947368421,17.142857142857142,30,1.5,0.6942524060150376,1.1411676691729322,1.8354200751879697,111.74486049387446,5.363839776655192e-06,0.6083702025296607
8.51578947368421,17.142857142857142,40,1.1,0.6942524060150376,1.1411676691729322,1.8354200751879697,102.66664677456191,6.996805427159998e-06,0.6083702025296607
8.51578947368421,17.142857142857142,40,1.2,0.6942524060150376,1.1411676691729322,1.8354200751879697,105.16374456813821,6.728685362697241e-06,0.6083702025296607
8.51578947368421,17.142857142857142,40,1.3,0.6942524060150376,1.1411676691729322,1.8354200751879697,107.49465184921638,6.496312259432211e-06,0.6083702025296607
8.51578947368421,17.142857142857142,40,1.4,0.6942524060150376,1.1411676691729322,1.8354200751879697,109.68224258275194,6.292368299333473e-06,0.6083702025296607
8.51578947368421,17.142857142857142,40,1.5,0.6942524060150376,1.1411676691729322,1.8354200751879697,111.74486049387446,6.111466817774486e-06,0.6083702025296607
8.51578947368421,20.0,20,1.1,0.6666507017543859,1.1461631578947369,1.8128138596491228,102.66664677456191,5.238701670315711e-06,0.5816368264522518
8.51578947368421,20.0,20,1.2,0.6666507017543859,1.1461631578947369,1.8128138596491228,105.16374456813821,5.085096982681486e-06,0.5816368264522518
8.51578947368421,20.0,20,1.3,0.6666507017543859,1.1461631578947369,1.8128138596491228,107.49465184921638,4.949627107307302e-06,0.5816368264522518
8.51578947368421,20.0,20,1.4,0.6666507017543859,1.1461631578947369,1.8128138596491228,109.68224258275194,4.828892410196993e-06,0.5816368264522518
8.51578947368421,20.0,20,1.5,0.6666507017543859,1.1461631578947369,1.8128138596491228,111.74486049387446,4.7203287269286435e-06,0.5816368264522518
8.51578947368421,20.0,30,1.1,0.6666507017543859,1.1461631578947369,1.8128138596491228,102.66664677456191,5.959624115872894e-06,0.5816368264522518
8.51578947368421,20.0,30,1.2,0.6666507017543859,1.1461631578947369,1.8128138596491228,105.16374456813821,5.7616328593729e-06,0.5816368264522518
8.51578947368421,20.0,30,1.3,0.6666507017543859,1.1461631578947369,1.8128138596491228,107.49465184921638,5.588332745592888e-06,0.5816368264522518
8.51578947368421,20.0,30,1.4,0.6666507017543859,1.1461631578947369,1.8128138596491228,109.68224258275194,5.4349110479357675e-06,0.5816368264522518
8.51578947368421,20.0,30,1.5,0.6666507017543859,1.1461631578947369,1.8128138596491228,111.74486049387446,5.297775271997048e-06,0.5816368264522518
8.51578947368421,20.0,40,1.1,0.6666507017543859,1.1461631578947369,1.8128138596491228,102.66664677456191,6.910628266025071e-06,0.5816368264522518
8.51578947368421,20.0,40,1.2,0.6666507017543859,1.1461631578947369,1.8128138596491228,105.16374456813821,6.6458105409283656e-06,0.5816368264522518
8.51578947368421,20.0,40,1.3,0.6666507017543859,1.1461631578947369,1.8128138596491228,107.49465184921638,6.416299494436525e-06,0.5816368264522518
8.51578947368421,20.0,40,1.4,0.6666507017543859,1.1461631578947369,1.8128138596491228,109.68224258275194,6.214867439477196e-06,0.5816368264522518
8.51578947368421,20.0,40,1.5,0.6666507017543859,1.1461631578947369,1.8128138596491228,111.74486049387446,6.036194057054044e-06,0.5816368264522518
8.51578947368421,22.857142857142858,20,1.1,0.639214260651629,1.151150626566416,1.790364887218045,102.66664677456191,5.173828231299573e-06,0.5552829020805379
8.51578947368421,22.857142857142858,20,1.2,0.639214260651629,1.151150626566416,1.790364887218045,105.16374456813821,5.022125706636814e-06,0.5552829020805379
8.51578947368421,22.857142857142858,20,1.3,0.639214260651629,1.151150626566416,1.790364887218045,107.49465184921638,4.888333421866502e-06,0.5552829020805379
8.51578947368421,22.857142857142858,20,1.4,0.639214260651629,1.151150626566416,1.790364887218045,109.68224258275194,4.76909384234506e-06,0.5552829020805379
8.51578947368421,22.857142857142858,20,1.5,0.639214260651629,1.151150626566416,1.790364887218045,111.74486049387446,4.6618745569693765e-06,0.5552829020805379
8.51578947368421,22.857142857142858,30,1.1,0.639214260651629,1.151150626566416,1.790364887218045,102.66664677456191,5.8858231369336045e-06,0.5552829020805379
8.51578947368421,22.857142857142858,30,1.2,0.639214260651629,1.151150626566416,1.790364887218045,105.16374456813821,5.690283704284749e-06,0.5552829020805379
8.51578947368421,22.857142857142858,30,1.3,0.639214260651629,1.151150626566416,1.790364887218045,107.49465184921638,5.519129651698965e-06,0.5552829020805379
8.51578947368421,22.857142857142858,30,1.4,0.639214260651629,1.151150626566416,1.790364887218045,109.68224258275194,5.367607850957737e-06,0.5552829020805379
8.51578947368421,22.857142857142858,30,1.5,0.639214260651629,1.151150626566416,1.790364887218045,111.74486049387446,5.232170295295178e-06,0.5552829020805379
8.51578947368421,22.857142857142858,40,1.1,0.639214260651629,1.151150626566416,1.790364887218045,102.66664677456191,6.825050531389122e-06,0.5552829020805379
8.51578947368421,22.857142857142858,40,1.2,0.639214260651629,1.151150626566416,1.790364887218045,105.16374456813821,6.56351217542252e-06,0.5552829020805379
8.51578947368421,22.857142857142858,40,1.3,0.639214260651629,1.151150626566416,1.790364887218045,107.49465184921638,6.3368432779620865e-06,0.5552829020805379
8.51578947368421,22.857142857142858,40,1.4,0.639214260651629,1.151150626566416,1.790364887218045,109.68224258275194,6.137905655966434e-06,0.5552829020805379
8.51578947368421,22.857142857142858,40,1.5,0.639214260651629,1.151150626566416,1.790364887218045,111.74486049387446,5.9614448745860385e-06,0.5552829020805379
8.51578947368421,25.714285714285715,20,1.1,0.6117778195488721,1.156138095238095,1.7679159147869672,102.66664677456191,5.108954792283433e-06,0.5291563543046149
8.51578947368421,25.714285714285715,20,1.2,0.6117778195488721,1.156138095238095,1.7679159147869672,105.16374456813821,4.95915443059214e-06,0.5291563543046149
8.51578947368421,25.714285714285715,20,1.3,0.6117778195488721,1.156138095238095,1.7679159147869672,107.49465184921638,4.827039736425701e-06,0.5291563543046149
8.51578947368421,25.714285714285715,20,1.4,0.6117778195488721,1.156138095238095,1.7679159147869672,109.68224258275194,4.709295274493126e-06,0.5291563543046149
8.51578947368421,25.714285714285715,20,1.5,0.6117778195488721,1.156138095238095,1.7679159147869672,111.74486049387446,4.603420387010109e-06,0.5291563543046149
8.51578947368421,25.714285714285715,30,1.1,0.6117778195488721,1.156138095238095,1.7679159147869672,102.66664677456191,5.812022157994314e-06,0.5291563543046149
8.51578947368421,25.714285714285715,30,1.2,0.6117778195488721,1.156138095238095,1.7679159147869672,105.16374456813821,5.6189345491965984e-06,0.5291563543046149
8.51578947368421,25.714285714285715,30,1.3,0.6117778195488721,1.156138095238095,1.7679159147869672,107.49465184921638,5.449926557805041e-06,0.5291563543046149
8.51578947368421,25.714285714285715,30,1.4,0.6117778195488721,1.156138095238095,1.7679159147869672,109.68224258275194,5.300304653979705e-06,0.5291563543046149
8.51578947368421,25.714285714285715,30,1.5,0.6117778195488721,1.156138095238095,1.7679159147869672,111.74486049387446,5.166565318593308e-06,0.5291563543046149
8.51578947368421,25.714285714285715,40,1.1,0.6117778195488721,1.156138095238095,1.7679159147869672,102.66664677456191,6.739472796753172e-06,0.5291563543046149
8.51578947368421,25.714285714285715,40,1.2,0.6117778195488721,1.156138095238095,1.7679159147869672,105.16374456813821,6.481213809916673e-06,0.5291563543046149
8.51578947368421,25.714285714285715,40,1.3,0.6117778195488721,1.156138095238095,1.7679159147869672,107.49465184921638,6.257387061487648e-06,0.5291563543046149
8.51578947368421,25.714285714285715,40,1.4,0.6117778195488721,1.156138095238095,1.7679159147869672,109.68224258275194,6.0609438724556705e-06,0.5291563543046149
8.51578947368421,25.714285714285715,40,1.5,0.6117778195488721,1.156138095238095,1.7679159147869672,111.74486049387446,5.886695692118032e-06,0.5291563543046149
8.51578947368421,28.571428571428573,20,1.1,0.5843413784461152,1.1611255639097742,1.7454669423558893,102.66664677456191,5.044081353267295e-06,0.5032542531218629
8.51578947368421,28.571428571428573,20,1.2,0.5843413784461152,1.1611255639097742,1.7454669423558893,105.16374456813821,4.896183154547467e-06,0.5032542531218629
8.51578947368421,28.571428571428573,20,1.3,0.5843413784461152,1.1611255639097742,1.7454669423558893,107.49465184921638,4.7657460509849e-06,0.5032542531218629
8.51578947368421,28.571428571428573,20,1.4,0.5843413784461152,1.1611255639097742,1.7454669423558893,109.68224258275194,4.649496706641193e-06,0.5032542531218629
8.51578947368421,28.571428571428573,20,1.5,0.5843413784461152,1.1611255639097742,1.7454669423558893,111.74486049387446,4.544966217050841e-06,0.5032542531218629
8.51578947368421,28.571428571428573,30,1.1,0.5843413784461152,1.1611255639097742,1.7454669423558893,102.66664677456191,5.738221179055025e-06,0.5032542531218629
8.51578947368421,28.571428571428573,30,1.2,0.5843413784461152,1.1611255639097742,1.7454669423558893,105.16374456813821,5.5475853941084475e-06,0.5032542531218629
8.51578947368421,28.571428571428573,30,1.3,0.5843413784461152,1.1611255639097742,1.7454669423558893,107.49465184921638,5.380723463911118e-06,0.5032542531218629
8.51578947368421,28.571428571428573,30,1.4,0.5843413784461152,1.1611255639097742,1.7454669423558893,109.68224258275194,5.233001457001673e-06,0.5032542531218629
8.51578947368421,28.571428571428573,30,1.5,0.5843413784461152,1.1611255639097742,1.7454669423558893,111.74486049387446,5.100960341891438e-06,0.5032542531218629
8.51578947368421,28.571428571428573,40,1.1,0.5843413784461152,1.1611255639097742,1.7454669423558893,102.66664677456191,6.653895062117223e-06,0.5032542531218629
8.51578947368421,28.571428571428573,40,1.2,0.5843413784461152,1.1611255639097742,1.7454669423558893,105.16374456813821,6.398915444410827e-06,0.5032542531218629
8.51578947368421,28.571428571428573,40,1.3,0.5843413784461152,1.1611255639097742,1.7454669423558893,107.49465184921638,6.177930845013208e-06,0.5032542531218629
8.51578947368421,28.571428571428573,40,1.4,0.5843413784461152,1.1611255639097742,1.7454669423558893,109.68224258275194,5.983982088944907e-06,0.5032542531218629
8.51578947368421,28.571428571428573,40,1.5,0.5843413784461152,1.1611255639097742,1.7454669423558893,111.74486049387446,5.811946509650027e-06,0.5032542531218629
8.51578947368421,31.42857142857143,20,1.1,0.5569628822055138,1.1660701754385963,1.72303305764411,102.66664677456191,4.979251515010202e-06,0.4776409635861086
8.51578947368421,31.42857142857143,20,1.2,0.5569628822055138,1.1660701754385963,1.72303305764411,105.16374456813821,4.833254200838026e-06,0.4776409635861086
8.51578947368421,31.42857142857143,20,1.3,0.5569628822055138,1.1660701754385963,1.72303305764411,107.49465184921638,4.704493560388253e-06,0.4776409635861086
8.51578947368421,31.42857142857143,20,1.4,0.5569628822055138,1.1660701754385963,1.72303305764411,109.68224258275194,4.589738328780537e-06,0.4776409635861086
8.51578947368421,31.42857142857143,20,1.5,0.5569628822055138,1.1660701754385963,1.72303305764411,111.74486049387446,4.486551333527105e-06,0.4776409635861086
8.51578947368421,31.42857142857143,30,1.1,0.5569628822055138,1.1660701754385963,1.72303305764411,102.66664677456191,5.66446980098088e-06,0.4776409635861086
8.51578947368421,31.42857142857143,30,1.2,0.5569628822055138,1.1660701754385963,1.72303305764411,105.16374456813821,5.476284192040305e-06,0.4776409635861086
8.51578947368421,31.42857142857143,30,1.3,0.5569628822055138,1.1660701754385963,1.72303305764411,107.49465184921638,5.311566880691946e-06,0.4776409635861086
8.51578947368421,31.42857142857143,30,1.4,0.5569628822055138,1.1660701754385963,1.72303305764411,109.68224258275194,5.165743493797572e-06,0.4776409635861086
8.51578947368421,31.42857142857143,30,1.5,0.5569628822055138,1.1660701754385963,1.72303305764411,111.74486049387446,5.035399457607432e-06,0.4776409635861086
8.51578947368421,31.42857142857143,40,1.1,0.5569628822055138,1.1660701754385963,1.72303305764411,102.66664677456191,6.568374843380602e-06,0.4776409635861086
8.51578947368421,31.42857142857143,40,1.2,0.5569628822055138,1.1660701754385963,1.72303305764411,105.16374456813821,6.316672390774657e-06,0.4776409635861086
8.51578947368421,31.42857142857143,40,1.3,0.5569628822055138,1.1660701754385963,1.72303305764411,107.49465184921638,6.098528030229843e-06,0.4776409635861086
8.51578947368421,31.42857142857143,40,1.4,0.5569628822055138,1.1660701754385963,1.72303305764411,109.68224258275194,5.907072030642943e-06,0.4776409635861086
8.51578947368421,31.42857142857143,40,1.5,0.5569628822055138,1.1660701754385963,1.72303305764411,111.74486049387446,5.737247565324828e-06,0.4776409635861086
8.51578947368421,34.285714285714285,20,1.1,0.5296423308270677,1.170971929824561,1.7006142606516288,102.66664677456191,4.9144652775121545e-06,0.45231001472974713
8.51578947368421,34.285714285714285,20,1.2,0.5296423308270677,1.170971929824561,1.7006142606516288,105.16374456813821,4.7703675694638154e-06,0.45231001472974713
8.51578947368421,34.285714285714285,20,1.3,0.5296423308270677,1.170971929824561,1.7006142606516288,107.49465184921638,4.643282264635758e-06,0.45231001472974713
8.51578947368421,34.285714285714285,20,1.4,0.5296423308270677,1.170971929824561,1.7006142606516288,109.68224258275194,4.530020140911159e-06,0.45231001472974713
8.51578947368421,34.285714285714285,20,1.5,0.5296423308270677,1.170971929824561,1.7006142606516288,111.74486049387446,4.428175736438901e-06,0.45231001472974713
8.51578947368421,34.285714285714285,30,1.1,0.5296423308270677,1.170971929824561,1.7006142606516288,102.66664677456191,5.590768023771879e-06,0.45231001472974713
8.51578947368421,34.285714285714285,30,1.2,0.5296423308270677,1.170971929824561,1.7006142606516288,105.16374456813821,5.40503094299217e-06,0.45231001472974713
8.51578947368421,34.285714285714285,30,1.3,0.5296423308270677,1.170971929824561,1.7006142606516288,107.49465184921638,5.242456808147525e-06,0.45231001472974713
8.51578947368421,34.285714285714285,30,1.4,0.5296423308270677,1.170971929824561,1.7006142606516288,109.68224258275194,5.098530764367398e-06,0.45231001472974713
8.51578947368421,34.285714285714285,30,1.5,0.5296423308270677,1.170971929824561,1.7006142606516288,111.74486049387446,4.969882665741291e-06,0.45231001472974713
8.51578947368421,34.285714285714285,40,1.1,0.5296423308270677,1.170971929824561,1.7006142606516288,102.66664677456191,6.48291214054331e-06,0.45231001472974713
8.51578947368421,34.285714285714285,40,1.2,0.5296423308270677,1.170971929824561,1.7006142606516288,105.16374456813821,6.234484649008163e-06,0.45231001472974713
8.51578947368421,34.285714285714285,40,1.3,0.5296423308270677,1.170971929824561,1.7006142606516288,107.49465184921638,6.01917861713755e-06,0.45231001472974713
8.51578947368421,34.285714285714285,40,1.4,0.5296423308270677,1.170971929824561,1.7006142606516288,109.68224258275194,5.830213697549777e-06,0.45231001472974713
8.51578947368421,34.285714285714285,40,1.5,0.5296423308270677,1.170971929824561,1.7006142606516288,111.74486049387446,5.662598859142436e-06,0.45231001472974713
8.51578947368421,37.142857142857146,20,1.1,0.5023217794486214,1.1758736842105262,1.6781954636591476,102.66664677456191,4.849679040014107e-06,0.4271902553766878
8.51578947368421,37.142857142857146,20,1.2,0.5023217794486214,1.1758736842105262,1.6781954636591476,105.16374456813821,4.7074809380896046e-06,0.4271902553766878
8.51578947368421,37.142857142857146,20,1.3,0.5023217794486214,1.1758736842105262,1.6781954636591476,107.49465184921638,4.582070968883263e-06,0.4271902553766878
8.51578947368421,37.142857142857146,20,1.4,0.5023217794486214,1.1758736842105262,1.6781954636591476,109.68224258275194,4.470301953041781e-06,0.4271902553766878
8.51578947368421,37.142857142857146,20,1.5,0.5023217794486214,1.1758736842105262,1.6781954636591476,111.74486049387446,4.369800139350696e-06,0.4271902553766878
8.51578947368421,37.142857142857146,30,1.1,0.5023217794486214,1.1758736842105262,1.6781954636591476,102.66664677456191,5.517066246562878e-06,0.4271902553766878
8.51578947368421,37.142857142857146,30,1.2,0.5023217794486214,1.1758736842105262,1.6781954636591476,105.16374456813821,5.333777693944035e-06,0.4271902553766878
8.51578947368421,37.142857142857146,30,1.3,0.5023217794486214,1.1758736842105262,1.6781954636591476,107.49465184921638,5.173346735603105e-06,0.4271902553766878
8.51578947368421,37.142857142857146,30,1.4,0.5023217794486214,1.1758736842105262,1.6781954636591476,109.68224258275194,5.031318034937225e-06,0.4271902553766878
8.51578947368421,37.142857142857146,30,1.5,0.5023217794486214,1.1758736842105262,1.6781954636591476,111.74486049387446,4.904365873875149e-06,0.4271902553766878
8.51578947368421,37.142857142857146,40,1.1,0.5023217794486214,1.1758736842105262,1.6781954636591476,102.66664677456191,6.397449437706018e-06,0.4271902553766878
8.51578947368421,37.142857142857146,40,1.2,0.5023217794486214,1.1758736842105262,1.6781954636591476,105.16374456813821,6.152296907241668e-06,0.4271902553766878
8.51578947368421,37.142857142857146,40,1.3,0.5023217794486214,1.1758736842105262,1.6781954636591476,107.49465184921638,5.939829204045257e-06,0.4271902553766878
8.51578947368421,37.142857142857146,40,1.4,0.5023217794486214,1.1758736842105262,1.6781954636591476,109.68224258275194,5.75335536445661e-06,0.4271902553766878
8.51578947368421,37.142857142857146,40,1.5,0.5023217794486214,1.1758736842105262,1.6781954636591476,111.74486049387446,5.587950152960043e-06,0.4271902553766878
8.51578947368421,40.0,20,1.1,0.4750012280701754,1.180775438596491,1.6557766666666665,102.66664677456191,4.7848928025160595e-06,0.4022790553932742
8.51578947368421,40.0,20,1.2,0.4750012280701754,1.180775438596491,1.6557766666666665,105.16374456813821,4.644594306715394e-06,0.4022790553932742
8.51578947368421,40.0,20,1.3,0.4750012280701754,1.180775438596491,1.6557766666666665,107.49465184921638,4.520859673130768e-06,0.4022790553932742
8.51578947368421,40.0,20,1.4,0.4750012280701754,1.180775438596491,1.6557766666666665,109.68224258275194,4.410583765172402e-06,0.4022790553932742
8.51578947368421,40.0,20,1.5,0.4750012280701754,1.180775438596491,1.6557766666666665,111.74486049387446,4.3114245422624915e-06,0.4022790553932742
8.51578947368421,40.0,30,1.1,0.4750012280701754,1.180775438596491,1.6557766666666665,102.66664677456191,5.443364469353876e-06,0.4022790553932742
8.51578947368421,40.0,30,1.2,0.4750012280701754,1.180775438596491,1.6557766666666665,105.16374456813821,5.2625244448959e-06,0.4022790553932742
8.51578947368421,40.0,30,1.3,0.4750012280701754,1.180775438596491,1.6557766666666665,107.49465184921638,5.104236663058684e-06,0.4022790553932742
8.51578947368421,40.0,30,1.4,0.4750012280701754,1.180775438596491,1.6557766666666665,109.68224258275194,4.9641053055070506e-06,0.4022790553932742
8.51578947368421,40.0,30,1.5,0.4750012280701754,1.180775438596491,1.6557766666666665,111.74486049387446,4.8388490820090075e-06,0.4022790553932742
8.51578947368421,40.0,40,1.1,0.4750012280701754,1.180775438596491,1.6557766666666665,102.66664677456191,6.311986734868725e-06,0.4022790553932742
8.51578947368421,40.0,40,1.2,0.4750012280701754,1.180775438596491,1.6557766666666665,105.16374456813821,6.0701091654751734e-06,0.4022790553932742
8.51578947368421,40.0,40,1.3,0.4750012280701754,1.180775438596491,1.6557766666666665,107.49465184921638,5.860479790952964e-06,0.4022790553932742
8.51578947368421,40.0,40,1.4,0.4750012280701754,1.180775438596491,1.6557766666666665,109.68224258275194,5.676497031363444e-06,0.4022790553932742
8.51578947368421,40.0,40,1.5,0.4750012280701754,1.180775438596491,1.6557766666666665,111.74486049387446,5.513301446777651e-06,0.4022790553932742
8.6,0.0,20,1.1,0.86249,1.1352,1.99769,102.66664677456191,5.772960022381224e-06,0.7597692036645525
8.6,0.0,20,1.2,0.86249,1.1352,1.99769,105.16374456813821,5.6036902725904714e-06,0.7597692036645525
8.6,0.0,20,1.3,0.86249,1.1352,1.99769,107.49465184921638,5.454404777063295e-06,0.7597692036645525
8.6,0.0,20,1.4,0.86249,1.1352,1.99769,109.68224258275194,5.321357197033772e-06,0.7597692036645525
8.6,0.0,20,1.5,0.86249,1.1352,1.99769,111.74486049387446,5.20172186697825e-06,0.7597692036645525
8.6,0.0,30,1.1,0.86249,1.1352,1.99769,102.66664677456191,6.567404279633251e-06,0.7597692036645525
8.6,0.0,30,1.2,0.86249,1.1352,1.99769,105.16374456813821,6.3492212868829485e-06,0.7597692036645525
8.6,0.0,30,1.3,0.86249,1.1352,1.99769,107.49465184921638,6.158247512904742e-06,0.7597692036645525
8.6,0.0,30,1.4,0.86249,1.1352,1.99769,109.68224258275194,5.989179414952328e-06,0.7597692036645525
8.6,0.0,30,1.5,0.86249,1.1352,1.99769,111.74486049387446,5.838058125374341e-06,0.7597692036645525
8.6,0.0,40,1.1,0.86249,1.1352,1.99769,102.66664677456191,7.615394656916233e-06,0.7597692036645525
8.6,0.0,40,1.2,0.86249,1.1352,1.99769,105.16374456813821,7.323570033868154e-06,0.7597692036645525
8.6,0.0,40,1.3,0.86249,1.1352,1.99769,107.49465184921638,7.070652769348219e-06,0.7597692036645525
8.6,0.0,40,1.4,0.86249,1.1352,1.99769,109.68224258275194,6.848678075294639e-06,0.7597692036645525
8.6,0.0,40,1.5,0.86249,1.1352,1.99769,111.74486049387446,6.651783050781756e-06,0.7597692036645525
8.6,2.857142857142857,20,1.1,0.8349757142857143,1.1398571428571427,1.9748328571428568,102.66664677456191,5.706907045222534e-06,0.7325266324100765
8.6,2.857142857142857,20,1.2,0.8349757142857143,1.1398571428571427,1.9748328571428568,105.16374456813821,5.539574043802329e-06,0.7325266324100765
8.6,2.857142857142857,20,1.3,0.8349757142857143,1.1398571428571427,1.9748328571428568,107.49465184921638,5.391996641071214e-06,0.7325266324100765
8.6,2.857142857142857,20,1.4,0.8349757142857143,1.1398571428571427,1.9748328571428568,109.68224258275194,5.260471363072303e-06,0.7325266324100765
8.6,2.857142857142857,20,1.5,0.8349757142857143,1.1398571428571427,1.9748328571428568,111.74486049387446,5.142204874944127e-06,0.7325266324100765
8.6,2.857142857142857,30,1.1,0.8349757142857143,1.1398571428571427,1.9748328571428568,102.66664677456191,6.492261440744239e-06,0.7325266324100765
8.6,2.857142857142857,30,1.2,0.8349757142857143,1.1398571428571427,1.9748328571428568,105.16374456813821,6.276574851256851e-06,0.7325266324100765
8.6,2.857142857142857,30,1.3,0.8349757142857143,1.1398571428571427,1.9748328571428568,107.49465184921638,6.087786158464308e-06,0.7325266324100765
8.6,2.857142857142857,30,1.4,0.8349757142857143,1.1398571428571427,1.9748328571428568,109.68224258275194,5.920652501625122e-06,0.7325266324100765
8.6,2.857142857142857,30,1.5,0.8349757142857143,1.1398571428571427,1.9748328571428568,111.74486049387446,5.771260309607136e-06,0.7325266324100765
8.6,2.857142857142857,40,1.1,0.8349757142857143,1.1398571428571427,1.9748328571428568,102.66664677456191,7.52826093567487e-06,0.7325266324100765
8.6,2.857142857142857,40,1.2,0.8349757142857143,1.1398571428571427,1.9748328571428568,105.16374456813821,7.23977530771524e-06,0.7325266324100765
8.6,2.857142857142857,40,1.3,0.8349757142857143,1.1398571428571427,1.9748328571428568,107.49465184921638,6.989751868586715e-06,0.7325266324100765
8.6,2.857142857142857,40,1.4,0.8349757142857143,1.1398571428571427,1.9748328571428568,109.68224258275194,6.770316961633564e-06,0.7325266324100765
8.6,2.857142857142857,40,1.5,0.8349757142857143,1.1398571428571427,1.9748328571428568,111.74486049387446,6.575674767991913e-06,0.7325266324100765
8.6,5.714285714285714,20,1.1,0.8074614285714286,1.1445142857142856,1.9519757142857141,102.66664677456191,5.640854068063845e-06,0.7055057666383744
8.6,5.714285714285714,20,1.2,0.8074614285714286,1.1445142857142856,1.9519757142857141,105.16374456813821,5.475457815014189e-06,0.7055057666383744
8.6,5.714285714285714,20,1.3,0.8074614285714286,1.1445142857142856,1.9519757142857141,107.49465184921638,5.329588505079135e-06,0.7055057666383744
8.6,5.714285714285714,20,1.4,0.8074614285714286,1.1445142857142856,1.9519757142857141,109.68224258275194,5.199585529110835e-06,0.7055057666383744
8.6,5.714285714285714,20,1.5,0.8074614285714286,1.1445142857142856,1.9519757142857141,111.74486049387446,5.082687882910005e-06,0.7055057666383744
8.6,5.714285714285714,30,1.1,0.8074614285714286,1.1445142857142856,1.9519757142857141,102.66664677456191,6.417118601855229e-06,0.7055057666383744
8.6,5.714285714285714,30,1.2,0.8074614285714286,1.1445142857142856,1.9519757142857141,105.16374456813821,6.203928415630756e-06,0.7055057666383744
8.6,5.714285714285714,30,1.3,0.8074614285714286,1.1445142857142856,1.9519757142857141,107.49465184921638,6.017324804023876e-06,0.7055057666383744
8.6,5.714285714285714,30,1.4,0.8074614285714286,1.1445142857142856,1.9519757142857141,109.68224258275194,5.852125588297917e-06,0.7055057666383744
8.6,5.714285714285714,30,1.5,0.8074614285714286,1.1445142857142856,1.9519757142857141,111.74486049387446,5.7044624938399335e-06,0.7055057666383744
8.6,5.714285714285714,40,1.1,0.8074614285714286,1.1445142857142856,1.9519757142857141,102.66664677456191,7.4411272144335085e-06,0.7055057666383744
8.6,5.714285714285714,40,1.2,0.8074614285714286,1.1445142857142856,1.9519757142857141,105.16374456813821,7.155980581562326e-06,0.7055057666383744
8.6,5.714285714285714,40,1.3,0.8074614285714286,1.1445142857142856,1.9519757142857141,107.49465184921638,6.908850967825214e-06,0.7055057666383744
8.6,5.714285714285714,40,1.4,0.8074614285714286,1.1445142857142856,1.9519757142857141,109.68224258275194,6.69195584797249e-06,0.7055057666383744
8.6,5.714285714285714,40,1.5,0.8074614285714286,1.1445142857142856,1.9519757142857141,111.74486049387446,6.4995664852020714e-06,0.7055057666383744
8.6,8.571428571428571,20,1.1,0.779947142857143,1.1491714285714285,1.9291185714285715,102.66664677456191,5.574801090905156e-06,0.6787039108923201
8.6,8.571428571428571,20,1.2,0.779947142857143,1.1491714285714285,1.9291185714285715,105.16374456813821,5.411341586226048e-06,0.6787039108923201
8.6,8.571428571428571,20,1.3,0.779947142857143,1.1491714285714285,1.9291185714285715,107.49465184921638,5.267180369087055e-06,0.6787039108923201
8.6,8.571428571428571,20,1.4,0.779947142857143,1.1491714285714285,1.9291185714285715,109.68224258275194,5.1386996951493665e-06,0.6787039108923201
8.6,8.571428571428571,20,1.5,0.779947142857143,1.1491714285714285,1.9291185714285715,111.74486049387446,5.023170890875883e-06,0.6787039108923201
8.6,8.571428571428571,30,1.1,0.779947142857143,1.1491714285714285,1.9291185714285715,102.66664677456191,6.341975762966218e-06,0.6787039108923201
8.6,8.571428571428571,30,1.2,0.779947142857143,1.1491714285714285,1.9291185714285715,105.16374456813821,6.131281980004661e-06,0.6787039108923201
8.6,8.571428571428571,30,1.3,0.779947142857143,1.1491714285714285,1.9291185714285715,107.49465184921638,5.9468634495834435e-06,0.6787039108923201
8.6,8.571428571428571,30,1.4,0.779947142857143,1.1491714285714285,1.9291185714285715,109.68224258275194,5.783598674970712e-06,0.6787039108923201
8.6,8.571428571428571,30,1.5,0.779947142857143,1.1491714285714285,1.9291185714285715,111.74486049387446,5.637664678072731e-06,0.6787039108923201
8.6,8.571428571428571,40,1.1,0.779947142857143,1.1491714285714285,1.9291185714285715,102.66664677456191,7.353993493192147e-06,0.6787039108923201
8.6,8.571428571428571,40,1.2,0.779947142857143,1.1491714285714285,1.9291185714285715,105.16374456813821,7.072185855409412e-06,0.6787039108923201
8.6,8.571428571428571,40,1.3,0.779947142857143,1.1491714285714285,1.9291185714285715,107.49465184921638,6.827950067063712e-06,0.6787039108923201
8.6,8.571428571428571,40,1.4,0.779947142857143,1.1491714285714285,1.9291185714285715,109.68224258275194,6.613594734311416e-06,0.6787039108923201
8.6,8.571428571428571,40,1.5,0.779947142857143,1.1491714285714285,1.9291185714285715,111.74486049387446,6.42345820241223e-06,0.6787039108923201
8.6,11.428571428571429,20,1.1,0.7523642857142857,1.1539857142857142,1.9063499999999998,102.66664677456191,5.509004069032956e-06,0.6519701902722242
8.6,11.428571428571429,20,1.2,0.7523642857142857,1.1539857142857142,1.9063499999999998,105.16374456813821,5.34747380782446e-06,0.6519701902722242
8.6,11.428571428571429,20,1.3,0.7523642857142857,1.1539857142857142,1.9063499999999998,107.49465184921638,5.205014064621944e-06,0.6519701902722242
8.6,11.428571428571429,20,1.4,0.7523642857142857,1.1539857142857142,1.9063499999999998,109.68224258275194,5.078049793794498e-06,0.6519701902722242
8.6,11.428571428571429,20,1.5,0.7523642857142857,1.1539857142857142,1.9063499999999998,111.74486049387446,4.963884527185893e-06,0.6519701902722242
8.6,11.428571428571429,30,1.1,0.7523642857142857,1.1539857142857142,1.9063499999999998,102.66664677456191,6.267124102577901e-06,0.6519701902722242
8.6,11.428571428571429,30,1.2,0.7523642857142857,1.1539857142857142,1.9063499999999998,105.16374456813821,6.058917049316614e-06,0.6519701902722242
8.6,11.428571428571429,30,1.3,0.7523642857142857,1.1539857142857142,1.9063499999999998,107.49465184921638,5.876675132891467e-06,0.6519701902722242
8.6,11.428571428571429,30,1.4,0.7523642857142857,1.1539857142857142,1.9063499999999998,109.68224258275194,5.715337303432649e-06,0.6519701902722242
8.6,11.428571428571429,30,1.5,0.7523642857142857,1.1539857142857142,1.9063499999999998,111.74486049387446,5.571125703841624e-06,0.6519701902722242
8.6,11.428571428571429,40,1.1,0.7523642857142857,1.1539857142857142,1.9063499999999998,102.66664677456191,7.267197415120594e-06,0.6519701902722242
8.6,11.428571428571429,40,1.2,0.7523642857142857,1.1539857142857142,1.9063499999999998,105.16374456813821,6.98871583382034e-06,0.6519701902722242
8.6,11.428571428571429,40,1.3,0.7523642857142857,1.1539857142857142,1.9063499999999998,107.49465184921638,6.74736265729266e-06,0.6519701902722242
8.6,11.428571428571429,40,1.4,0.7523642857142857,1.1539857142857142,1.9063499999999998,109.68224258275194,6.5355372699657776e-06,0.6519701902722242
8.6,11.428571428571429,40,1.5,0.7523642857142857,1.1539857142857142,1.9063499999999998,111.74486049387446,6.347644839218197e-06,0.6519701902722242
8.6,14.285714285714286,20,1.1,0.7247128571428572,1.158957142857143,1.8836700000000002,102.66664677456191,5.443463002447248e-06,0.6253146301477929
8.6,14.285714285714286,20,1.2,0.7247128571428572,1.158957142857143,1.8836700000000002,105.16374456813821,5.283854479809427e-06,0.6253146301477929
8.6,14.285714285714286,20,1.3,0.7247128571428572,1.158957142857143,1.8836700000000002,107.49465184921638,5.143089591683804e-06,0.6253146301477929
8.6,14.285714285714286,20,1.4,0.7247128571428572,1.158957142857143,1.8836700000000002,109.68224258275194,5.017635825046232e-06,0.6253146301477929
8.6,14.285714285714286,20,1.5,0.7247128571428572,1.158957142857143,1.8836700000000002,111.74486049387446,4.904828791840036e-06,0.6253146301477929
8.6,14.285714285714286,30,1.1,0.7247128571428572,1.158957142857143,1.8836700000000002,102.66664677456191,6.192563620690281e-06,0.6253146301477929
8.6,14.285714285714286,30,1.2,0.7247128571428572,1.158957142857143,1.8836700000000002,105.16374456813821,5.986833623566622e-06,0.6253146301477929
8.6,14.285714285714286,30,1.3,0.7247128571428572,1.158957142857143,1.8836700000000002,107.49465184921638,5.8067598539479484e-06,0.6253146301477929
8.6,14.285714285714286,30,1.4,0.7247128571428572,1.158957142857143,1.8836700000000002,109.68224258275194,5.647341473683731e-06,0.6253146301477929
8.6,14.285714285714286,30,1.5,0.7247128571428572,1.158957142857143,1.8836700000000002,111.74486049387446,5.504845571146618e-06,0.6253146301477929
8.6,14.285714285714286,40,1.1,0.7247128571428572,1.158957142857143,1.8836700000000002,102.66664677456191,7.180738980218854e-06,0.6253146301477929
8.6,14.285714285714286,40,1.2,0.7247128571428572,1.158957142857143,1.8836700000000002,105.16374456813821,6.905570516795112e-06,0.6253146301477929
8.6,14.285714285714286,40,1.3,0.7247128571428572,1.158957142857143,1.8836700000000002,107.49465184921638,6.667088738512062e-06,0.6253146301477929
8.6,14.285714285714286,40,1.4,0.7247128571428572,1.158957142857143,1.8836700000000002,109.68224258275194,6.457783454935578e-06,0.6253146301477929
8.6,14.285714285714286,40,1.5,0.7247128571428572,1.158957142857143,1.8836700000000002,111.74486049387446,6.272126395619977e-06,0.6253146301477929
8.6,17.142857142857142,20,1.1,0.6970614285714285,1.1639285714285714,1.86099,102.66664677456191,5.377921935861537e-06,0.5988867750843817
8.6,17.142857142857142,20,1.2,0.6970614285714285,1.1639285714285714,1.86099,105.16374456813821,5.220235151794394e-06,0.5988867750843817
8.6,17.142857142857142,20,1.3,0.6970614285714285,1.1639285714285714,1.86099,107.49465184921638,5.081165118745661e-06,0.5988867750843817
8.6,17.142857142857142,20,1.4,0.6970614285714285,1.1639285714285714,1.86099,109.68224258275194,4.957221856297964e-06,0.5988867750843817
8.6,17.142857142857142,20,1.5,0.6970614285714285,1.1639285714285714,1.86099,111.74486049387446,4.845773056494178e-06,0.5988867750843817
8.6,17.142857142857142,30,1.1,0.6970614285714285,1.1639285714285714,1.86099,102.66664677456191,6.118003138802659e-06,0.5988867750843817
8.6,17.142857142857142,30,1.2,0.6970614285714285,1.1639285714285714,1.86099,105.16374456813821,5.914750197816627e-06,0.5988867750843817
8.6,17.142857142857142,30,1.3,0.6970614285714285,1.1639285714285714,1.86099,107.49465184921638,5.736844575004428e-06,0.5988867750843817
8.6,17.142857142857142,30,1.4,0.6970614285714285,1.1639285714285714,1.86099,109.68224258275194,5.579345643934811e-06,0.5988867750843817
8.6,17.142857142857142,30,1.5,0.6970614285714285,1.1639285714285714,1.86099,111.74486049387446,5.438565438451609e-06,0.5988867750843817
8.6,17.142857142857142,40,1.1,0.6970614285714285,1.1639285714285714,1.86099,102.66664677456191,7.094280545317111e-06,0.5988867750843817
8.6,17.142857142857142,40,1.2,0.6970614285714285,1.1639285714285714,1.86099,105.16374456813821,6.822425199769882e-06,0.5988867750843817
8.6,17.142857142857142,40,1.3,0.6970614285714285,1.1639285714285714,1.86099,107.49465184921638,6.58681481973146e-06,0.5988867750843817
8.6,17.142857142857142,40,1.4,0.6970614285714285,1.1639285714285714,1.86099,109.68224258275194,6.380029639905376e-06,0.5988867750843817
8.6,17.142857142857142,40,1.5,0.6970614285714285,1.1639285714285714,1.86099,111.74486049387446,6.196607952021755e-06,0.5988867750843817
8.6,20.0,20,1.1,0.66941,1.1689,1.8383099999999999,102.66664677456191,5.312380869275827e-06,0.5726837197365043
8.6,20.0,20,1.2,0.66941,1.1689,1.8383099999999999,105.16374456813821,5.15661582377936e-06,0.5726837197365043
8.6,20.0,20,1.3,0.66941,1.1689,1.8383099999999999,107.49465184921638,5.01924064580752e-06,0.5726837197365043
8.6,20.0,20,1.4,0.66941,1.1689,1.8383099999999999,109.68224258275194,4.896807887549697e-06,0.5726837197365043
8.6,20.0,20,1.5,0.66941,1.1689,1.8383099999999999,111.74486049387446,4.78671732114832e-06,0.5726837197365043
8.6,20.0,30,1.1,0.66941,1.1689,1.8383099999999999,102.66664677456191,6.043442656915037e-06,0.5726837197365043
8.6,20.0,30,1.2,0.66941,1.1689,1.8383099999999999,105.16374456813821,5.842666772066634e-06,0.5726837197365043
8.6,20.0,30,1.3,0.66941,1.1689,1.8383099999999999,107.49465184921638,5.666929296060909e-06,0.5726837197365043
8.6,20.0,30,1.4,0.66941,1.1689,1.8383099999999999,109.68224258275194,5.511349814185891e-06,0.5726837197365043
8.6,20.0,30,1.5,0.66941,1.1689,1.8383099999999999,111.74486049387446,5.372285305756601e-06,0.5726837197365043
8.6,20.0,40,1.1,0.66941,1.1689,1.8383099999999999,102.66664677456191,7.00782211041537e-06,0.5726837197365043
8.6,20.0,40,1.2,0.66941,1.1689,1.8383099999999999,105.16374456813821,6.7392798827446534e-06,0.5726837197365043
8.6,20.0,40,1.3,0.66941,1.1689,1.8383099999999999,107.49465184921638,6.50654090095086e-06,0.5726837197365043
8.6,20.0,40,1.4,0.66941,1.1689,1.8383099999999999,109.68224258275194,6.302275824875175e-06,0.5726837197365043
8.6,20.0,40,1.5,0.66941,1.1689,1.8383099999999999,111.74486049387446,6.1210895084235345e-06,0.5726837197365043
8.6,22.857142857142858,20,1.1,0.6419214285714285,1.1738714285714285,1.815792857142857,102.66664677456191,5.247310430152373e-06,0.5468413430529019
8.6,22.857142857142858,20,1.2,0.6419214285714285,1.1738714285714285,1.815792857142857,105.16374456813821,5.093453323894442e-06,0.5468413430529019
8.6,22.857142857142858,20,1.3,0.6419214285714285,1.1738714285714285,1.815792857142857,107.49465184921638,4.957760830838322e-06,0.5468413430529019
8.6,22.857142857142858,20,1.4,0.6419214285714285,1.1738714285714285,1.815792857142857,109.68224258275194,4.836827730368405e-06,0.5468413430529019
8.6,22.857142857142858,20,1.5,0.6419214285714285,1.1738714285714285,1.815792857142857,111.74486049387446,4.7280856443707045e-06,0.5468413430529019
8.6,22.857142857142858,30,1.1,0.6419214285714285,1.1738714285714285,1.815792857142857,102.66664677456191,5.9694175677545e-06,0.5468413430529019
8.6,22.857142857142858,30,1.2,0.6419214285714285,1.1738714285714285,1.815792857142857,105.16374456813821,5.771100952170475e-06,0.5468413430529019
8.6,22.857142857142858,30,1.3,0.6419214285714285,1.1738714285714285,1.815792857142857,107.49465184921638,5.597516054267777e-06,0.5468413430529019
8.6,22.857142857142858,30,1.4,0.6419214285714285,1.1738714285714285,1.815792857142857,109.68224258275194,5.443842238694428e-06,0.5468413430529019
8.6,22.857142857142858,30,1.5,0.6419214285714285,1.1738714285714285,1.815792857142857,111.74486049387446,5.306481107498935e-06,0.5468413430529019
8.6,22.857142857142858,40,1.1,0.6419214285714285,1.1738714285714285,1.815792857142857,102.66664677456191,6.921984503277473e-06,0.5468413430529019
8.6,22.857142857142858,40,1.2,0.6419214285714285,1.1738714285714285,1.815792857142857,105.16374456813821,6.6567316031432635e-06,0.5468413430529019
8.6,22.857142857142858,40,1.3,0.6419214285714285,1.1738714285714285,1.815792857142857,107.49465184921638,6.426843401088185e-06,0.5468413430529019
8.6,22.857142857142858,40,1.4,0.6419214285714285,1.1738714285714285,1.815792857142857,109.68224258275194,6.225080332779808e-06,0.5468413430529019
8.6,22.857142857142858,40,1.5,0.6419214285714285,1.1738714285714285,1.815792857142857,111.74486049387446,6.046113336340191e-06,0.5468413430529019
8.6,25.714285714285715,20,1.1,0.6144328571428571,1.178842857142857,1.793275714285714,102.66664677456191,5.1822399910289194e-06,0.5212169318581176
8.6,25.714285714285715,20,1.2,0.6144328571428571,1.178842857142857,1.793275714285714,105.16374456813821,5.0302908240095246e-06,0.5212169318581176
8.6,25.714285714285715,20,1.3,0.6144328571428571,1.178842857142857,1.793275714285714,107.49465184921638,4.896281015869125e-06,0.5212169318581176
8.6,25.714285714285715,20,1.4,0.6144328571428571,1.178842857142857,1.793275714285714,109.68224258275194,4.776847573187113e-06,0.5212169318581176
8.6,25.714285714285715,20,1.5,0.6144328571428571,1.178842857142857,1.793275714285714,111.74486049387446,4.66945396759309e-06,0.5212169318581176
8.6,25.714285714285715,30,1.1,0.6144328571428571,1.178842857142857,1.793275714285714,102.66664677456191,5.895392478593963e-06,0.5212169318581176
8.6,25.714285714285715,30,1.2,0.6144328571428571,1.178842857142857,1.793275714285714,105.16374456813821,5.699535132274317e-06,0.5212169318581176
8.6,25.714285714285715,30,1.3,0.6144328571428571,1.178842857142857,1.793275714285714,107.49465184921638,5.528102812474645e-06,0.5212169318581176
8.6,25.714285714285715,30,1.4,0.6144328571428571,1.178842857142857,1.793275714285714,109.68224258275194,5.376334663202965e-06,0.5212169318581176
8.6,25.714285714285715,30,1.5,0.6144328571428571,1.178842857142857,1.793275714285714,111.74486049387446,5.240676909241268e-06,0.5212169318581176
8.6,25.714285714285715,40,1.1,0.6144328571428571,1.178842857142857,1.793275714285714,102.66664677456191,6.836146896139575e-06,0.5212169318581176
8.6,25.714285714285715,40,1.2,0.6144328571428571,1.178842857142857,1.793275714285714,105.16374456813821,6.574183323541874e-06,0.5212169318581176
8.6,25.714285714285715,40,1.3,0.6144328571428571,1.178842857142857,1.793275714285714,107.49465184921638,6.34714590122551e-06,0.5212169318581176
8.6,25.714285714285715,40,1.4,0.6144328571428571,1.178842857142857,1.793275714285714,109.68224258275194,6.1478848406844425e-06,0.5212169318581176
8.6,25.714285714285715,40,1.5,0.6144328571428571,1.178842857142857,1.793275714285714,111.74486049387446,5.971137164256847e-06,0.5212169318581176
8.6,28.571428571428573,20,1.1,0.5869442857142857,1.1838142857142857,1.7707585714285714,102.66664677456191,5.117169551905466e-06,0.4958077401136761
8.6,28.571428571428573,20,1.2,0.5869442857142857,1.1838142857142857,1.7707585714285714,105.16374456813821,4.967128324124607e-06,0.4958077401136761
8.6,28.571428571428573,20,1.3,0.5869442857142857,1.1838142857142857,1.7707585714285714,107.49465184921638,4.834801200899927e-06,0.4958077401136761
8.6,28.571428571428573,20,1.4,0.5869442857142857,1.1838142857142857,1.7707585714285714,109.68224258275194,4.716867416005822e-06,0.4958077401136761
8.6,28.571428571428573,20,1.5,0.5869442857142857,1.1838142857142857,1.7707585714285714,111.74486049387446,4.610822290815476e-06,0.4958077401136761
8.6,28.571428571428573,30,1.1,0.5869442857142857,1.1838142857142857,1.7707585714285714,102.66664677456191,5.821367389433427e-06,0.4958077401136761
8.6,28.571428571428573,30,1.2,0.5869442857142857,1.1838142857142857,1.7707585714285714,105.16374456813821,5.627969312378159e-06,0.4958077401136761
8.6,28.571428571428573,30,1.3,0.5869442857142857,1.1838142857142857,1.7707585714285714,107.49465184921638,5.458689570681514e-06,0.4958077401136761
8.6,28.571428571428573,30,1.4,0.5869442857142857,1.1838142857142857,1.7707585714285714,109.68224258275194,5.308827087711502e-06,0.4958077401136761
8.6,28.571428571428573,30,1.5,0.5869442857142857,1.1838142857142857,1.7707585714285714,111.74486049387446,5.174872710983602e-06,0.4958077401136761
8.6,28.571428571428573,40,1.1,0.5869442857142857,1.1838142857142857,1.7707585714285714,102.66664677456191,6.750309289001679e-06,0.4958077401136761
8.6,28.571428571428573,40,1.2,0.5869442857142857,1.1838142857142857,1.7707585714285714,105.16374456813821,6.491635043940485e-06,0.4958077401136761
8.6,28.571428571428573,40,1.3,0.5869442857142857,1.1838142857142857,1.7707585714285714,107.49465184921638,6.267448401362836e-06,0.4958077401136761
8.6,28.571428571428573,40,1.4,0.5869442857142857,1.1838142857142857,1.7707585714285714,109.68224258275194,6.070689348589077e-06,0.4958077401136761
8.6,28.571428571428573,40,1.5,0.5869442857142857,1.1838142857142857,1.7707585714285714,111.74486049387446,5.896160992173504e-06,0.4958077401136761
8.6,31.42857142857143,20,1.1,0.5595128571428571,1.188742857142857,1.7482557142857142,102.66664677456191,5.052140395892736e-06,0.4706761044080181
8.6,31.42857142857143,20,1.2,0.5595128571428571,1.188742857142857,1.7482557142857142,105.16374456813821,4.904005896882681e-06,0.4706761044080181
8.6,31.42857142857143,20,1.3,0.5595128571428571,1.188742857142857,1.7482557142857142,107.49465184921638,4.773360391015724e-06,0.4706761044080181
8.6,31.42857142857143,20,1.4,0.5595128571428571,1.188742857142857,1.7482557142857142,109.68224258275194,4.656925312470756e-06,0.4706761044080181
8.6,31.42857142857143,20,1.5,0.5595128571428571,1.188742857142857,1.7482557142857142,111.74486049387446,4.552227812157883e-06,0.4706761044080181
8.6,31.42857142857143,30,1.1,0.5595128571428571,1.188742857142857,1.7482557142857142,102.66664677456191,5.747389264547195e-06,0.4706761044080181
8.6,31.42857142857143,30,1.2,0.5595128571428571,1.188742857142857,1.7482557142857142,105.16374456813821,5.556448896504268e-06,0.4706761044080181
8.6,31.42857142857143,30,1.3,0.5595128571428571,1.188742857142857,1.7482557142857142,107.49465184921638,5.389320367234908e-06,0.4706761044080181
8.6,31.42857142857143,30,1.4,0.5595128571428571,1.188742857142857,1.7482557142857142,109.68224258275194,5.241362341540869e-06,0.4706761044080181
8.6,31.42857142857143,30,1.5,0.5595128571428571,1.188742857142857,1.7482557142857142,111.74486049387446,5.10911026136079e-06,0.4706761044080181
8.6,31.42857142857143,40,1.1,0.5595128571428571,1.188742857142857,1.7482557142857142,102.66664677456191,6.664526140439558e-06,0.4706761044080181
8.6,31.42857142857143,40,1.2,0.5595128571428571,1.188742857142857,1.7482557142857142,105.16374456813821,6.409139136042941e-06,0.4706761044080181
8.6,31.42857142857143,40,1.3,0.5595128571428571,1.188742857142857,1.7482557142857142,107.49465184921638,6.187801464563137e-06,0.4706761044080181
8.6,31.42857142857143,40,1.4,0.5595128571428571,1.188742857142857,1.7482557142857142,109.68224258275194,5.99354283218975e-06,0.4706761044080181
8.6,31.42857142857143,40,1.5,0.5595128571428571,1.188742857142857,1.7482557142857142,111.74486049387446,5.821232387766905e-06,0.4706761044080181
8.6,34.285714285714285,20,1.1,0.5321385714285715,1.1936285714285715,1.7257671428571428,102.66664677456191,4.987152522990731e-06,0.4458158795509491
8.6,34.285714285714285,20,1.2,0.5321385714285715,1.1936285714285715,1.7257671428571428,105.16374456813821,4.840923542283749e-06,0.4458158795509491
8.6,34.285714285714285,20,1.3,0.5321385714285715,1.1936285714285715,1.7257671428571428,107.49465184921638,4.711958586216517e-06,0.4458158795509491
8.6,34.285714285714285,20,1.4,0.5321385714285715,1.1936285714285715,1.7257671428571428,109.68224258275194,4.597021262581916e-06,0.4458158795509491
8.6,34.285714285714285,20,1.5,0.5321385714285715,1.1936285714285715,1.7257671428571428,111.74486049387446,4.49367053162031e-06,0.4458158795509491
8.6,34.285714285714285,30,1.1,0.5321385714285715,1.1936285714285715,1.7257671428571428,102.66664677456191,5.673458103935269e-06,0.4458158795509491
8.6,34.285714285714285,30,1.2,0.5321385714285715,1.1936285714285715,1.7257671428571428,105.16374456813821,5.484973884652643e-06,0.4458158795509491
8.6,34.285714285714285,30,1.3,0.5321385714285715,1.1936285714285715,1.7257671428571428,107.49465184921638,5.319995202134827e-06,0.4458158795509491
8.6,34.285714285714285,30,1.4,0.5321385714285715,1.1936285714285715,1.7257671428571428,109.68224258275194,5.173940424691064e-06,0.4458158795509491
8.6,34.285714285714285,30,1.5,0.5321385714285715,1.1936285714285715,1.7257671428571428,111.74486049387446,5.043389560372833e-06,0.4458158795509491
8.6,34.285714285714285,40,1.1,0.5321385714285715,1.1936285714285715,1.7257671428571428,102.66664677456191,6.578797450453213e-06,0.4458158795509491
8.6,34.285714285714285,40,1.2,0.5321385714285715,1.1936285714285715,1.7257671428571428,105.16374456813821,6.326695599849243e-06,0.4458158795509491
8.6,34.285714285714285,40,1.3,0.5321385714285715,1.1936285714285715,1.7257671428571428,107.49465184921638,6.108205090826414e-06,0.4458158795509491
8.6,34.285714285714285,40,1.4,0.5321385714285715,1.1936285714285715,1.7257671428571428,109.68224258275194,5.916445291486459e-06,0.4458158795509491
8.6,34.285714285714285,40,1.5,0.5321385714285715,1.1936285714285715,1.7257671428571428,111.74486049387446,5.746351351037048e-06,0.4458158795509491
8.6,37.142857142857146,20,1.1,0.5047642857142857,1.1985142857142856,1.7032785714285712,102.66664677456191,4.9221646500887245e-06,0.4211583388957757
8.6,37.142857142857146,20,1.2,0.5047642857142857,1.1985142857142856,1.7032785714285712,105.16374456813821,4.777841187684816e-06,0.4211583388957757
8.6,37.142857142857146,20,1.3,0.5047642857142857,1.1985142857142856,1.7032785714285712,107.49465184921638,4.650556781417308e-06,0.4211583388957757
8.6,37.142857142857146,20,1.4,0.5047642857142857,1.1985142857142856,1.7032785714285712,109.68224258275194,4.537117212693076e-06,0.4211583388957757
8.6,37.142857142857146,20,1.5,0.5047642857142857,1.1985142857142856,1.7032785714285712,111.74486049387446,4.435113251082737e-06,0.4211583388957757
8.6,37.142857142857146,30,1.1,0.5047642857142857,1.1985142857142856,1.7032785714285712,102.66664677456191,5.599526943323343e-06,0.4211583388957757
8.6,37.142857142857146,30,1.2,0.5047642857142857,1.1985142857142856,1.7032785714285712,105.16374456813821,5.413498872801017e-06,0.4211583388957757
8.6,37.142857142857146,30,1.3,0.5047642857142857,1.1985142857142856,1.7032785714285712,107.49465184921638,5.250670037034745e-06,0.4211583388957757
8.6,37.142857142857146,30,1.4,0.5047642857142857,1.1985142857142856,1.7032785714285712,109.68224258275194,5.10651850784126e-06,0.4211583388957757
8.6,37.142857142857146,30,1.5,0.5047642857142857,1.1985142857142856,1.7032785714285712,111.74486049387446,4.977668859384874e-06,0.4211583388957757
8.6,37.142857142857146,40,1.1,0.5047642857142857,1.1985142857142856,1.7032785714285712,102.66664677456191,6.4930687604668675e-06,0.4211583388957757
8.6,37.142857142857146,40,1.2,0.5047642857142857,1.1985142857142856,1.7032785714285712,105.16374456813821,6.244252063655544e-06,0.4211583388957757
8.6,37.142857142857146,40,1.3,0.5047642857142857,1.1985142857142856,1.7032785714285712,107.49465184921638,6.028608717089691e-06,0.4211583388957757
8.6,37.142857142857146,40,1.4,0.5047642857142857,1.1985142857142856,1.7032785714285712,109.68224258275194,5.839347750783169e-06,0.4211583388957757
8.6,37.142857142857146,40,1.5,0.5047642857142857,1.1985142857142856,1.7032785714285712,111.74486049387446,5.671470314307191e-06,0.4211583388957757
8.6,40.0,20,1.1,0.47739,1.2034,1.68079,102.66664677456191,4.85717677718672e-06,0.3967010137942496
8.6,40.0,20,1.2,0.47739,1.2034,1.68079,105.16374456813821,4.7147588330858834e-06,0.3967010137942496
8.6,40.0,20,1.3,0.47739,1.2034,1.68079,107.49465184921638,4.589154976618101e-06,0.3967010137942496
8.6,40.0,20,1.4,0.47739,1.2034,1.68079,109.68224258275194,4.477213162804236e-06,0.3967010137942496
8.6,40.0,20,1.5,0.47739,1.2034,1.68079,111.74486049387446,4.376555970545166e-06,0.3967010137942496
8.6,40.0,30,1.1,0.47739,1.2034,1.68079,102.66664677456191,5.525595782711418e-06,0.3967010137942496
8.6,40.0,30,1.2,0.47739,1.2034,1.68079,105.16374456813821,5.342023860949392e-06,0.3967010137942496
8.6,40.0,30,1.3,0.47739,1.2034,1.68079,107.49465184921638,5.181344871934666e-06,0.3967010137942496
8.6,40.0,30,1.4,0.47739,1.2034,1.68079,109.68224258275194,5.039096590991457e-06,0.3967010137942496
8.6,40.0,30,1.5,0.47739,1.2034,1.68079,111.74486049387446,4.911948158396918e-06,0.3967010137942496
8.6,40.0,40,1.1,0.47739,1.2034,1.68079,102.66664677456191,6.407340070480523e-06,0.3967010137942496
8.6,40.0,40,1.2,0.47739,1.2034,1.68079,105.16374456813821,6.1618085274618466e-06,0.3967010137942496
8.6,40.0,40,1.3,0.47739,1.2034,1.68079,107.49465184921638,5.9490123433529685e-06,0.3967010137942496
8.6,40.0,40,1.4,0.47739,1.2034,1.68079,109.68224258275194,5.762250210079881e-06,0.3967010137942496
8.6,40.0,40,1.5,0.47739,1.2034,1.68079,111.74486049387446,5.596589277577336e-06,0.3967010137942496
